section id,recording id,fixation id,start timestamp [ns],end timestamp [ns],duration [ms],fixation detected on surface,fixation x [normalized],fixation y [normalized]
65c8cc1e-fb1d-4aa2-b4f7-6973dbb5c776,d17244fd-0b3d-4607-90cb-8c7a1de3ce43,216,1785909555579036424,1785909555619036424,40,true,0.633652,0.490799
65c8cc1e-fb1d-4aa2-b4f7-6973dbb5c776,d17244fd-0b3d-4607-90cb-8c7a1de3ce43,217,1785909556009408424,1785909556224532424,215,true,0.444168,0.368799
65c8cc1e-fb1d-4aa2-b4f7-6973dbb5c776,d17244fd-0b3d-4607-90cb-8c7a1de3ce43,218,1785909556364656424,1785909556549921424,185,true,0.685429,0.397683
65c8cc1e-fb1d-4aa2-b4f7-6973dbb5c776,d17244fd-0b3d-4607-90cb-8c7a1de3ce43,221,1785909558041270424,1785909558331518424,290,true,0.525385,0.134675
65c8cc1e-fb1d-4aa2-b4f7-6973dbb5c776,d17244fd-0b3d-4607-90cb-8c7a1de3ce43,222,1785909558371520424,1785909558741890424,370,true,0.486667,0.44177
65c8cc1e-fb1d-4aa2-b4f7-6973dbb5c776,d17244fd-0b3d-4607-90cb-8c7a1de3ce43,223,1785909558782023424,1785909558922139424,140,true,0.486923,0.612077
65c8cc1e-fb1d-4aa2-b4f7-6973dbb5c776,d17244fd-0b3d-4607-90cb-8c7a1de3ce43,224,1785909558982152424,1785909559062263424,80,false,-0.044771,0.849188
65c8cc1e-fb1d-4aa2-b4f7-6973dbb5c776,d17244fd-0b3d-4607-90cb-8c7a1de3ce43,225,1785909559182396424,1785909559402510424,220,true,0.476393,0.486396
65c8cc1e-fb1d-4aa2-b4f7-6973dbb5c776,d17244fd-0b3d-4607-90cb-8c7a1de3ce43,226,1785909559432510424,1785909560038131424,605,true,0.529999,0.414373
65c8cc1e-fb1d-4aa2-b4f7-6973dbb5c776,d17244fd-0b3d-4607-90cb-8c7a1de3ce43,227,1785909560078131424,1785909560283379424,205,true,0.506022,0.649372
65c8cc1e-fb1d-4aa2-b4f7-6973dbb5c776,d17244fd-0b3d-4607-90cb-8c7a1de3ce43,228,1785909560318379424,1785909560563630424,245,true,0.537652,0.443455
65c8cc1e-fb1d-4aa2-b4f7-6973dbb5c776,d17244fd-0b3d-4607-90cb-8c7a1de3ce43,229,1785909560598627424,1785909560893880424,295,true,0.512455,0.603588
65c8cc1e-fb1d-4aa2-b4f7-6973dbb5c776,d17244fd-0b3d-4607-90cb-8c7a1de3ce43,230,1785909561254261424,1785909561524496424,270,true,0.502788,0.622279
65c8cc1e-fb1d-4aa2-b4f7-6973dbb5c776,d17244fd-0b3d-4607-90cb-8c7a1de3ce43,231,1785909561604636424,1785909561674620424,69,false,-0.166745,0.453772
65c8cc1e-fb1d-4aa2-b4f7-6973dbb5c776,d17244fd-0b3d-4607-90cb-8c7a1de3ce43,233,1785909562140119424,1785909562185116424,44,true,0.55078,0.541247
65c8cc1e-fb1d-4aa2-b4f7-6973dbb5c776,d17244fd-0b3d-4607-90cb-8c7a1de3ce43,236,1785909562880736424,1785909562930861424,50,false,1.075912,0.214124
65c8cc1e-fb1d-4aa2-b4f7-6973dbb5c776,d17244fd-0b3d-4607-90cb-8c7a1de3ce43,237,1785909563256109424,1785909563661481424,405,true,0.54276,0.420827
65c8cc1e-fb1d-4aa2-b4f7-6973dbb5c776,d17244fd-0b3d-4607-90cb-8c7a1de3ce43,238,1785909563701481424,1785909563856734424,155,true,0.432577,0.656562
65c8cc1e-fb1d-4aa2-b4f7-6973dbb5c776,d17244fd-0b3d-4607-90cb-8c7a1de3ce43,239,1785909563896729424,1785909564226977424,330,true,0.536831,0.417721
65c8cc1e-fb1d-4aa2-b4f7-6973dbb5c776,d17244fd-0b3d-4607-90cb-8c7a1de3ce43,240,1785909564257102424,1785909564877597424,620,true,0.494846,0.596758
65c8cc1e-fb1d-4aa2-b4f7-6973dbb5c776,d17244fd-0b3d-4607-90cb-8c7a1de3ce43,241,1785909564917610424,1785909565022723424,105,true,0.569548,0.353954
65c8cc1e-fb1d-4aa2-b4f7-6973dbb5c776,d17244fd-0b3d-4607-90cb-8c7a1de3ce43,242,1785909565267970424,1785909565468218424,200,true,0.557176,0.604657
65c8cc1e-fb1d-4aa2-b4f7-6973dbb5c776,d17244fd-0b3d-4607-90cb-8c7a1de3ce43,243,1785909565508218424,1785909566003724424,495,true,0.41314,0.619428
65c8cc1e-fb1d-4aa2-b4f7-6973dbb5c776,d17244fd-0b3d-4607-90cb-8c7a1de3ce43,244,1785909566048714424,1785909566479100424,430,true,0.545146,0.803185
65c8cc1e-fb1d-4aa2-b4f7-6973dbb5c776,d17244fd-0b3d-4607-90cb-8c7a1de3ce43,245,1785909566524211424,1785909566919583424,395,true,0.683121,0.633408
65c8cc1e-fb1d-4aa2-b4f7-6973dbb5c776,d17244fd-0b3d-4607-90cb-8c7a1de3ce43,246,1785909566954588424,1785909567214831424,260,true,0.546665,0.624465
65c8cc1e-fb1d-4aa2-b4f7-6973dbb5c776,d17244fd-0b3d-4607-90cb-8c7a1de3ce43,247,1785909567254831424,1785909567480079424,225,true,0.551988,0.066723
65c8cc1e-fb1d-4aa2-b4f7-6973dbb5c776,d17244fd-0b3d-4607-90cb-8c7a1de3ce43,248,1785909567545079424,1785909567750327424,205,true,0.496438,0.842223
65c8cc1e-fb1d-4aa2-b4f7-6973dbb5c776,d17244fd-0b3d-4607-90cb-8c7a1de3ce43,249,1785909568055575424,1785909568611071424,555,true,0.428193,0.579381
65c8cc1e-fb1d-4aa2-b4f7-6973dbb5c776,d17244fd-0b3d-4607-90cb-8c7a1de3ce43,250,1785909568691196424,1785909568996444424,305,true,0.546837,0.423085
65c8cc1e-fb1d-4aa2-b4f7-6973dbb5c776,d17244fd-0b3d-4607-90cb-8c7a1de3ce43,251,1785909569036443424,1785909569241692424,205,true,0.494635,0.615403
65c8cc1e-fb1d-4aa2-b4f7-6973dbb5c776,d17244fd-0b3d-4607-90cb-8c7a1de3ce43,252,1785909569286692424,1785909569466940424,180,true,0.554824,0.016725
65c8cc1e-fb1d-4aa2-b4f7-6973dbb5c776,d17244fd-0b3d-4607-90cb-8c7a1de3ce43,253,1785909569516940424,1785909569727189424,210,true,0.52314,0.474191
65c8cc1e-fb1d-4aa2-b4f7-6973dbb5c776,d17244fd-0b3d-4607-90cb-8c7a1de3ce43,254,1785909569772188424,1785909569897312424,125,true,0.614632,0.50601
65c8cc1e-fb1d-4aa2-b4f7-6973dbb5c776,d17244fd-0b3d-4607-90cb-8c7a1de3ce43,255,1785909569937312424,1785909570533487424,596,true,0.541308,0.716848
65c8cc1e-fb1d-4aa2-b4f7-6973dbb5c776,d17244fd-0b3d-4607-90cb-8c7a1de3ce43,258,1785909571589352424,1785909571634477424,45,true,0.617224,0.498358
65c8cc1e-fb1d-4aa2-b4f7-6973dbb5c776,d17244fd-0b3d-4607-90cb-8c7a1de3ce43,259,1785909571964727424,1785909572355101424,390,true,0.668434,0.304788
65c8cc1e-fb1d-4aa2-b4f7-6973dbb5c776,d17244fd-0b3d-4607-90cb-8c7a1de3ce43,260,1785909572405226424,1785909572520230424,115,false,1.134009,0.570555
65c8cc1e-fb1d-4aa2-b4f7-6973dbb5c776,d17244fd-0b3d-4607-90cb-8c7a1de3ce43,263,1785909573220975424,1785909573541225424,320,true,0.590356,0.437182
65c8cc1e-fb1d-4aa2-b4f7-6973dbb5c776,d17244fd-0b3d-4607-90cb-8c7a1de3ce43,264,1785909573586234424,1785909573591225424,4,true,0.538147,0.150558
65c8cc1e-fb1d-4aa2-b4f7-6973dbb5c776,d17244fd-0b3d-4607-90cb-8c7a1de3ce43,265,1785909574056724424,1785909574221849424,165,false,0.583813,-0.047883
65c8cc1e-fb1d-4aa2-b4f7-6973dbb5c776,d17244fd-0b3d-4607-90cb-8c7a1de3ce43,266,1785909574246849424,1785909574532099424,285,false,0.548506,-0.131131
65c8cc1e-fb1d-4aa2-b4f7-6973dbb5c776,d17244fd-0b3d-4607-90cb-8c7a1de3ce43,267,1785909574562224424,1785909575172723424,610,true,0.518584,0.079696
65c8cc1e-fb1d-4aa2-b4f7-6973dbb5c776,d17244fd-0b3d-4607-90cb-8c7a1de3ce43,270,1785909576338847424,1785909576413972424,75,true,0.617893,0.166016
65c8cc1e-fb1d-4aa2-b4f7-6973dbb5c776,d17244fd-0b3d-4607-90cb-8c7a1de3ce43,271,1785909576458972424,1785909576478972424,20,true,0.583813,0.118462
65c8cc1e-fb1d-4aa2-b4f7-6973dbb5c776,d17244fd-0b3d-4607-90cb-8c7a1de3ce43,274,1785909577549970424,1785909577645095424,95,false,0.553859,-0.146267
65c8cc1e-fb1d-4aa2-b4f7-6973dbb5c776,d17244fd-0b3d-4607-90cb-8c7a1de3ce43,275,1785909578015470424,1785909578110474424,95,false,0.419788,-0.096987
65c8cc1e-fb1d-4aa2-b4f7-6973dbb5c776,d17244fd-0b3d-4607-90cb-8c7a1de3ce43,276,1785909578806094424,1785909579121469424,315,true,0.411992,0.549229
65c8cc1e-fb1d-4aa2-b4f7-6973dbb5c776,d17244fd-0b3d-4607-90cb-8c7a1de3ce43,277,1785909579186477424,1785909579301593424,115,true,0.374509,0.40969
65c8cc1e-fb1d-4aa2-b4f7-6973dbb5c776,d17244fd-0b3d-4607-90cb-8c7a1de3ce43,278,1785909579336593424,1785909579686982424,350,true,0.476082,0.564619
65c8cc1e-fb1d-4aa2-b4f7-6973dbb5c776,d17244fd-0b3d-4607-90cb-8c7a1de3ce43,279,1785909579711968424,1785909579937218424,225,true,0.50082,0.450484
65c8cc1e-fb1d-4aa2-b4f7-6973dbb5c776,d17244fd-0b3d-4607-90cb-8c7a1de3ce43,280,1785909579982218424,1785909580277592424,295,true,0.694033,0.589633
65c8cc1e-fb1d-4aa2-b4f7-6973dbb5c776,d17244fd-0b3d-4607-90cb-8c7a1de3ce43,281,1785909580332592424,1785909580547842424,215,true,0.536813,0.210821
65c8cc1e-fb1d-4aa2-b4f7-6973dbb5c776,d17244fd-0b3d-4607-90cb-8c7a1de3ce43,282,1785909580587842424,1785909581103341424,515,true,0.562985,0.42454
65c8cc1e-fb1d-4aa2-b4f7-6973dbb5c776,d17244fd-0b3d-4607-90cb-8c7a1de3ce43,283,1785909581143341424,1785909581393598424,250,true,0.692535,0.513592
65c8cc1e-fb1d-4aa2-b4f7-6973dbb5c776,d17244fd-0b3d-4607-90cb-8c7a1de3ce43,284,1785909581413591424,1785909581598716424,185,true,0.72275,0.544975
65c8cc1e-fb1d-4aa2-b4f7-6973dbb5c776,d17244fd-0b3d-4607-90cb-8c7a1de3ce43,285,1785909581643841424,1785909582184340424,540,true,0.583005,0.406959
65c8cc1e-fb1d-4aa2-b4f7-6973dbb5c776,d17244fd-0b3d-4607-90cb-8c7a1de3ce43,286,1785909582214340424,1785909582379465424,165,true,0.643864,0.44264
65c8cc1e-fb1d-4aa2-b4f7-6973dbb5c776,d17244fd-0b3d-4607-90cb-8c7a1de3ce43,287,1785909582414469424,1785909582654714424,240,true,0.561609,0.676062
65c8cc1e-fb1d-4aa2-b4f7-6973dbb5c776,d17244fd-0b3d-4607-90cb-8c7a1de3ce43,288,1785909582980089424,1785909583180214424,200,true,0.670711,0.313388
65c8cc1e-fb1d-4aa2-b4f7-6973dbb5c776,d17244fd-0b3d-4607-90cb-8c7a1de3ce43,289,1785909583205214424,1785909583365463424,160,true,0.705995,0.276722
65c8cc1e-fb1d-4aa2-b4f7-6973dbb5c776,d17244fd-0b3d-4607-90cb-8c7a1de3ce43,290,1785909583410463424,1785909583720713424,310,true,0.472495,0.313088
65c8cc1e-fb1d-4aa2-b4f7-6973dbb5c776,d17244fd-0b3d-4607-90cb-8c7a1de3ce43,291,1785909583760838424,1785909584121087424,360,true,0.653312,0.307548
65c8cc1e-fb1d-4aa2-b4f7-6973dbb5c776,d17244fd-0b3d-4607-90cb-8c7a1de3ce43,292,1785909584146087424,1785909584421462424,275,true,0.64737,0.416111
65c8cc1e-fb1d-4aa2-b4f7-6973dbb5c776,d17244fd-0b3d-4607-90cb-8c7a1de3ce43,293,1785909584451462424,1785909584876837424,425,true,0.667707,0.290026
65c8cc1e-fb1d-4aa2-b4f7-6973dbb5c776,d17244fd-0b3d-4607-90cb-8c7a1de3ce43,294,1785909585097091424,1785909585547467424,450,true,0.647734,0.284086
65c8cc1e-fb1d-4aa2-b4f7-6973dbb5c776,d17244fd-0b3d-4607-90cb-8c7a1de3ce43,295,1785909585577461424,1785909586097960424,520,true,0.713987,0.279383
65c8cc1e-fb1d-4aa2-b4f7-6973dbb5c776,d17244fd-0b3d-4607-90cb-8c7a1de3ce43,296,1785909586142960424,1785909586378215424,235,true,0.541903,0.281086
65c8cc1e-fb1d-4aa2-b4f7-6973dbb5c776,d17244fd-0b3d-4607-90cb-8c7a1de3ce43,297,1785909586413211424,1785909586983834424,570,true,0.640451,0.325255
65c8cc1e-fb1d-4aa2-b4f7-6973dbb5c776,d17244fd-0b3d-4607-90cb-8c7a1de3ce43,298,1785909587023834424,1785909587234083424,210,true,0.523723,0.296856
65c8cc1e-fb1d-4aa2-b4f7-6973dbb5c776,d17244fd-0b3d-4607-90cb-8c7a1de3ce43,299,1785909587469208424,1785909587589334424,120,true,0.603384,0.232335
65c8cc1e-fb1d-4aa2-b4f7-6973dbb5c776,d17244fd-0b3d-4607-90cb-8c7a1de3ce43,300,1785909587629458424,1785909588184957424,555,true,0.545183,0.025622
65c8cc1e-fb1d-4aa2-b4f7-6973dbb5c776,d17244fd-0b3d-4607-90cb-8c7a1de3ce43,301,1785909588229957424,1785909588440207424,210,true,0.535873,0.43138
65c8cc1e-fb1d-4aa2-b4f7-6973dbb5c776,d17244fd-0b3d-4607-90cb-8c7a1de3ce43,302,1785909588475207424,1785909588575332424,100,true,0.42906,0.558719
65c8cc1e-fb1d-4aa2-b4f7-6973dbb5c776,d17244fd-0b3d-4607-90cb-8c7a1de3ce43,303,1785909588630332424,1785909588840581424,210,true,0.559829,0.063406
65c8cc1e-fb1d-4aa2-b4f7-6973dbb5c776,d17244fd-0b3d-4607-90cb-8c7a1de3ce43,304,1785909588900581424,1785909589320956424,420,true,0.557161,0.431209
65c8cc1e-fb1d-4aa2-b4f7-6973dbb5c776,d17244fd-0b3d-4607-90cb-8c7a1de3ce43,305,1785909589360963424,1785909589506205424,145,true,0.409999,0.5414
65c8cc1e-fb1d-4aa2-b4f7-6973dbb5c776,d17244fd-0b3d-4607-90cb-8c7a1de3ce43,306,1785909589551205424,1785909589706330424,155,true,0.648207,0.55292
65c8cc1e-fb1d-4aa2-b4f7-6973dbb5c776,d17244fd-0b3d-4607-90cb-8c7a1de3ce43,307,1785909589746330424,1785909589916580424,170,true,0.549523,0.428213
65c8cc1e-fb1d-4aa2-b4f7-6973dbb5c776,d17244fd-0b3d-4607-90cb-8c7a1de3ce43,308,1785909589946580424,1785909590246830424,300,true,0.551234,0.552892
65c8cc1e-fb1d-4aa2-b4f7-6973dbb5c776,d17244fd-0b3d-4607-90cb-8c7a1de3ce43,309,1785909590276838424,1785909590937454424,660,true,0.564988,0.378291
65c8cc1e-fb1d-4aa2-b4f7-6973dbb5c776,d17244fd-0b3d-4607-90cb-8c7a1de3ce43,310,1785909590982579424,1785909591267828424,285,true,0.69058,0.561767
65c8cc1e-fb1d-4aa2-b4f7-6973dbb5c776,d17244fd-0b3d-4607-90cb-8c7a1de3ce43,311,1785909591477953424,1785909591658203424,180,true,0.60479,0.597624
65c8cc1e-fb1d-4aa2-b4f7-6973dbb5c776,d17244fd-0b3d-4607-90cb-8c7a1de3ce43,312,1785909591703210424,1785909591873327424,170,true,0.572525,0.291938
65c8cc1e-fb1d-4aa2-b4f7-6973dbb5c776,d17244fd-0b3d-4607-90cb-8c7a1de3ce43,313,1785909591913455424,1785909592273702424,360,true,0.585163,0.56878
65c8cc1e-fb1d-4aa2-b4f7-6973dbb5c776,d17244fd-0b3d-4607-90cb-8c7a1de3ce43,314,1785909592313827424,1785909592438952424,125,true,0.569775,0.285114
65c8cc1e-fb1d-4aa2-b4f7-6973dbb5c776,d17244fd-0b3d-4607-90cb-8c7a1de3ce43,315,1785909592473952424,1785909592624076424,150,true,0.571719,0.030692
65c8cc1e-fb1d-4aa2-b4f7-6973dbb5c776,d17244fd-0b3d-4607-90cb-8c7a1de3ce43,316,1785909592684076424,1785909592984451424,300,true,0.568536,0.459154
65c8cc1e-fb1d-4aa2-b4f7-6973dbb5c776,d17244fd-0b3d-4607-90cb-8c7a1de3ce43,317,1785909593024451424,1785909593139576424,115,true,0.692912,0.49018
65c8cc1e-fb1d-4aa2-b4f7-6973dbb5c776,d17244fd-0b3d-4607-90cb-8c7a1de3ce43,318,1785909593179575424,1785909593314700424,135,true,0.574023,0.403796
65c8cc1e-fb1d-4aa2-b4f7-6973dbb5c776,d17244fd-0b3d-4607-90cb-8c7a1de3ce43,319,1785909593344700424,1785909593484825424,140,true,0.637847,0.375847
65c8cc1e-fb1d-4aa2-b4f7-6973dbb5c776,d17244fd-0b3d-4607-90cb-8c7a1de3ce43,320,1785909593509950424,1785909593665081424,155,true,0.611913,0.434821
65c8cc1e-fb1d-4aa2-b4f7-6973dbb5c776,d17244fd-0b3d-4607-90cb-8c7a1de3ce43,321,1785909593700091424,1785909593890207424,190,true,0.559931,0.621599
65c8cc1e-fb1d-4aa2-b4f7-6973dbb5c776,d17244fd-0b3d-4607-90cb-8c7a1de3ce43,322,1785909593940335424,1785909594370699424,430,true,0.637839,0.281686
65c8cc1e-fb1d-4aa2-b4f7-6973dbb5c776,d17244fd-0b3d-4607-90cb-8c7a1de3ce43,323,1785909594545824424,1785909594976323424,430,true,0.681951,0.259057
65c8cc1e-fb1d-4aa2-b4f7-6973dbb5c776,d17244fd-0b3d-4607-90cb-8c7a1de3ce43,324,1785909595011323424,1785909595211453424,200,true,0.614068,0.284953
65c8cc1e-fb1d-4aa2-b4f7-6973dbb5c776,d17244fd-0b3d-4607-90cb-8c7a1de3ce43,325,1785909595246580424,1785909595486699424,240,true,0.629417,0.412957
65c8cc1e-fb1d-4aa2-b4f7-6973dbb5c776,d17244fd-0b3d-4607-90cb-8c7a1de3ce43,326,1785909595521822424,1785909595606822424,85,true,0.674645,0.253712
65c8cc1e-fb1d-4aa2-b4f7-6973dbb5c776,d17244fd-0b3d-4607-90cb-8c7a1de3ce43,327,1785909595656947424,1785909595902197424,245,true,0.468545,0.300116
65c8cc1e-fb1d-4aa2-b4f7-6973dbb5c776,d17244fd-0b3d-4607-90cb-8c7a1de3ce43,328,1785909595952197424,1785909596162321424,210,true,0.668046,0.263804
65c8cc1e-fb1d-4aa2-b4f7-6973dbb5c776,d17244fd-0b3d-4607-90cb-8c7a1de3ce43,329,1785909596322571424,1785909596402581424,80,true,0.654685,0.232131
65c8cc1e-fb1d-4aa2-b4f7-6973dbb5c776,d17244fd-0b3d-4607-90cb-8c7a1de3ce43,330,1785909596442696424,1785909596903081424,460,true,0.464678,0.273892
65c8cc1e-fb1d-4aa2-b4f7-6973dbb5c776,d17244fd-0b3d-4607-90cb-8c7a1de3ce43,331,1785909597093208424,1785909597448570424,355,true,0.748487,0.078576
65c8cc1e-fb1d-4aa2-b4f7-6973dbb5c776,d17244fd-0b3d-4607-90cb-8c7a1de3ce43,332,1785909597498570424,1785909597703819424,205,true,0.54667,0.208763
65c8cc1e-fb1d-4aa2-b4f7-6973dbb5c776,d17244fd-0b3d-4607-90cb-8c7a1de3ce43,333,1785909597738819424,1785909598164197424,425,true,0.640129,0.211302
65c8cc1e-fb1d-4aa2-b4f7-6973dbb5c776,d17244fd-0b3d-4607-90cb-8c7a1de3ce43,334,1785909598199324424,1785909598564568424,365,true,0.521483,0.083244
65c8cc1e-fb1d-4aa2-b4f7-6973dbb5c776,d17244fd-0b3d-4607-90cb-8c7a1de3ce43,335,1785909598729818424,1785909598899944424,170,true,0.54817,0.438866
65c8cc1e-fb1d-4aa2-b4f7-6973dbb5c776,d17244fd-0b3d-4607-90cb-8c7a1de3ce43,336,1785909598939945424,1785909599130192424,190,true,0.357127,0.582576
65c8cc1e-fb1d-4aa2-b4f7-6973dbb5c776,d17244fd-0b3d-4607-90cb-8c7a1de3ce43,337,1785909599175192424,1785909599770691424,595,true,0.513654,0.632042
65c8cc1e-fb1d-4aa2-b4f7-6973dbb5c776,d17244fd-0b3d-4607-90cb-8c7a1de3ce43,338,1785909599810816424,1785909600321316424,510,true,0.372375,0.559306
65c8cc1e-fb1d-4aa2-b4f7-6973dbb5c776,d17244fd-0b3d-4607-90cb-8c7a1de3ce43,339,1785909600361315424,1785909600631565424,270,true,0.556878,0.613931
65c8cc1e-fb1d-4aa2-b4f7-6973dbb5c776,d17244fd-0b3d-4607-90cb-8c7a1de3ce43,340,1785909600666565424,1785909601132064424,465,true,0.668718,0.632354
65c8cc1e-fb1d-4aa2-b4f7-6973dbb5c776,d17244fd-0b3d-4607-90cb-8c7a1de3ce43,341,1785909601182064424,1785909601307189424,125,true,0.44224,0.603115
65c8cc1e-fb1d-4aa2-b4f7-6973dbb5c776,d17244fd-0b3d-4607-90cb-8c7a1de3ce43,342,1785909601357189424,1785909601462315424,105,true,0.665793,0.618855
65c8cc1e-fb1d-4aa2-b4f7-6973dbb5c776,d17244fd-0b3d-4607-90cb-8c7a1de3ce43,343,1785909601597439424,1785909601757563424,160,true,0.52624,0.378734
65c8cc1e-fb1d-4aa2-b4f7-6973dbb5c776,d17244fd-0b3d-4607-90cb-8c7a1de3ce43,344,1785909601802688424,1785909602102938424,300,true,0.552275,0.626467
65c8cc1e-fb1d-4aa2-b4f7-6973dbb5c776,d17244fd-0b3d-4607-90cb-8c7a1de3ce43,345,1785909602137938424,1785909602238069424,100,true,0.468452,0.521969
65c8cc1e-fb1d-4aa2-b4f7-6973dbb5c776,d17244fd-0b3d-4607-90cb-8c7a1de3ce43,346,1785909602273066424,1785909602558312424,285,true,0.549491,0.623068
65c8cc1e-fb1d-4aa2-b4f7-6973dbb5c776,d17244fd-0b3d-4607-90cb-8c7a1de3ce43,347,1785909602603445424,1785909603063817424,460,true,0.618991,0.405774
65c8cc1e-fb1d-4aa2-b4f7-6973dbb5c776,d17244fd-0b3d-4607-90cb-8c7a1de3ce43,348,1785909603098811424,1785909603514191424,415,true,0.627435,0.284567
65c8cc1e-fb1d-4aa2-b4f7-6973dbb5c776,d17244fd-0b3d-4607-90cb-8c7a1de3ce43,349,1785909603539311424,1785909603709436424,170,true,0.67155,0.289002
65c8cc1e-fb1d-4aa2-b4f7-6973dbb5c776,d17244fd-0b3d-4607-90cb-8c7a1de3ce43,350,1785909603824563424,1785909604004685424,180,true,0.441322,0.274208
65c8cc1e-fb1d-4aa2-b4f7-6973dbb5c776,d17244fd-0b3d-4607-90cb-8c7a1de3ce43,351,1785909604049810424,1785909604224935424,175,true,0.634323,0.287979
65c8cc1e-fb1d-4aa2-b4f7-6973dbb5c776,d17244fd-0b3d-4607-90cb-8c7a1de3ce43,352,1785909604244935424,1785909604395059424,150,true,0.665994,0.289186
65c8cc1e-fb1d-4aa2-b4f7-6973dbb5c776,d17244fd-0b3d-4607-90cb-8c7a1de3ce43,353,1785909604425059424,1785909604555189424,130,true,0.597028,0.304711
65c8cc1e-fb1d-4aa2-b4f7-6973dbb5c776,d17244fd-0b3d-4607-90cb-8c7a1de3ce43,354,1785909604595309424,1785909604720434424,125,true,0.46099,0.290963
65c8cc1e-fb1d-4aa2-b4f7-6973dbb5c776,d17244fd-0b3d-4607-90cb-8c7a1de3ce43,355,1785909604960559424,1785909605611183424,650,true,0.610973,0.293895
65c8cc1e-fb1d-4aa2-b4f7-6973dbb5c776,d17244fd-0b3d-4607-90cb-8c7a1de3ce43,356,1785909605636183424,1785909605796432424,160,true,0.69446,0.281013
65c8cc1e-fb1d-4aa2-b4f7-6973dbb5c776,d17244fd-0b3d-4607-90cb-8c7a1de3ce43,357,1785909605956557424,1785909606326932424,370,true,0.685962,0.208022
65c8cc1e-fb1d-4aa2-b4f7-6973dbb5c776,d17244fd-0b3d-4607-90cb-8c7a1de3ce43,358,1785909606366932424,1785909606547056424,180,true,0.507219,0.223668
65c8cc1e-fb1d-4aa2-b4f7-6973dbb5c776,d17244fd-0b3d-4607-90cb-8c7a1de3ce43,359,1785909606582181424,1785909606992556424,410,true,0.618303,0.255583
65c8cc1e-fb1d-4aa2-b4f7-6973dbb5c776,d17244fd-0b3d-4607-90cb-8c7a1de3ce43,360,1785909607037555424,1785909607167680424,130,true,0.503955,0.273122
65c8cc1e-fb1d-4aa2-b4f7-6973dbb5c776,d17244fd-0b3d-4607-90cb-8c7a1de3ce43,361,1785909607207680424,1785909607432930424,225,true,0.546863,0.039189
65c8cc1e-fb1d-4aa2-b4f7-6973dbb5c776,d17244fd-0b3d-4607-90cb-8c7a1de3ce43,362,1785909607447930424,1785909607793305424,345,true,0.532373,0.065306
65c8cc1e-fb1d-4aa2-b4f7-6973dbb5c776,d17244fd-0b3d-4607-90cb-8c7a1de3ce43,363,1785909607838304424,1785909607993429424,155,true,0.498056,0.393185
65c8cc1e-fb1d-4aa2-b4f7-6973dbb5c776,d17244fd-0b3d-4607-90cb-8c7a1de3ce43,364,1785909608033434424,1785909608168554424,135,true,0.640381,0.41483
65c8cc1e-fb1d-4aa2-b4f7-6973dbb5c776,d17244fd-0b3d-4607-90cb-8c7a1de3ce43,365,1785909608348804424,1785909608498928424,150,true,0.506896,0.57356
65c8cc1e-fb1d-4aa2-b4f7-6973dbb5c776,d17244fd-0b3d-4607-90cb-8c7a1de3ce43,366,1785909608538928424,1785909608749178424,210,true,0.385625,0.564224
65c8cc1e-fb1d-4aa2-b4f7-6973dbb5c776,d17244fd-0b3d-4607-90cb-8c7a1de3ce43,367,1785909608784178424,1785909609159552424,375,true,0.490598,0.667151
65c8cc1e-fb1d-4aa2-b4f7-6973dbb5c776,d17244fd-0b3d-4607-90cb-8c7a1de3ce43,368,1785909609194552424,1785909609715052424,520,true,0.396028,0.526221
65c8cc1e-fb1d-4aa2-b4f7-6973dbb5c776,d17244fd-0b3d-4607-90cb-8c7a1de3ce43,369,1785909609760051424,1785909610255555424,495,true,0.558611,0.3824
65c8cc1e-fb1d-4aa2-b4f7-6973dbb5c776,d17244fd-0b3d-4607-90cb-8c7a1de3ce43,370,1785909610460800424,1785909610610925424,150,true,0.518413,0.574305
65c8cc1e-fb1d-4aa2-b4f7-6973dbb5c776,d17244fd-0b3d-4607-90cb-8c7a1de3ce43,371,1785909610645925424,1785909611261549424,615,true,0.535432,0.681521
65c8cc1e-fb1d-4aa2-b4f7-6973dbb5c776,d17244fd-0b3d-4607-90cb-8c7a1de3ce43,372,1785909611301549424,1785909611491674424,190,true,0.397757,0.651042
65c8cc1e-fb1d-4aa2-b4f7-6973dbb5c776,d17244fd-0b3d-4607-90cb-8c7a1de3ce43,373,1785909611526799424,1785909611691923424,165,true,0.527808,0.780935
65c8cc1e-fb1d-4aa2-b4f7-6973dbb5c776,d17244fd-0b3d-4607-90cb-8c7a1de3ce43,374,1785909611736924424,1785909611932173424,195,true,0.669948,0.60152
65c8cc1e-fb1d-4aa2-b4f7-6973dbb5c776,d17244fd-0b3d-4607-90cb-8c7a1de3ce43,375,1785909612127298424,1785909612302423424,175,true,0.549768,0.12353
65c8cc1e-fb1d-4aa2-b4f7-6973dbb5c776,d17244fd-0b3d-4607-90cb-8c7a1de3ce43,376,1785909612322554424,1785909612552672424,230,true,0.543704,0.03973
65c8cc1e-fb1d-4aa2-b4f7-6973dbb5c776,d17244fd-0b3d-4607-90cb-8c7a1de3ce43,377,1785909612622797424,1785909612797922424,175,true,0.513767,0.699824
65c8cc1e-fb1d-4aa2-b4f7-6973dbb5c776,d17244fd-0b3d-4607-90cb-8c7a1de3ce43,378,1785909613218296424,1785909613443545424,225,true,0.519837,0.687768
65c8cc1e-fb1d-4aa2-b4f7-6973dbb5c776,d17244fd-0b3d-4607-90cb-8c7a1de3ce43,379,1785909613478546424,1785909613788795424,310,true,0.524483,0.793218
65c8cc1e-fb1d-4aa2-b4f7-6973dbb5c776,d17244fd-0b3d-4607-90cb-8c7a1de3ce43,380,1785909613833920424,1785909613939045424,105,true,0.435346,0.522724
65c8cc1e-fb1d-4aa2-b4f7-6973dbb5c776,d17244fd-0b3d-4607-90cb-8c7a1de3ce43,381,1785909613984045424,1785909614089170424,105,true,0.564175,0.284029
65c8cc1e-fb1d-4aa2-b4f7-6973dbb5c776,d17244fd-0b3d-4607-90cb-8c7a1de3ce43,382,1785909614124169424,1785909614279294424,155,true,0.613934,0.443323
65c8cc1e-fb1d-4aa2-b4f7-6973dbb5c776,d17244fd-0b3d-4607-90cb-8c7a1de3ce43,383,1785909614314294424,1785909614624669424,310,true,0.54755,0.636973
65c8cc1e-fb1d-4aa2-b4f7-6973dbb5c776,d17244fd-0b3d-4607-90cb-8c7a1de3ce43,384,1785909614659669424,1785909614764794424,105,true,0.610866,0.566733
65c8cc1e-fb1d-4aa2-b4f7-6973dbb5c776,d17244fd-0b3d-4607-90cb-8c7a1de3ce43,385,1785909614794793424,1785909615460417424,665,true,0.618644,0.398308
65c8cc1e-fb1d-4aa2-b4f7-6973dbb5c776,d17244fd-0b3d-4607-90cb-8c7a1de3ce43,386,1785909615650542424,1785909615860792424,210,true,0.614555,0.415345
65c8cc1e-fb1d-4aa2-b4f7-6973dbb5c776,d17244fd-0b3d-4607-90cb-8c7a1de3ce43,387,1785909615965919424,1785909616071041424,105,true,0.615362,0.228926
65c8cc1e-fb1d-4aa2-b4f7-6973dbb5c776,d17244fd-0b3d-4607-90cb-8c7a1de3ce43,388,1785909616086053424,1785909616246166424,160,true,0.675506,0.255086
65c8cc1e-fb1d-4aa2-b4f7-6973dbb5c776,d17244fd-0b3d-4607-90cb-8c7a1de3ce43,389,1785909616281166424,1785909616421291424,140,true,0.601135,0.282307
65c8cc1e-fb1d-4aa2-b4f7-6973dbb5c776,d17244fd-0b3d-4607-90cb-8c7a1de3ce43,390,1785909616461420424,1785909616761673424,300,true,0.438855,0.283413
65c8cc1e-fb1d-4aa2-b4f7-6973dbb5c776,d17244fd-0b3d-4607-90cb-8c7a1de3ce43,391,1785909616801665424,1785909617162044424,360,true,0.61934,0.276135
65c8cc1e-fb1d-4aa2-b4f7-6973dbb5c776,d17244fd-0b3d-4607-90cb-8c7a1de3ce43,392,1785909617207040424,1785909617387164424,180,true,0.439053,0.288162
65c8cc1e-fb1d-4aa2-b4f7-6973dbb5c776,d17244fd-0b3d-4607-90cb-8c7a1de3ce43,393,1785909617507295424,1785909618112929424,605,true,0.597788,0.418442
65c8cc1e-fb1d-4aa2-b4f7-6973dbb5c776,d17244fd-0b3d-4607-90cb-8c7a1de3ce43,394,1785909618152913424,1785909618318038424,165,true,0.494939,0.177357
65c8cc1e-fb1d-4aa2-b4f7-6973dbb5c776,d17244fd-0b3d-4607-90cb-8c7a1de3ce43,395,1785909618353167424,1785909618603421424,250,true,0.608947,0.108062
65c8cc1e-fb1d-4aa2-b4f7-6973dbb5c776,d17244fd-0b3d-4607-90cb-8c7a1de3ce43,396,1785909618643412424,1785909618873662424,230,true,0.50191,0.105135
65c8cc1e-fb1d-4aa2-b4f7-6973dbb5c776,d17244fd-0b3d-4607-90cb-8c7a1de3ce43,397,1785909618903662424,1785909619018787424,115,true,0.540392,0.070096
65c8cc1e-fb1d-4aa2-b4f7-6973dbb5c776,d17244fd-0b3d-4607-90cb-8c7a1de3ce43,398,1785909619233911424,1785909619379036424,145,true,0.533428,0.057286
65c8cc1e-fb1d-4aa2-b4f7-6973dbb5c776,d17244fd-0b3d-4607-90cb-8c7a1de3ce43,399,1785909619439161424,1785909619644286424,205,true,0.551075,0.437938
65c8cc1e-fb1d-4aa2-b4f7-6973dbb5c776,d17244fd-0b3d-4607-90cb-8c7a1de3ce43,400,1785909619689411424,1785909619829546424,140,true,0.361474,0.62643
65c8cc1e-fb1d-4aa2-b4f7-6973dbb5c776,d17244fd-0b3d-4607-90cb-8c7a1de3ce43,401,1785909619869535424,1785909620044660424,175,true,0.508427,0.703726
65c8cc1e-fb1d-4aa2-b4f7-6973dbb5c776,d17244fd-0b3d-4607-90cb-8c7a1de3ce43,402,1785909620069787424,1785909621436033424,1366,true,0.520409,0.65108
65c8cc1e-fb1d-4aa2-b4f7-6973dbb5c776,d17244fd-0b3d-4607-90cb-8c7a1de3ce43,403,1785909621476033424,1785909621636162424,160,true,0.672541,0.585905
65c8cc1e-fb1d-4aa2-b4f7-6973dbb5c776,d17244fd-0b3d-4607-90cb-8c7a1de3ce43,404,1785909621786282424,1785909621976532424,190,true,0.572848,0.108085
65c8cc1e-fb1d-4aa2-b4f7-6973dbb5c776,d17244fd-0b3d-4607-90cb-8c7a1de3ce43,405,1785909622001532424,1785909622121657424,120,true,0.550436,0.037844
65c8cc1e-fb1d-4aa2-b4f7-6973dbb5c776,d17244fd-0b3d-4607-90cb-8c7a1de3ce43,406,1785909622186656424,1785909622416906424,230,true,0.531133,0.635798
65c8cc1e-fb1d-4aa2-b4f7-6973dbb5c776,d17244fd-0b3d-4607-90cb-8c7a1de3ce43,407,1785909622456906424,1785909622562031424,105,true,0.534711,0.315101
65c8cc1e-fb1d-4aa2-b4f7-6973dbb5c776,d17244fd-0b3d-4607-90cb-8c7a1de3ce43,408,1785909622602156424,1785909622887405424,285,true,0.543987,0.070977
65c8cc1e-fb1d-4aa2-b4f7-6973dbb5c776,d17244fd-0b3d-4607-90cb-8c7a1de3ce43,409,1785909622952405424,1785909623242655424,290,true,0.650874,0.561894
65c8cc1e-fb1d-4aa2-b4f7-6973dbb5c776,d17244fd-0b3d-4607-90cb-8c7a1de3ce43,410,1785909623282781424,1785909623507904424,225,true,0.526483,0.437513
65c8cc1e-fb1d-4aa2-b4f7-6973dbb5c776,d17244fd-0b3d-4607-90cb-8c7a1de3ce43,411,1785909623543039424,1785909623758154424,215,true,0.518439,0.601709
65c8cc1e-fb1d-4aa2-b4f7-6973dbb5c776,d17244fd-0b3d-4607-90cb-8c7a1de3ce43,412,1785909623803279424,1785909624108528424,305,true,0.611738,0.401951
65c8cc1e-fb1d-4aa2-b4f7-6973dbb5c776,d17244fd-0b3d-4607-90cb-8c7a1de3ce43,413,1785909624273659424,1785909624443778424,170,true,0.52785,0.65326
65c8cc1e-fb1d-4aa2-b4f7-6973dbb5c776,d17244fd-0b3d-4607-90cb-8c7a1de3ce43,414,1785909624614027424,1785909624849152424,235,true,0.617563,0.279594
65c8cc1e-fb1d-4aa2-b4f7-6973dbb5c776,d17244fd-0b3d-4607-90cb-8c7a1de3ce43,415,1785909624869152424,1785909625029402424,160,true,0.662978,0.264139
65c8cc1e-fb1d-4aa2-b4f7-6973dbb5c776,d17244fd-0b3d-4607-90cb-8c7a1de3ce43,416,1785909625069402424,1785909625229526424,160,true,0.462892,0.285014
65c8cc1e-fb1d-4aa2-b4f7-6973dbb5c776,d17244fd-0b3d-4607-90cb-8c7a1de3ce43,417,1785909625269526424,1785909625634901424,365,true,0.625128,0.253797
65c8cc1e-fb1d-4aa2-b4f7-6973dbb5c776,d17244fd-0b3d-4607-90cb-8c7a1de3ce43,418,1785909625654901424,1785909626440660424,785,true,0.669716,0.263711
65c8cc1e-fb1d-4aa2-b4f7-6973dbb5c776,d17244fd-0b3d-4607-90cb-8c7a1de3ce43,419,1785909626470649424,1785909626741024424,270,true,0.597926,0.251656
65c8cc1e-fb1d-4aa2-b4f7-6973dbb5c776,d17244fd-0b3d-4607-90cb-8c7a1de3ce43,420,1785909626766024424,1785909626901155424,135,true,0.592031,0.364412
65c8cc1e-fb1d-4aa2-b4f7-6973dbb5c776,d17244fd-0b3d-4607-90cb-8c7a1de3ce43,421,1785909627076273424,1785909627311523424,235,true,0.616714,0.222997
65c8cc1e-fb1d-4aa2-b4f7-6973dbb5c776,d17244fd-0b3d-4607-90cb-8c7a1de3ce43,422,1785909627351532424,1785909627516661424,165,true,0.464694,0.204479
65c8cc1e-fb1d-4aa2-b4f7-6973dbb5c776,d17244fd-0b3d-4607-90cb-8c7a1de3ce43,423,1785909627546773424,1785909628082271424,535,true,0.5694,0.192385
65c8cc1e-fb1d-4aa2-b4f7-6973dbb5c776,d17244fd-0b3d-4607-90cb-8c7a1de3ce43,424,1785909628122271424,1785909628452532424,330,true,0.512744,0.371026
65c8cc1e-fb1d-4aa2-b4f7-6973dbb5c776,d17244fd-0b3d-4607-90cb-8c7a1de3ce43,425,1785909628487646424,1785909628862895424,375,true,0.538415,0.096985
65c8cc1e-fb1d-4aa2-b4f7-6973dbb5c776,d17244fd-0b3d-4607-90cb-8c7a1de3ce43,426,1785909628938020424,1785909629138159424,200,true,0.507407,0.645356
65c8cc1e-fb1d-4aa2-b4f7-6973dbb5c776,d17244fd-0b3d-4607-90cb-8c7a1de3ce43,427,1785909629283395424,1785909629793769424,510,true,0.477776,0.590565
65c8cc1e-fb1d-4aa2-b4f7-6973dbb5c776,d17244fd-0b3d-4607-90cb-8c7a1de3ce43,428,1785909629818893424,1785909630439393424,620,true,0.507952,0.518404
65c8cc1e-fb1d-4aa2-b4f7-6973dbb5c776,d17244fd-0b3d-4607-90cb-8c7a1de3ce43,429,1785909630469392424,1785909630589517424,120,true,0.526873,0.384081
65c8cc1e-fb1d-4aa2-b4f7-6973dbb5c776,d17244fd-0b3d-4607-90cb-8c7a1de3ce43,430,1785909630784767424,1785909631120016424,335,true,0.514175,0.467028
65c8cc1e-fb1d-4aa2-b4f7-6973dbb5c776,d17244fd-0b3d-4607-90cb-8c7a1de3ce43,431,1785909631160141424,1785909631285266424,125,true,0.564987,0.154822
65c8cc1e-fb1d-4aa2-b4f7-6973dbb5c776,d17244fd-0b3d-4607-90cb-8c7a1de3ce43,432,1785909631330266424,1785909631715640424,385,true,0.373241,0.510024
65c8cc1e-fb1d-4aa2-b4f7-6973dbb5c776,d17244fd-0b3d-4607-90cb-8c7a1de3ce43,433,1785909631755640424,1785909631925765424,170,true,0.530146,0.382973
65c8cc1e-fb1d-4aa2-b4f7-6973dbb5c776,d17244fd-0b3d-4607-90cb-8c7a1de3ce43,434,1785909631965890424,1785909632065890424,100,true,0.381361,0.494482
65c8cc1e-fb1d-4aa2-b4f7-6973dbb5c776,d17244fd-0b3d-4607-90cb-8c7a1de3ce43,435,1785909632111015424,1785909632346264424,235,true,0.590243,0.445439
65c8cc1e-fb1d-4aa2-b4f7-6973dbb5c776,d17244fd-0b3d-4607-90cb-8c7a1de3ce43,436,1785909632371264424,1785909632561395424,190,true,0.606397,0.387779
65c8cc1e-fb1d-4aa2-b4f7-6973dbb5c776,d17244fd-0b3d-4607-90cb-8c7a1de3ce43,437,1785909632611404424,1785909632761638424,150,true,0.491016,0.633481
65c8cc1e-fb1d-4aa2-b4f7-6973dbb5c776,d17244fd-0b3d-4607-90cb-8c7a1de3ce43,438,1785909632786642424,1785909632986763424,200,true,0.555921,0.591058
65c8cc1e-fb1d-4aa2-b4f7-6973dbb5c776,d17244fd-0b3d-4607-90cb-8c7a1de3ce43,439,1785909633141888424,1785909633912646424,770,true,0.61297,0.253134
65c8cc1e-fb1d-4aa2-b4f7-6973dbb5c776,d17244fd-0b3d-4607-90cb-8c7a1de3ce43,440,1785909633942643424,1785909634117886424,175,true,0.651839,0.260472
65c8cc1e-fb1d-4aa2-b4f7-6973dbb5c776,d17244fd-0b3d-4607-90cb-8c7a1de3ce43,441,1785909634147886424,1785909634223011424,75,true,0.582405,0.270306
65c8cc1e-fb1d-4aa2-b4f7-6973dbb5c776,d17244fd-0b3d-4607-90cb-8c7a1de3ce43,442,1785909634263011424,1785909634508260424,245,true,0.416346,0.314273
65c8cc1e-fb1d-4aa2-b4f7-6973dbb5c776,d17244fd-0b3d-4607-90cb-8c7a1de3ce43,443,1785909634548268424,1785909634718385424,170,true,0.588867,0.303142
65c8cc1e-fb1d-4aa2-b4f7-6973dbb5c776,d17244fd-0b3d-4607-90cb-8c7a1de3ce43,444,1785909634883635424,1785909635048763424,165,true,0.585516,0.318252
65c8cc1e-fb1d-4aa2-b4f7-6973dbb5c776,d17244fd-0b3d-4607-90cb-8c7a1de3ce43,445,1785909635103759424,1785909635178884424,75,true,0.414896,0.285194
65c8cc1e-fb1d-4aa2-b4f7-6973dbb5c776,d17244fd-0b3d-4607-90cb-8c7a1de3ce43,446,1785909635228884424,1785909636139760424,910,true,0.602014,0.299143
65c8cc1e-fb1d-4aa2-b4f7-6973dbb5c776,d17244fd-0b3d-4607-90cb-8c7a1de3ce43,447,1785909636174757424,1785909636560138424,385,true,0.650499,0.213037
65c8cc1e-fb1d-4aa2-b4f7-6973dbb5c776,d17244fd-0b3d-4607-90cb-8c7a1de3ce43,448,1785909636680267424,1785909636915506424,235,true,0.613382,0.208123
65c8cc1e-fb1d-4aa2-b4f7-6973dbb5c776,d17244fd-0b3d-4607-90cb-8c7a1de3ce43,449,1785909636955506424,1785909637185756424,230,true,0.498955,0.129129
65c8cc1e-fb1d-4aa2-b4f7-6973dbb5c776,d17244fd-0b3d-4607-90cb-8c7a1de3ce43,450,1785909637215755424,1785909637400880424,185,true,0.57047,0.115905
65c8cc1e-fb1d-4aa2-b4f7-6973dbb5c776,d17244fd-0b3d-4607-90cb-8c7a1de3ce43,451,1785909637426005424,1785909637676130424,250,true,0.523096,0.090453
65c8cc1e-fb1d-4aa2-b4f7-6973dbb5c776,d17244fd-0b3d-4607-90cb-8c7a1de3ce43,452,1785909637736255424,1785909638156629424,420,true,0.521391,0.456409
65c8cc1e-fb1d-4aa2-b4f7-6973dbb5c776,d17244fd-0b3d-4607-90cb-8c7a1de3ce43,453,1785909638196629424,1785909638396879424,200,true,0.636523,0.622152
65c8cc1e-fb1d-4aa2-b4f7-6973dbb5c776,d17244fd-0b3d-4607-90cb-8c7a1de3ce43,454,1785909638426878424,1785909639658001424,1231,true,0.52592,0.621941
65c8cc1e-fb1d-4aa2-b4f7-6973dbb5c776,d17244fd-0b3d-4607-90cb-8c7a1de3ce43,455,1785909639693131424,1785909639938251424,245,true,0.648349,0.55514
65c8cc1e-fb1d-4aa2-b4f7-6973dbb5c776,d17244fd-0b3d-4607-90cb-8c7a1de3ce43,456,1785909640138500424,1785909640463750424,325,true,0.442083,0.663372
65c8cc1e-fb1d-4aa2-b4f7-6973dbb5c776,d17244fd-0b3d-4607-90cb-8c7a1de3ce43,457,1785909640503875424,1785909640643999424,140,true,0.534256,0.5813
65c8cc1e-fb1d-4aa2-b4f7-6973dbb5c776,d17244fd-0b3d-4607-90cb-8c7a1de3ce43,458,1785909640678999424,1785909640859124424,180,true,0.623156,0.41719
65c8cc1e-fb1d-4aa2-b4f7-6973dbb5c776,d17244fd-0b3d-4607-90cb-8c7a1de3ce43,459,1785909640889249424,1785909641044374424,155,true,0.585941,0.30374
65c8cc1e-fb1d-4aa2-b4f7-6973dbb5c776,d17244fd-0b3d-4607-90cb-8c7a1de3ce43,460,1785909641074374424,1785909641384630424,310,true,0.608688,0.43999
65c8cc1e-fb1d-4aa2-b4f7-6973dbb5c776,d17244fd-0b3d-4607-90cb-8c7a1de3ce43,461,1785909641589873424,1785909641724997424,135,true,0.61607,0.254478
65c8cc1e-fb1d-4aa2-b4f7-6973dbb5c776,d17244fd-0b3d-4607-90cb-8c7a1de3ce43,462,1785909641850122424,1785909642000252424,150,false,0.19772,2.28486
65c8cc1e-fb1d-4aa2-b4f7-6973dbb5c776,d17244fd-0b3d-4607-90cb-8c7a1de3ce43,463,1785909642195371424,1785909642425621424,230,true,0.594778,0.257905
65c8cc1e-fb1d-4aa2-b4f7-6973dbb5c776,d17244fd-0b3d-4607-90cb-8c7a1de3ce43,464,1785909642470621424,1785909642630871424,160,true,0.392889,0.310007
65c8cc1e-fb1d-4aa2-b4f7-6973dbb5c776,d17244fd-0b3d-4607-90cb-8c7a1de3ce43,465,1785909642670871424,1785909642911120424,240,true,0.621137,0.418945
65c8cc1e-fb1d-4aa2-b4f7-6973dbb5c776,d17244fd-0b3d-4607-90cb-8c7a1de3ce43,466,1785909642946120424,1785909643086249424,140,true,0.569828,0.537358
65c8cc1e-fb1d-4aa2-b4f7-6973dbb5c776,d17244fd-0b3d-4607-90cb-8c7a1de3ce43,467,1785909643116245424,1785909643391494424,275,true,0.516097,0.635208
65c8cc1e-fb1d-4aa2-b4f7-6973dbb5c776,d17244fd-0b3d-4607-90cb-8c7a1de3ce43,468,1785909643436623424,1785909643601744424,165,true,0.610498,0.254631
65c8cc1e-fb1d-4aa2-b4f7-6973dbb5c776,d17244fd-0b3d-4607-90cb-8c7a1de3ce43,469,1785909643796876424,1785909643941993424,145,true,0.563394,0.283353
65c8cc1e-fb1d-4aa2-b4f7-6973dbb5c776,d17244fd-0b3d-4607-90cb-8c7a1de3ce43,470,1785909643977118424,1785909644317368424,340,true,0.631672,0.246622
65c8cc1e-fb1d-4aa2-b4f7-6973dbb5c776,d17244fd-0b3d-4607-90cb-8c7a1de3ce43,471,1785909644342368424,1785909644937996424,595,true,0.578617,0.255772
65c8cc1e-fb1d-4aa2-b4f7-6973dbb5c776,d17244fd-0b3d-4607-90cb-8c7a1de3ce43,472,1785909644972991424,1785909645678619424,705,true,0.556988,0.053687
65c8cc1e-fb1d-4aa2-b4f7-6973dbb5c776,d17244fd-0b3d-4607-90cb-8c7a1de3ce43,473,1785909645908869424,1785909646124128424,215,true,0.594184,0.219794
65c8cc1e-fb1d-4aa2-b4f7-6973dbb5c776,d17244fd-0b3d-4607-90cb-8c7a1de3ce43,474,1785909646159114424,1785909646364364424,205,true,0.531467,0.44357
65c8cc1e-fb1d-4aa2-b4f7-6973dbb5c776,d17244fd-0b3d-4607-90cb-8c7a1de3ce43,475,1785909646404364424,1785909646514494424,110,true,0.371967,0.623661
65c8cc1e-fb1d-4aa2-b4f7-6973dbb5c776,d17244fd-0b3d-4607-90cb-8c7a1de3ce43,476,1785909646549489424,1785909646659613424,110,true,0.483345,0.680544
65c8cc1e-fb1d-4aa2-b4f7-6973dbb5c776,d17244fd-0b3d-4607-90cb-8c7a1de3ce43,477,1785909646699617424,1785909646849738424,150,true,0.499438,0.364419
65c8cc1e-fb1d-4aa2-b4f7-6973dbb5c776,d17244fd-0b3d-4607-90cb-8c7a1de3ce43,478,1785909646879738424,1785909648045871424,1166,true,0.514534,0.515976
65c8cc1e-fb1d-4aa2-b4f7-6973dbb5c776,d17244fd-0b3d-4607-90cb-8c7a1de3ce43,479,1785909648085861424,1785909648361235424,275,true,0.344166,0.578351
65c8cc1e-fb1d-4aa2-b4f7-6973dbb5c776,d17244fd-0b3d-4607-90cb-8c7a1de3ce43,480,1785909648511360424,1785909648721484424,210,true,0.562082,0.198752
65c8cc1e-fb1d-4aa2-b4f7-6973dbb5c776,d17244fd-0b3d-4607-90cb-8c7a1de3ce43,481,1785909648751489424,1785909649061859424,310,true,0.516858,0.295547
65c8cc1e-fb1d-4aa2-b4f7-6973dbb5c776,d17244fd-0b3d-4607-90cb-8c7a1de3ce43,482,1785909649091859424,1785909649286983424,195,true,0.525322,0.420552
65c8cc1e-fb1d-4aa2-b4f7-6973dbb5c776,d17244fd-0b3d-4607-90cb-8c7a1de3ce43,483,1785909649322108424,1785909649487233424,165,true,0.616779,0.452057
65c8cc1e-fb1d-4aa2-b4f7-6973dbb5c776,d17244fd-0b3d-4607-90cb-8c7a1de3ce43,484,1785909649527233424,1785909649732483424,205,true,0.495421,0.605796
65c8cc1e-fb1d-4aa2-b4f7-6973dbb5c776,d17244fd-0b3d-4607-90cb-8c7a1de3ce43,485,1785909649807482424,1785909649912607424,105,false,1.056133,0.536649
65c8cc1e-fb1d-4aa2-b4f7-6973dbb5c776,d17244fd-0b3d-4607-90cb-8c7a1de3ce43,486,1785909650037732424,1785909650242982424,205,true,0.476181,0.306916
65c8cc1e-fb1d-4aa2-b4f7-6973dbb5c776,d17244fd-0b3d-4607-90cb-8c7a1de3ce43,487,1785909650267982424,1785909650523231424,255,true,0.431908,0.278651
65c8cc1e-fb1d-4aa2-b4f7-6973dbb5c776,d17244fd-0b3d-4607-90cb-8c7a1de3ce43,488,1785909650558237424,1785909650753356424,195,true,0.611057,0.281884
65c8cc1e-fb1d-4aa2-b4f7-6973dbb5c776,d17244fd-0b3d-4607-90cb-8c7a1de3ce43,489,1785909650788481424,1785909650978605424,190,true,0.585611,0.422712
65c8cc1e-fb1d-4aa2-b4f7-6973dbb5c776,d17244fd-0b3d-4607-90cb-8c7a1de3ce43,490,1785909651018605424,1785909651208859424,190,true,0.452437,0.651266
65c8cc1e-fb1d-4aa2-b4f7-6973dbb5c776,d17244fd-0b3d-4607-90cb-8c7a1de3ce43,491,1785909651243855424,1785909651554104424,310,true,0.553093,0.607989
65c8cc1e-fb1d-4aa2-b4f7-6973dbb5c776,d17244fd-0b3d-4607-90cb-8c7a1de3ce43,492,1785909651694229424,1785909651859486424,165,true,0.606616,0.343374
65c8cc1e-fb1d-4aa2-b4f7-6973dbb5c776,d17244fd-0b3d-4607-90cb-8c7a1de3ce43,493,1785909651879479424,1785909652254853424,375,true,0.634341,0.440181
65c8cc1e-fb1d-4aa2-b4f7-6973dbb5c776,d17244fd-0b3d-4607-90cb-8c7a1de3ce43,494,1785909652294853424,1785909652469977424,175,true,0.623015,0.255047
65c8cc1e-fb1d-4aa2-b4f7-6973dbb5c776,d17244fd-0b3d-4607-90cb-8c7a1de3ce43,495,1785909652494987424,1785909652710231424,215,true,0.576647,0.295404
65c8cc1e-fb1d-4aa2-b4f7-6973dbb5c776,d17244fd-0b3d-4607-90cb-8c7a1de3ce43,496,1785909652750227424,1785909652860352424,110,true,0.396299,0.331452
65c8cc1e-fb1d-4aa2-b4f7-6973dbb5c776,d17244fd-0b3d-4607-90cb-8c7a1de3ce43,497,1785909653070601424,1785909653175726424,105,true,0.627392,0.105042
65c8cc1e-fb1d-4aa2-b4f7-6973dbb5c776,d17244fd-0b3d-4607-90cb-8c7a1de3ce43,498,1785909653220726424,1785909653390851424,170,false,0.496265,-0.051871
65c8cc1e-fb1d-4aa2-b4f7-6973dbb5c776,d17244fd-0b3d-4607-90cb-8c7a1de3ce43,499,1785909653430976424,1785909654171599424,740,true,0.552385,0.148354
65c8cc1e-fb1d-4aa2-b4f7-6973dbb5c776,d17244fd-0b3d-4607-90cb-8c7a1de3ce43,500,1785909654191599424,1785909654426849424,235,true,0.521125,0.108355
65c8cc1e-fb1d-4aa2-b4f7-6973dbb5c776,d17244fd-0b3d-4607-90cb-8c7a1de3ce43,501,1785909654521986424,1785909654757098424,235,true,0.501403,0.53346
65c8cc1e-fb1d-4aa2-b4f7-6973dbb5c776,d17244fd-0b3d-4607-90cb-8c7a1de3ce43,502,1785909654787223424,1785909655027348424,240,true,0.519512,0.396603
65c8cc1e-fb1d-4aa2-b4f7-6973dbb5c776,d17244fd-0b3d-4607-90cb-8c7a1de3ce43,503,1785909655057473424,1785909655577971424,520,true,0.507537,0.488954
65c8cc1e-fb1d-4aa2-b4f7-6973dbb5c776,d17244fd-0b3d-4607-90cb-8c7a1de3ce43,504,1785909655803096424,1785909656028346424,225,true,0.476547,0.684733
65c8cc1e-fb1d-4aa2-b4f7-6973dbb5c776,d17244fd-0b3d-4607-90cb-8c7a1de3ce43,505,1785909656083346424,1785909656338599424,255,true,0.537022,0.043896
65c8cc1e-fb1d-4aa2-b4f7-6973dbb5c776,d17244fd-0b3d-4607-90cb-8c7a1de3ce43,506,1785909656398724424,1785909657529726424,1131,true,0.50449,0.548378
65c8cc1e-fb1d-4aa2-b4f7-6973dbb5c776,d17244fd-0b3d-4607-90cb-8c7a1de3ce43,507,1785909657559719424,1785909657829967424,270,true,0.498568,0.721587
65c8cc1e-fb1d-4aa2-b4f7-6973dbb5c776,d17244fd-0b3d-4607-90cb-8c7a1de3ce43,508,1785909658000217424,1785909658655841424,655,true,0.50945,0.330133
65c8cc1e-fb1d-4aa2-b4f7-6973dbb5c776,d17244fd-0b3d-4607-90cb-8c7a1de3ce43,509,1785909658700841424,1785909658860965424,160,true,0.373792,0.541556
65c8cc1e-fb1d-4aa2-b4f7-6973dbb5c776,d17244fd-0b3d-4607-90cb-8c7a1de3ce43,510,1785909658895965424,1785909659036215424,140,true,0.56217,0.376183
65c8cc1e-fb1d-4aa2-b4f7-6973dbb5c776,d17244fd-0b3d-4607-90cb-8c7a1de3ce43,511,1785909659066215424,1785909659221340424,155,true,0.616105,0.402633
65c8cc1e-fb1d-4aa2-b4f7-6973dbb5c776,d17244fd-0b3d-4607-90cb-8c7a1de3ce43,512,1785909659266340424,1785909659561589424,295,true,0.428444,0.657498
65c8cc1e-fb1d-4aa2-b4f7-6973dbb5c776,d17244fd-0b3d-4607-90cb-8c7a1de3ce43,513,1785909659596718424,1785909659746839424,150,true,0.579376,0.62418
65c8cc1e-fb1d-4aa2-b4f7-6973dbb5c776,d17244fd-0b3d-4607-90cb-8c7a1de3ce43,514,1785909659776838424,1785909659931963424,155,true,0.521057,0.6736
65c8cc1e-fb1d-4aa2-b4f7-6973dbb5c776,d17244fd-0b3d-4607-90cb-8c7a1de3ce43,515,1785909660097088424,1785909660327631424,230,true,0.624072,0.253974
65c8cc1e-fb1d-4aa2-b4f7-6973dbb5c776,d17244fd-0b3d-4607-90cb-8c7a1de3ce43,516,1785909660367644424,1785909660723006424,355,true,0.604245,0.428046
65c8cc1e-fb1d-4aa2-b4f7-6973dbb5c776,d17244fd-0b3d-4607-90cb-8c7a1de3ce43,517,1785909660748006424,1785909660898131424,150,true,0.646733,0.475854
65c8cc1e-fb1d-4aa2-b4f7-6973dbb5c776,d17244fd-0b3d-4607-90cb-8c7a1de3ce43,518,1785909660928256424,1785909661458761424,530,true,0.613491,0.384203
65c8cc1e-fb1d-4aa2-b4f7-6973dbb5c776,d17244fd-0b3d-4607-90cb-8c7a1de3ce43,519,1785909661488756424,1785909661648886424,160,true,0.622126,0.477589
65c8cc1e-fb1d-4aa2-b4f7-6973dbb5c776,d17244fd-0b3d-4607-90cb-8c7a1de3ce43,520,1785909661683881424,1785909661869131424,185,true,0.479455,0.667473
65c8cc1e-fb1d-4aa2-b4f7-6973dbb5c776,d17244fd-0b3d-4607-90cb-8c7a1de3ce43,521,1785909661884130424,1785909662054256424,170,true,0.527685,0.706944
65c8cc1e-fb1d-4aa2-b4f7-6973dbb5c776,d17244fd-0b3d-4607-90cb-8c7a1de3ce43,522,1785909662089255424,1785909662279505424,190,true,0.410878,0.617606
65c8cc1e-fb1d-4aa2-b4f7-6973dbb5c776,d17244fd-0b3d-4607-90cb-8c7a1de3ce43,523,1785909662449633424,1785909662684880424,235,true,0.592334,0.299773
65c8cc1e-fb1d-4aa2-b4f7-6973dbb5c776,d17244fd-0b3d-4607-90cb-8c7a1de3ce43,524,1785909662724880424,1785909662975132424,250,true,0.534585,0.063005
65c8cc1e-fb1d-4aa2-b4f7-6973dbb5c776,d17244fd-0b3d-4607-90cb-8c7a1de3ce43,525,1785909663000130424,1785909663315505424,315,true,0.5896,0.077829
65c8cc1e-fb1d-4aa2-b4f7-6973dbb5c776,d17244fd-0b3d-4607-90cb-8c7a1de3ce43,526,1785909663335517424,1785909663760892424,425,true,0.555705,0.083281
65c8cc1e-fb1d-4aa2-b4f7-6973dbb5c776,d17244fd-0b3d-4607-90cb-8c7a1de3ce43,527,1785909663810880424,1785909664221255424,410,true,0.505993,0.482932
65c8cc1e-fb1d-4aa2-b4f7-6973dbb5c776,d17244fd-0b3d-4607-90cb-8c7a1de3ce43,528,1785909664261380424,1785909664396505424,135,true,0.400962,0.670356
65c8cc1e-fb1d-4aa2-b4f7-6973dbb5c776,d17244fd-0b3d-4607-90cb-8c7a1de3ce43,529,1785909664431505424,1785909664651759424,220,true,0.504733,0.712975
65c8cc1e-fb1d-4aa2-b4f7-6973dbb5c776,d17244fd-0b3d-4607-90cb-8c7a1de3ce43,530,1785909664676755424,1785909665917879424,1241,true,0.504038,0.694652
65c8cc1e-fb1d-4aa2-b4f7-6973dbb5c776,d17244fd-0b3d-4607-90cb-8c7a1de3ce43,531,1785909666063009424,1785909666278254424,215,true,0.551304,0.1688
65c8cc1e-fb1d-4aa2-b4f7-6973dbb5c776,d17244fd-0b3d-4607-90cb-8c7a1de3ce43,532,1785909666318254424,1785909666703629424,385,true,0.524009,0.5107
65c8cc1e-fb1d-4aa2-b4f7-6973dbb5c776,d17244fd-0b3d-4607-90cb-8c7a1de3ce43,533,1785909666738629424,1785909666988879424,250,true,0.514417,0.39404
65c8cc1e-fb1d-4aa2-b4f7-6973dbb5c776,d17244fd-0b3d-4607-90cb-8c7a1de3ce43,534,1785909667023888424,1785909667249129424,225,true,0.599171,0.434539
65c8cc1e-fb1d-4aa2-b4f7-6973dbb5c776,d17244fd-0b3d-4607-90cb-8c7a1de3ce43,535,1785909667284129424,1785909667549379424,265,true,0.497967,0.651043
65c8cc1e-fb1d-4aa2-b4f7-6973dbb5c776,d17244fd-0b3d-4607-90cb-8c7a1de3ce43,536,1785909667574393424,1785909667729629424,155,true,0.546477,0.697648
65c8cc1e-fb1d-4aa2-b4f7-6973dbb5c776,d17244fd-0b3d-4607-90cb-8c7a1de3ce43,537,1785909667974754424,1785909668290128424,315,true,0.544896,0.669979
65c8cc1e-fb1d-4aa2-b4f7-6973dbb5c776,d17244fd-0b3d-4607-90cb-8c7a1de3ce43,538,1785909668325129424,1785909668505253424,180,true,0.493688,0.679646
65c8cc1e-fb1d-4aa2-b4f7-6973dbb5c776,d17244fd-0b3d-4607-90cb-8c7a1de3ce43,539,1785909668545378424,1785909668735510424,190,true,0.596646,0.486347
65c8cc1e-fb1d-4aa2-b4f7-6973dbb5c776,d17244fd-0b3d-4607-90cb-8c7a1de3ce43,540,1785909668755503424,1785909668885628424,130,true,0.609487,0.366448
65c8cc1e-fb1d-4aa2-b4f7-6973dbb5c776,d17244fd-0b3d-4607-90cb-8c7a1de3ce43,541,1785909668925753424,1785909669531253424,605,true,0.55855,0.66852
65c8cc1e-fb1d-4aa2-b4f7-6973dbb5c776,d17244fd-0b3d-4607-90cb-8c7a1de3ce43,542,1785909669571253424,1785909669726503424,155,true,0.636098,0.423511
65c8cc1e-fb1d-4aa2-b4f7-6973dbb5c776,d17244fd-0b3d-4607-90cb-8c7a1de3ce43,543,1785909669921628424,1785909670156878424,235,true,0.595606,0.436153
65c8cc1e-fb1d-4aa2-b4f7-6973dbb5c776,d17244fd-0b3d-4607-90cb-8c7a1de3ce43,544,1785909670181878424,1785909670627253424,445,true,0.617624,0.42149
65c8cc1e-fb1d-4aa2-b4f7-6973dbb5c776,d17244fd-0b3d-4607-90cb-8c7a1de3ce43,545,1785909670672378424,1785909671032627424,360,true,0.475742,0.305499
65c8cc1e-fb1d-4aa2-b4f7-6973dbb5c776,d17244fd-0b3d-4607-90cb-8c7a1de3ce43,546,1785909671067752424,1785909671488127424,420,true,0.592029,0.224405
65c8cc1e-fb1d-4aa2-b4f7-6973dbb5c776,d17244fd-0b3d-4607-90cb-8c7a1de3ce43,547,1785909671523127424,1785909671668252424,145,true,0.534406,0.105203
65c8cc1e-fb1d-4aa2-b4f7-6973dbb5c776,d17244fd-0b3d-4607-90cb-8c7a1de3ce43,548,1785909671803377424,1785909672098627424,295,true,0.534408,0.048608
65c8cc1e-fb1d-4aa2-b4f7-6973dbb5c776,d17244fd-0b3d-4607-90cb-8c7a1de3ce43,549,1785909672153752424,1785909672439002424,285,true,0.496843,0.44035
65c8cc1e-fb1d-4aa2-b4f7-6973dbb5c776,d17244fd-0b3d-4607-90cb-8c7a1de3ce43,550,1785909672474002424,1785909672734252424,260,true,0.42287,0.649396
65c8cc1e-fb1d-4aa2-b4f7-6973dbb5c776,d17244fd-0b3d-4607-90cb-8c7a1de3ce43,551,1785909672764252424,1785909672939502424,175,true,0.473236,0.597015
65c8cc1e-fb1d-4aa2-b4f7-6973dbb5c776,d17244fd-0b3d-4607-90cb-8c7a1de3ce43,552,1785909672979502424,1785909673109634424,130,true,0.506873,0.389049
65c8cc1e-fb1d-4aa2-b4f7-6973dbb5c776,d17244fd-0b3d-4607-90cb-8c7a1de3ce43,553,1785909673144631424,1785909673920376424,775,true,0.508086,0.577744
65c8cc1e-fb1d-4aa2-b4f7-6973dbb5c776,d17244fd-0b3d-4607-90cb-8c7a1de3ce43,554,1785909674080501424,1785909674170626424,90,true,0.519152,0.831889
65c8cc1e-fb1d-4aa2-b4f7-6973dbb5c776,d17244fd-0b3d-4607-90cb-8c7a1de3ce43,555,1785909674230626424,1785909674636006424,405,true,0.454385,0.61448
65c8cc1e-fb1d-4aa2-b4f7-6973dbb5c776,d17244fd-0b3d-4607-90cb-8c7a1de3ce43,556,1785909674671126424,1785909674871251424,200,true,0.506346,0.805259
65c8cc1e-fb1d-4aa2-b4f7-6973dbb5c776,d17244fd-0b3d-4607-90cb-8c7a1de3ce43,557,1785909674906251424,1785909675051501424,145,true,0.506769,0.618708
65c8cc1e-fb1d-4aa2-b4f7-6973dbb5c776,d17244fd-0b3d-4607-90cb-8c7a1de3ce43,558,1785909675086501424,1785909675466876424,380,true,0.511866,0.383323
65c8cc1e-fb1d-4aa2-b4f7-6973dbb5c776,d17244fd-0b3d-4607-90cb-8c7a1de3ce43,559,1785909675501876424,1785909675812126424,310,true,0.472134,0.555535
65c8cc1e-fb1d-4aa2-b4f7-6973dbb5c776,d17244fd-0b3d-4607-90cb-8c7a1de3ce43,560,1785909675932251424,1785909676087375424,155,true,0.517852,0.357212
65c8cc1e-fb1d-4aa2-b4f7-6973dbb5c776,d17244fd-0b3d-4607-90cb-8c7a1de3ce43,561,1785909676127501424,1785909676387750424,260,true,0.536993,0.068918
65c8cc1e-fb1d-4aa2-b4f7-6973dbb5c776,d17244fd-0b3d-4607-90cb-8c7a1de3ce43,562,1785909676432758424,1785909676642875424,210,true,0.538357,0.358257
65c8cc1e-fb1d-4aa2-b4f7-6973dbb5c776,d17244fd-0b3d-4607-90cb-8c7a1de3ce43,563,1785909676688000424,1785909676903125424,215,true,0.37472,0.554711
65c8cc1e-fb1d-4aa2-b4f7-6973dbb5c776,d17244fd-0b3d-4607-90cb-8c7a1de3ce43,564,1785909676943250424,1785909677148384424,205,true,0.570843,0.520929
65c8cc1e-fb1d-4aa2-b4f7-6973dbb5c776,d17244fd-0b3d-4607-90cb-8c7a1de3ce43,565,1785909677183375424,1785909677468752424,285,true,0.591658,0.402156
65c8cc1e-fb1d-4aa2-b4f7-6973dbb5c776,d17244fd-0b3d-4607-90cb-8c7a1de3ce43,566,1785909677503752424,1785909677628875424,125,true,0.621061,0.216478
65c8cc1e-fb1d-4aa2-b4f7-6973dbb5c776,d17244fd-0b3d-4607-90cb-8c7a1de3ce43,567,1785909677774000424,1785909678004253424,230,true,0.600309,0.211347
65c8cc1e-fb1d-4aa2-b4f7-6973dbb5c776,d17244fd-0b3d-4607-90cb-8c7a1de3ce43,568,1785909678029250424,1785909678274504424,245,true,0.665164,0.245059
65c8cc1e-fb1d-4aa2-b4f7-6973dbb5c776,d17244fd-0b3d-4607-90cb-8c7a1de3ce43,569,1785909678324500424,1785909678499624424,175,true,0.519274,0.656294
65c8cc1e-fb1d-4aa2-b4f7-6973dbb5c776,d17244fd-0b3d-4607-90cb-8c7a1de3ce43,570,1785909678549750424,1785909679170249424,620,true,0.653546,0.275189
65c8cc1e-fb1d-4aa2-b4f7-6973dbb5c776,d17244fd-0b3d-4607-90cb-8c7a1de3ce43,571,1785909679195374424,1785909679430499424,235,true,0.587215,0.251013
65c8cc1e-fb1d-4aa2-b4f7-6973dbb5c776,d17244fd-0b3d-4607-90cb-8c7a1de3ce43,572,1785909679460624424,1785909679610749424,150,true,0.674382,0.265706
65c8cc1e-fb1d-4aa2-b4f7-6973dbb5c776,d17244fd-0b3d-4607-90cb-8c7a1de3ce43,573,1785909679650749424,1785909679931004424,280,true,0.604184,0.415086
65c8cc1e-fb1d-4aa2-b4f7-6973dbb5c776,d17244fd-0b3d-4607-90cb-8c7a1de3ce43,574,1785909680131249424,1785909680211249424,80,true,0.625431,0.45899
65c8cc1e-fb1d-4aa2-b4f7-6973dbb5c776,d17244fd-0b3d-4607-90cb-8c7a1de3ce43,575,1785909680251249424,1785909680916874424,665,true,0.647352,0.232627
65c8cc1e-fb1d-4aa2-b4f7-6973dbb5c776,d17244fd-0b3d-4607-90cb-8c7a1de3ce43,576,1785909680961999424,1785909681747748424,785,true,0.541214,0.085013
65c8cc1e-fb1d-4aa2-b4f7-6973dbb5c776,d17244fd-0b3d-4607-90cb-8c7a1de3ce43,577,1785909681797748424,1785909682128123424,330,true,0.509771,0.394882
65c8cc1e-fb1d-4aa2-b4f7-6973dbb5c776,d17244fd-0b3d-4607-90cb-8c7a1de3ce43,578,1785909682168123424,1785909682323248424,155,true,0.477589,0.601764
65c8cc1e-fb1d-4aa2-b4f7-6973dbb5c776,d17244fd-0b3d-4607-90cb-8c7a1de3ce43,579,1785909682358248424,1785909682478384424,120,true,0.505391,0.756377
65c8cc1e-fb1d-4aa2-b4f7-6973dbb5c776,d17244fd-0b3d-4607-90cb-8c7a1de3ce43,580,1785909682513373424,1785909682933873424,420,true,0.530115,0.638615
65c8cc1e-fb1d-4aa2-b4f7-6973dbb5c776,d17244fd-0b3d-4607-90cb-8c7a1de3ce43,581,1785909682958877424,1785909683614508424,655,true,0.542923,0.565919
65c8cc1e-fb1d-4aa2-b4f7-6973dbb5c776,d17244fd-0b3d-4607-90cb-8c7a1de3ce43,582,1785909683844622424,1785909683994872424,150,true,0.680153,0.563051
65c8cc1e-fb1d-4aa2-b4f7-6973dbb5c776,d17244fd-0b3d-4607-90cb-8c7a1de3ce43,583,1785909684044872424,1785909684265122424,220,true,0.543609,0.120127
65c8cc1e-fb1d-4aa2-b4f7-6973dbb5c776,d17244fd-0b3d-4607-90cb-8c7a1de3ce43,584,1785909684290122424,1785909684950747424,660,true,0.546757,0.093163
65c8cc1e-fb1d-4aa2-b4f7-6973dbb5c776,d17244fd-0b3d-4607-90cb-8c7a1de3ce43,585,1785909684995755424,1785909685125872424,130,true,0.534305,0.372971
65c8cc1e-fb1d-4aa2-b4f7-6973dbb5c776,d17244fd-0b3d-4607-90cb-8c7a1de3ce43,586,1785909685160872424,1785909685361122424,200,true,0.604737,0.425581
65c8cc1e-fb1d-4aa2-b4f7-6973dbb5c776,d17244fd-0b3d-4607-90cb-8c7a1de3ce43,587,1785909685496247424,1785909685641371424,145,true,0.504112,0.755879
65c8cc1e-fb1d-4aa2-b4f7-6973dbb5c776,d17244fd-0b3d-4607-90cb-8c7a1de3ce43,588,1785909685671371424,1785909685856496424,185,true,0.556439,0.669626
65c8cc1e-fb1d-4aa2-b4f7-6973dbb5c776,d17244fd-0b3d-4607-90cb-8c7a1de3ce43,589,1785909685886621424,1785909686026759424,140,true,0.606562,0.592892
65c8cc1e-fb1d-4aa2-b4f7-6973dbb5c776,d17244fd-0b3d-4607-90cb-8c7a1de3ce43,590,1785909686066752424,1785909686497121424,430,true,0.592345,0.319575
65c8cc1e-fb1d-4aa2-b4f7-6973dbb5c776,d17244fd-0b3d-4607-90cb-8c7a1de3ce43,591,1785909686532246424,1785909686722371424,190,true,0.607011,0.433627
65c8cc1e-fb1d-4aa2-b4f7-6973dbb5c776,d17244fd-0b3d-4607-90cb-8c7a1de3ce43,592,1785909686757371424,1785909686907507424,150,true,0.507634,0.609956
65c8cc1e-fb1d-4aa2-b4f7-6973dbb5c776,d17244fd-0b3d-4607-90cb-8c7a1de3ce43,593,1785909686942621424,1785909687087746424,145,true,0.616879,0.582006
65c8cc1e-fb1d-4aa2-b4f7-6973dbb5c776,d17244fd-0b3d-4607-90cb-8c7a1de3ce43,594,1785909687122746424,1785909687473121424,350,true,0.598978,0.415169
65c8cc1e-fb1d-4aa2-b4f7-6973dbb5c776,d17244fd-0b3d-4607-90cb-8c7a1de3ce43,595,1785909687503125424,1785909687698254424,195,true,0.585711,0.4731
65c8cc1e-fb1d-4aa2-b4f7-6973dbb5c776,d17244fd-0b3d-4607-90cb-8c7a1de3ce43,596,1785909687853370424,1785909688063620424,210,true,0.613879,0.450364
65c8cc1e-fb1d-4aa2-b4f7-6973dbb5c776,d17244fd-0b3d-4607-90cb-8c7a1de3ce43,597,1785909688103620424,1785909688574120424,470,true,0.532348,0.671318
65c8cc1e-fb1d-4aa2-b4f7-6973dbb5c776,d17244fd-0b3d-4607-90cb-8c7a1de3ce43,598,1785909688619123424,1785909688739245424,120,true,0.539265,0.320549
65c8cc1e-fb1d-4aa2-b4f7-6973dbb5c776,d17244fd-0b3d-4607-90cb-8c7a1de3ce43,599,1785909688929495424,1785909689099620424,170,false,0.613647,-0.029969
65c8cc1e-fb1d-4aa2-b4f7-6973dbb5c776,d17244fd-0b3d-4607-90cb-8c7a1de3ce43,600,1785909689129620424,1785909689239745424,110,false,0.527559,-0.023166
65c8cc1e-fb1d-4aa2-b4f7-6973dbb5c776,d17244fd-0b3d-4607-90cb-8c7a1de3ce43,601,1785909689444873424,1785909690065494424,620,true,0.557873,0.108204
65c8cc1e-fb1d-4aa2-b4f7-6973dbb5c776,d17244fd-0b3d-4607-90cb-8c7a1de3ce43,602,1785909690095494424,1785909690175620424,80,true,0.511632,0.074168
65c8cc1e-fb1d-4aa2-b4f7-6973dbb5c776,d17244fd-0b3d-4607-90cb-8c7a1de3ce43,603,1785909690370744424,1785909690761119424,390,true,0.516735,0.39247
65c8cc1e-fb1d-4aa2-b4f7-6973dbb5c776,d17244fd-0b3d-4607-90cb-8c7a1de3ce43,604,1785909690801248424,1785909690991369424,190,true,0.55671,0.708739
65c8cc1e-fb1d-4aa2-b4f7-6973dbb5c776,d17244fd-0b3d-4607-90cb-8c7a1de3ce43,605,1785909691026369424,1785909691496869424,470,true,0.500452,0.715959
65c8cc1e-fb1d-4aa2-b4f7-6973dbb5c776,d17244fd-0b3d-4607-90cb-8c7a1de3ce43,606,1785909691732119424,1785909692162493424,430,true,0.523788,0.666294
65c8cc1e-fb1d-4aa2-b4f7-6973dbb5c776,d17244fd-0b3d-4607-90cb-8c7a1de3ce43,607,1785909692192494424,1785909692507743424,315,true,0.510085,0.552605
65c8cc1e-fb1d-4aa2-b4f7-6973dbb5c776,d17244fd-0b3d-4607-90cb-8c7a1de3ce43,608,1785909692537868424,1785909692767996424,230,true,0.498245,0.384874
65c8cc1e-fb1d-4aa2-b4f7-6973dbb5c776,d17244fd-0b3d-4607-90cb-8c7a1de3ce43,609,1785909692808118424,1785909693028243424,220,true,0.469901,0.629737
65c8cc1e-fb1d-4aa2-b4f7-6973dbb5c776,d17244fd-0b3d-4607-90cb-8c7a1de3ce43,610,1785909693118368424,1785909693258493424,140,true,0.425315,0.886148
65c8cc1e-fb1d-4aa2-b4f7-6973dbb5c776,d17244fd-0b3d-4607-90cb-8c7a1de3ce43,611,1785909693298493424,1785909693398618424,100,true,0.252744,0.600082
65c8cc1e-fb1d-4aa2-b4f7-6973dbb5c776,d17244fd-0b3d-4607-90cb-8c7a1de3ce43,613,1785909694284500424,1785909694309492424,24,true,0.667705,0.088656
65c8cc1e-fb1d-4aa2-b4f7-6973dbb5c776,d17244fd-0b3d-4607-90cb-8c7a1de3ce43,614,1785909694985117424,1785909695205367424,220,true,0.223526,0.233929
65c8cc1e-fb1d-4aa2-b4f7-6973dbb5c776,d17244fd-0b3d-4607-90cb-8c7a1de3ce43,615,1785909695730871424,1785909695775867424,44,true,0.256339,0.294436
65c8cc1e-fb1d-4aa2-b4f7-6973dbb5c776,d17244fd-0b3d-4607-90cb-8c7a1de3ce43,616,1785909696226241424,1785909696346367424,120,true,0.2968,0.158521
65c8cc1e-fb1d-4aa2-b4f7-6973dbb5c776,d17244fd-0b3d-4607-90cb-8c7a1de3ce43,617,1785909696476492424,1785909696561616424,85,true,0.168951,0.146495
65c8cc1e-fb1d-4aa2-b4f7-6973dbb5c776,d17244fd-0b3d-4607-90cb-8c7a1de3ce43,618,1785909696661627424,1785909696896868424,235,true,0.327126,0.250378
65c8cc1e-fb1d-4aa2-b4f7-6973dbb5c776,d17244fd-0b3d-4607-90cb-8c7a1de3ce43,619,1785909697142116424,1785909697477491424,335,true,0.423878,0.189111
65c8cc1e-fb1d-4aa2-b4f7-6973dbb5c776,d17244fd-0b3d-4607-90cb-8c7a1de3ce43,620,1785909697527491424,1785909697752741424,225,true,0.341045,0.453075
65c8cc1e-fb1d-4aa2-b4f7-6973dbb5c776,d17244fd-0b3d-4607-90cb-8c7a1de3ce43,621,1785909697807741424,1785909697987866424,180,true,0.538379,0.651686
65c8cc1e-fb1d-4aa2-b4f7-6973dbb5c776,d17244fd-0b3d-4607-90cb-8c7a1de3ce43,622,1785909698032991424,1785909698358241424,325,true,0.439507,0.567797
65c8cc1e-fb1d-4aa2-b4f7-6973dbb5c776,d17244fd-0b3d-4607-90cb-8c7a1de3ce43,623,1785909698448365424,1785909698548490424,100,true,0.194061,0.338967
65c8cc1e-fb1d-4aa2-b4f7-6973dbb5c776,d17244fd-0b3d-4607-90cb-8c7a1de3ce43,624,1785909698983865424,1785909699183990424,200,true,0.636505,0.500955
65c8cc1e-fb1d-4aa2-b4f7-6973dbb5c776,d17244fd-0b3d-4607-90cb-8c7a1de3ce43,625,1785909699224115424,1785909699514365424,290,true,0.410578,0.39162
65c8cc1e-fb1d-4aa2-b4f7-6973dbb5c776,d17244fd-0b3d-4607-90cb-8c7a1de3ce43,626,1785909699569365424,1785909700079865424,510,true,0.418177,0.418519
65c8cc1e-fb1d-4aa2-b4f7-6973dbb5c776,d17244fd-0b3d-4607-90cb-8c7a1de3ce43,627,1785909700104865424,1785909700360124424,255,true,0.424658,0.594869
65c8cc1e-fb1d-4aa2-b4f7-6973dbb5c776,d17244fd-0b3d-4607-90cb-8c7a1de3ce43,628,1785909700385127424,1785909700530239424,145,true,0.371755,0.604097
65c8cc1e-fb1d-4aa2-b4f7-6973dbb5c776,d17244fd-0b3d-4607-90cb-8c7a1de3ce43,629,1785909700560364424,1785909700670377424,110,true,0.413567,0.668939
65c8cc1e-fb1d-4aa2-b4f7-6973dbb5c776,d17244fd-0b3d-4607-90cb-8c7a1de3ce43,630,1785909700705489424,1785909700880614424,175,true,0.501657,0.636088
65c8cc1e-fb1d-4aa2-b4f7-6973dbb5c776,d17244fd-0b3d-4607-90cb-8c7a1de3ce43,631,1785909700915614424,1785909700945739424,30,true,0.525107,0.560017
65c8cc1e-fb1d-4aa2-b4f7-6973dbb5c776,d17244fd-0b3d-4607-90cb-8c7a1de3ce43,632,1785909701160864424,1785909701270989424,110,true,0.554601,0.463006
65c8cc1e-fb1d-4aa2-b4f7-6973dbb5c776,d17244fd-0b3d-4607-90cb-8c7a1de3ce43,634,1785909701976614424,1785909702016739424,40,true,0.637193,0.193806
65c8cc1e-fb1d-4aa2-b4f7-6973dbb5c776,d17244fd-0b3d-4607-90cb-8c7a1de3ce43,636,1785909702807488424,1785909702852488424,45,true,0.598071,0.194041
65c8cc1e-fb1d-4aa2-b4f7-6973dbb5c776,d17244fd-0b3d-4607-90cb-8c7a1de3ce43,637,1785909703087738424,1785909703362998424,275,true,0.483305,0.296891
65c8cc1e-fb1d-4aa2-b4f7-6973dbb5c776,d17244fd-0b3d-4607-90cb-8c7a1de3ce43,638,1785909703553113424,1785909703858363424,305,true,0.581593,0.30614
65c8cc1e-fb1d-4aa2-b4f7-6973dbb5c776,d17244fd-0b3d-4607-90cb-8c7a1de3ce43,639,1785909704248738424,1785909704544119424,295,true,0.523939,0.297353
65c8cc1e-fb1d-4aa2-b4f7-6973dbb5c776,d17244fd-0b3d-4607-90cb-8c7a1de3ce43,640,1785909704579114424,1785909704959487424,380,true,0.484614,0.151948
65c8cc1e-fb1d-4aa2-b4f7-6973dbb5c776,d17244fd-0b3d-4607-90cb-8c7a1de3ce43,641,1785909705179612424,1785909705439862424,260,true,0.573194,0.58954
65c8cc1e-fb1d-4aa2-b4f7-6973dbb5c776,d17244fd-0b3d-4607-90cb-8c7a1de3ce43,642,1785909705479987424,1785909705635112424,155,true,0.596336,0.71129
65c8cc1e-fb1d-4aa2-b4f7-6973dbb5c776,d17244fd-0b3d-4607-90cb-8c7a1de3ce43,643,1785909705680122424,1785909706130486424,450,true,0.529747,0.759325
65c8cc1e-fb1d-4aa2-b4f7-6973dbb5c776,d17244fd-0b3d-4607-90cb-8c7a1de3ce43,644,1785909706165612424,1785909706836236424,670,true,0.438114,0.672431
65c8cc1e-fb1d-4aa2-b4f7-6973dbb5c776,d17244fd-0b3d-4607-90cb-8c7a1de3ce43,645,1785909706876236424,1785909707046361424,170,true,0.307566,0.513066
65c8cc1e-fb1d-4aa2-b4f7-6973dbb5c776,d17244fd-0b3d-4607-90cb-8c7a1de3ce43,646,1785909707326621424,1785909707456736424,130,true,0.68402,0.464626
65c8cc1e-fb1d-4aa2-b4f7-6973dbb5c776,d17244fd-0b3d-4607-90cb-8c7a1de3ce43,647,1785909707506861424,1785909707842111424,335,true,0.390394,0.616777
65c8cc1e-fb1d-4aa2-b4f7-6973dbb5c776,d17244fd-0b3d-4607-90cb-8c7a1de3ce43,648,1785909707877236424,1785909708182486424,305,true,0.583211,0.542824
65c8cc1e-fb1d-4aa2-b4f7-6973dbb5c776,d17244fd-0b3d-4607-90cb-8c7a1de3ce43,649,1785909708227486424,1785909708482735424,255,true,0.540619,0.710088
65c8cc1e-fb1d-4aa2-b4f7-6973dbb5c776,d17244fd-0b3d-4607-90cb-8c7a1de3ce43,650,1785909708717985424,1785909708893110424,175,true,0.577222,0.542391
65c8cc1e-fb1d-4aa2-b4f7-6973dbb5c776,d17244fd-0b3d-4607-90cb-8c7a1de3ce43,651,1785909708933110424,1785909709058235424,125,true,0.576023,0.337536
65c8cc1e-fb1d-4aa2-b4f7-6973dbb5c776,d17244fd-0b3d-4607-90cb-8c7a1de3ce43,652,1785909709083363424,1785909709303485424,220,true,0.628509,0.389537
65c8cc1e-fb1d-4aa2-b4f7-6973dbb5c776,d17244fd-0b3d-4607-90cb-8c7a1de3ce43,653,1785909709328485424,1785909709563735424,235,true,0.589766,0.451705
65c8cc1e-fb1d-4aa2-b4f7-6973dbb5c776,d17244fd-0b3d-4607-90cb-8c7a1de3ce43,654,1785909709603735424,1785909709884110424,280,true,0.520628,0.634796
65c8cc1e-fb1d-4aa2-b4f7-6973dbb5c776,d17244fd-0b3d-4607-90cb-8c7a1de3ce43,655,1785909709909109424,1785909709999110424,90,true,0.5803,0.562653
65c8cc1e-fb1d-4aa2-b4f7-6973dbb5c776,d17244fd-0b3d-4607-90cb-8c7a1de3ce43,656,1785909710034245424,1785909710354484424,320,true,0.605365,0.363266
65c8cc1e-fb1d-4aa2-b4f7-6973dbb5c776,d17244fd-0b3d-4607-90cb-8c7a1de3ce43,657,1785909710564734424,1785909711435484424,870,true,0.640739,0.257684
65c8cc1e-fb1d-4aa2-b4f7-6973dbb5c776,d17244fd-0b3d-4607-90cb-8c7a1de3ce43,658,1785909711720733424,1785909712031108424,310,false,0.543476,-0.037869
65c8cc1e-fb1d-4aa2-b4f7-6973dbb5c776,d17244fd-0b3d-4607-90cb-8c7a1de3ce43,659,1785909712066115424,1785909712601608424,535,true,0.537991,0.085351
65c8cc1e-fb1d-4aa2-b4f7-6973dbb5c776,d17244fd-0b3d-4607-90cb-8c7a1de3ce43,660,1785909712836858424,1785909713172107424,335,true,0.534358,0.515115
65c8cc1e-fb1d-4aa2-b4f7-6973dbb5c776,d17244fd-0b3d-4607-90cb-8c7a1de3ce43,661,1785909713212233424,1785909713322233424,110,true,0.369388,0.57075
65c8cc1e-fb1d-4aa2-b4f7-6973dbb5c776,d17244fd-0b3d-4607-90cb-8c7a1de3ce43,662,1785909713362358424,1785909713492482424,130,true,0.498346,0.755521
65c8cc1e-fb1d-4aa2-b4f7-6973dbb5c776,d17244fd-0b3d-4607-90cb-8c7a1de3ce43,663,1785909713517482424,1785909714553482424,1036,true,0.52689,0.60527
65c8cc1e-fb1d-4aa2-b4f7-6973dbb5c776,d17244fd-0b3d-4607-90cb-8c7a1de3ce43,664,1785909714578482424,1785909714833737424,255,true,0.521095,0.42188
65c8cc1e-fb1d-4aa2-b4f7-6973dbb5c776,d17244fd-0b3d-4607-90cb-8c7a1de3ce43,665,1785909715088870424,1785909715224106424,135,true,0.526144,0.329576
65c8cc1e-fb1d-4aa2-b4f7-6973dbb5c776,d17244fd-0b3d-4607-90cb-8c7a1de3ce43,666,1785909715279107424,1785909715464231424,185,true,0.513179,0.748571
65c8cc1e-fb1d-4aa2-b4f7-6973dbb5c776,d17244fd-0b3d-4607-90cb-8c7a1de3ce43,667,1785909715559356424,1785909715724481424,165,false,0.197465,2.214242
65c8cc1e-fb1d-4aa2-b4f7-6973dbb5c776,d17244fd-0b3d-4607-90cb-8c7a1de3ce43,668,1785909715864606424,1785909716064856424,200,true,0.535728,0.426835
65c8cc1e-fb1d-4aa2-b4f7-6973dbb5c776,d17244fd-0b3d-4607-90cb-8c7a1de3ce43,669,1785909716199981424,1785909716295106424,95,true,0.636496,0.275193
65c8cc1e-fb1d-4aa2-b4f7-6973dbb5c776,d17244fd-0b3d-4607-90cb-8c7a1de3ce43,670,1785909716530231424,1785909716895605424,365,true,0.4305,0.282126
65c8cc1e-fb1d-4aa2-b4f7-6973dbb5c776,d17244fd-0b3d-4607-90cb-8c7a1de3ce43,671,1785909716945730424,1785909717090855424,145,true,0.566298,0.546136
65c8cc1e-fb1d-4aa2-b4f7-6973dbb5c776,d17244fd-0b3d-4607-90cb-8c7a1de3ce43,672,1785909717115855424,1785909717260980424,145,true,0.612053,0.572146
65c8cc1e-fb1d-4aa2-b4f7-6973dbb5c776,d17244fd-0b3d-4607-90cb-8c7a1de3ce43,673,1785909717300980424,1785909717431105424,130,true,0.634437,0.245034
65c8cc1e-fb1d-4aa2-b4f7-6973dbb5c776,d17244fd-0b3d-4607-90cb-8c7a1de3ce43,674,1785909717476105424,1785909717656355424,180,true,0.493587,0.652044
65c8cc1e-fb1d-4aa2-b4f7-6973dbb5c776,d17244fd-0b3d-4607-90cb-8c7a1de3ce43,675,1785909717701355424,1785909717861480424,160,true,0.618589,0.30209
65c8cc1e-fb1d-4aa2-b4f7-6973dbb5c776,d17244fd-0b3d-4607-90cb-8c7a1de3ce43,676,1785909718101730424,1785909718492104424,390,true,0.603568,0.242587
65c8cc1e-fb1d-4aa2-b4f7-6973dbb5c776,d17244fd-0b3d-4607-90cb-8c7a1de3ce43,677,1785909718517121424,1785909718647229424,130,true,0.662283,0.28089
65c8cc1e-fb1d-4aa2-b4f7-6973dbb5c776,d17244fd-0b3d-4607-90cb-8c7a1de3ce43,678,1785909718677354424,1785909718907479424,230,true,0.59914,0.412463
65c8cc1e-fb1d-4aa2-b4f7-6973dbb5c776,d17244fd-0b3d-4607-90cb-8c7a1de3ce43,679,1785909718937479424,1785909719162729424,225,true,0.646611,0.274264
65c8cc1e-fb1d-4aa2-b4f7-6973dbb5c776,d17244fd-0b3d-4607-90cb-8c7a1de3ce43,680,1785909719352979424,1785909719888479424,535,true,0.578946,0.248313
65c8cc1e-fb1d-4aa2-b4f7-6973dbb5c776,d17244fd-0b3d-4607-90cb-8c7a1de3ce43,681,1785909719918487424,1785909720233733424,315,true,0.559,0.163147
65c8cc1e-fb1d-4aa2-b4f7-6973dbb5c776,d17244fd-0b3d-4607-90cb-8c7a1de3ce43,682,1785909720263728424,1785909720599103424,335,true,0.516622,0.083059
65c8cc1e-fb1d-4aa2-b4f7-6973dbb5c776,d17244fd-0b3d-4607-90cb-8c7a1de3ce43,683,1785909720654103424,1785909721084603424,430,true,0.512207,0.472186
65c8cc1e-fb1d-4aa2-b4f7-6973dbb5c776,d17244fd-0b3d-4607-90cb-8c7a1de3ce43,684,1785909721114620424,1785909721269732424,155,true,0.597417,0.504397
65c8cc1e-fb1d-4aa2-b4f7-6973dbb5c776,d17244fd-0b3d-4607-90cb-8c7a1de3ce43,685,1785909721304728424,1785909721509978424,205,true,0.50193,0.526149
65c8cc1e-fb1d-4aa2-b4f7-6973dbb5c776,d17244fd-0b3d-4607-90cb-8c7a1de3ce43,686,1785909721549978424,1785909721740103424,190,true,0.510404,0.679407
65c8cc1e-fb1d-4aa2-b4f7-6973dbb5c776,d17244fd-0b3d-4607-90cb-8c7a1de3ce43,687,1785909721760227424,1785909722911227424,1151,true,0.533363,0.571362
65c8cc1e-fb1d-4aa2-b4f7-6973dbb5c776,d17244fd-0b3d-4607-90cb-8c7a1de3ce43,688,1785909723046363424,1785909723171477424,125,true,0.691153,0.600027
65c8cc1e-fb1d-4aa2-b4f7-6973dbb5c776,d17244fd-0b3d-4607-90cb-8c7a1de3ce43,689,1785909723371739424,1785909723546851424,175,true,0.537148,0.157797
65c8cc1e-fb1d-4aa2-b4f7-6973dbb5c776,d17244fd-0b3d-4607-90cb-8c7a1de3ce43,690,1785909723581851424,1785909723827101424,245,true,0.647147,0.48485
65c8cc1e-fb1d-4aa2-b4f7-6973dbb5c776,d17244fd-0b3d-4607-90cb-8c7a1de3ce43,691,1785909723862101424,1785909723947233424,85,true,0.496091,0.375746
65c8cc1e-fb1d-4aa2-b4f7-6973dbb5c776,d17244fd-0b3d-4607-90cb-8c7a1de3ce43,692,1785909724067351424,1785909724312601424,245,true,0.53834,0.112568
65c8cc1e-fb1d-4aa2-b4f7-6973dbb5c776,d17244fd-0b3d-4607-90cb-8c7a1de3ce43,693,1785909724352601424,1785909724497726424,145,true,0.569535,0.352407
65c8cc1e-fb1d-4aa2-b4f7-6973dbb5c776,d17244fd-0b3d-4607-90cb-8c7a1de3ce43,694,1785909724527726424,1785909724707976424,180,true,0.604332,0.411796
65c8cc1e-fb1d-4aa2-b4f7-6973dbb5c776,d17244fd-0b3d-4607-90cb-8c7a1de3ce43,695,1785909724903100424,1785909725108351424,205,true,0.6092,0.22562
65c8cc1e-fb1d-4aa2-b4f7-6973dbb5c776,d17244fd-0b3d-4607-90cb-8c7a1de3ce43,696,1785909725148350424,1785909725253480424,105,true,0.387788,0.273924
65c8cc1e-fb1d-4aa2-b4f7-6973dbb5c776,d17244fd-0b3d-4607-90cb-8c7a1de3ce43,697,1785909725298475424,1785909725498725424,200,true,0.628945,0.290163
65c8cc1e-fb1d-4aa2-b4f7-6973dbb5c776,d17244fd-0b3d-4607-90cb-8c7a1de3ce43,698,1785909725738854424,1785909726174350424,435,true,0.672428,0.148083
65c8cc1e-fb1d-4aa2-b4f7-6973dbb5c776,d17244fd-0b3d-4607-90cb-8c7a1de3ce43,699,1785909726199350424,1785909726359475424,160,true,0.658068,0.245099
65c8cc1e-fb1d-4aa2-b4f7-6973dbb5c776,d17244fd-0b3d-4607-90cb-8c7a1de3ce43,700,1785909726389475424,1785909726924974424,535,true,0.57958,0.25301
65c8cc1e-fb1d-4aa2-b4f7-6973dbb5c776,d17244fd-0b3d-4607-90cb-8c7a1de3ce43,701,1785909726950099424,1785909727115224424,165,true,0.664509,0.24865
65c8cc1e-fb1d-4aa2-b4f7-6973dbb5c776,d17244fd-0b3d-4607-90cb-8c7a1de3ce43,702,1785909727345349424,1785909727490599424,145,true,0.663488,0.288664
65c8cc1e-fb1d-4aa2-b4f7-6973dbb5c776,d17244fd-0b3d-4607-90cb-8c7a1de3ce43,703,1785909727530599424,1785909727685724424,155,true,0.594915,0.508268
65c8cc1e-fb1d-4aa2-b4f7-6973dbb5c776,d17244fd-0b3d-4607-90cb-8c7a1de3ce43,704,1785909727730731424,1785909727895988424,165,true,0.452194,0.640745
65c8cc1e-fb1d-4aa2-b4f7-6973dbb5c776,d17244fd-0b3d-4607-90cb-8c7a1de3ce43,705,1785909728010980424,1785909728111098424,100,false,0.281134,2.003844
65c8cc1e-fb1d-4aa2-b4f7-6973dbb5c776,d17244fd-0b3d-4607-90cb-8c7a1de3ce43,706,1785909728296348424,1785909728446473424,150,true,0.560829,0.261121
65c8cc1e-fb1d-4aa2-b4f7-6973dbb5c776,d17244fd-0b3d-4607-90cb-8c7a1de3ce43,707,1785909728481473424,1785909729337223424,855,true,0.527988,0.107864
65c8cc1e-fb1d-4aa2-b4f7-6973dbb5c776,d17244fd-0b3d-4607-90cb-8c7a1de3ce43,708,1785909729357348424,1785909729832727424,475,true,0.510997,0.075289
65c8cc1e-fb1d-4aa2-b4f7-6973dbb5c776,d17244fd-0b3d-4607-90cb-8c7a1de3ce43,709,1785909730032978424,1785909730193101424,160,true,0.506789,0.465317
65c8cc1e-fb1d-4aa2-b4f7-6973dbb5c776,d17244fd-0b3d-4607-90cb-8c7a1de3ce43,710,1785909730223097424,1785909730393222424,170,true,0.519977,0.590257
65c8cc1e-fb1d-4aa2-b4f7-6973dbb5c776,d17244fd-0b3d-4607-90cb-8c7a1de3ce43,711,1785909730428347424,1785909730593480424,165,true,0.496424,0.351765
65c8cc1e-fb1d-4aa2-b4f7-6973dbb5c776,d17244fd-0b3d-4607-90cb-8c7a1de3ce43,712,1785909730628472424,1785909731003847424,375,true,0.532293,0.523254
65c8cc1e-fb1d-4aa2-b4f7-6973dbb5c776,d17244fd-0b3d-4607-90cb-8c7a1de3ce43,713,1785909731038847424,1785909731213972424,175,true,0.673329,0.612816
3277af4e-23b9-4636-9d07-84c6e38ed564,d17244fd-0b3d-4607-90cb-8c7a1de3ce43,747,1785909740828090424,1785909740918090424,90,true,0.495104,0.484997
3277af4e-23b9-4636-9d07-84c6e38ed564,d17244fd-0b3d-4607-90cb-8c7a1de3ce43,748,1785909740953101424,1785909741118354424,165,true,0.565843,0.468746
3277af4e-23b9-4636-9d07-84c6e38ed564,d17244fd-0b3d-4607-90cb-8c7a1de3ce43,749,1785909741453590424,1785909741498715424,45,true,0.539188,0.201601
3277af4e-23b9-4636-9d07-84c6e38ed564,d17244fd-0b3d-4607-90cb-8c7a1de3ce43,750,1785909741823964424,1785909742334464424,510,true,0.517168,0.085817
3277af4e-23b9-4636-9d07-84c6e38ed564,d17244fd-0b3d-4607-90cb-8c7a1de3ce43,751,1785909742509589424,1785909742779839424,270,true,0.509548,0.106408
3277af4e-23b9-4636-9d07-84c6e38ed564,d17244fd-0b3d-4607-90cb-8c7a1de3ce43,752,1785909742829848424,1785909743555588424,725,true,0.481089,0.441473
3277af4e-23b9-4636-9d07-84c6e38ed564,d17244fd-0b3d-4607-90cb-8c7a1de3ce43,753,1785909743605588424,1785909743765838424,160,true,0.472502,0.695304
3277af4e-23b9-4636-9d07-84c6e38ed564,d17244fd-0b3d-4607-90cb-8c7a1de3ce43,754,1785909743800838424,1785909743950963424,150,true,0.591753,0.576321
3277af4e-23b9-4636-9d07-84c6e38ed564,d17244fd-0b3d-4607-90cb-8c7a1de3ce43,755,1785909743980963424,1785909744126088424,145,true,0.515038,0.593833
3277af4e-23b9-4636-9d07-84c6e38ed564,d17244fd-0b3d-4607-90cb-8c7a1de3ce43,756,1785909744371338424,1785909744586588424,215,true,0.548174,0.523356
3277af4e-23b9-4636-9d07-84c6e38ed564,d17244fd-0b3d-4607-90cb-8c7a1de3ce43,757,1785909744601590424,1785909744776723424,175,true,0.502886,0.589539
3277af4e-23b9-4636-9d07-84c6e38ed564,d17244fd-0b3d-4607-90cb-8c7a1de3ce43,758,1785909744796720424,1785909745372341424,575,true,0.549678,0.576725
3277af4e-23b9-4636-9d07-84c6e38ed564,d17244fd-0b3d-4607-90cb-8c7a1de3ce43,759,1785909745402337424,1785909745777718424,375,true,0.659978,0.599854
3277af4e-23b9-4636-9d07-84c6e38ed564,d17244fd-0b3d-4607-90cb-8c7a1de3ce43,760,1785909745822716424,1785909745932836424,110,true,0.49985,0.410609
3277af4e-23b9-4636-9d07-84c6e38ed564,d17244fd-0b3d-4607-90cb-8c7a1de3ce43,761,1785909745972836424,1785909746203086424,230,true,0.549939,0.632403
3277af4e-23b9-4636-9d07-84c6e38ed564,d17244fd-0b3d-4607-90cb-8c7a1de3ce43,762,1785909746233086424,1785909746488336424,255,true,0.659925,0.600314
3277af4e-23b9-4636-9d07-84c6e38ed564,d17244fd-0b3d-4607-90cb-8c7a1de3ce43,763,1785909746618461424,1785909746733586424,115,true,0.474173,0.384035
3277af4e-23b9-4636-9d07-84c6e38ed564,d17244fd-0b3d-4607-90cb-8c7a1de3ce43,764,1785909746783586424,1785909746973836424,190,true,0.630657,0.49295
3277af4e-23b9-4636-9d07-84c6e38ed564,d17244fd-0b3d-4607-90cb-8c7a1de3ce43,765,1785909747008836424,1785909747213962424,205,true,0.492242,0.374243
3277af4e-23b9-4636-9d07-84c6e38ed564,d17244fd-0b3d-4607-90cb-8c7a1de3ce43,766,1785909747249085424,1785909747524335424,275,true,0.66402,0.528247
3277af4e-23b9-4636-9d07-84c6e38ed564,d17244fd-0b3d-4607-90cb-8c7a1de3ce43,767,1785909747554335424,1785909747719460424,165,true,0.568653,0.477757
3277af4e-23b9-4636-9d07-84c6e38ed564,d17244fd-0b3d-4607-90cb-8c7a1de3ce43,768,1785909747739460424,1785909748099835424,360,true,0.60721,0.439507
3277af4e-23b9-4636-9d07-84c6e38ed564,d17244fd-0b3d-4607-90cb-8c7a1de3ce43,769,1785909748320085424,1785909749120834424,800,true,0.643384,0.278544
3277af4e-23b9-4636-9d07-84c6e38ed564,d17244fd-0b3d-4607-90cb-8c7a1de3ce43,770,1785909749160834424,1785909749310959424,150,true,0.56464,0.289153
3277af4e-23b9-4636-9d07-84c6e38ed564,d17244fd-0b3d-4607-90cb-8c7a1de3ce43,771,1785909749486084424,1785909749611209424,125,true,0.53968,0.39089
3277af4e-23b9-4636-9d07-84c6e38ed564,d17244fd-0b3d-4607-90cb-8c7a1de3ce43,772,1785909749651335424,1785909749796459424,145,true,0.464234,0.642933
3277af4e-23b9-4636-9d07-84c6e38ed564,d17244fd-0b3d-4607-90cb-8c7a1de3ce43,773,1785909749826459424,1785909750176834424,350,true,0.568457,0.589591
3277af4e-23b9-4636-9d07-84c6e38ed564,d17244fd-0b3d-4607-90cb-8c7a1de3ce43,774,1785909750206834424,1785909750537241424,330,true,0.607193,0.418929
3277af4e-23b9-4636-9d07-84c6e38ed564,d17244fd-0b3d-4607-90cb-8c7a1de3ce43,775,1785909750702491424,1785909750802491424,100,true,0.606694,0.190373
3277af4e-23b9-4636-9d07-84c6e38ed564,d17244fd-0b3d-4607-90cb-8c7a1de3ce43,776,1785909750847618424,1785909751077741424,230,true,0.375151,0.274824
3277af4e-23b9-4636-9d07-84c6e38ed564,d17244fd-0b3d-4607-90cb-8c7a1de3ce43,777,1785909751157866424,1785909751368116424,210,true,0.089875,0.083286
3277af4e-23b9-4636-9d07-84c6e38ed564,d17244fd-0b3d-4607-90cb-8c7a1de3ce43,778,1785909751433116424,1785909751703366424,270,true,0.585383,0.088467
3277af4e-23b9-4636-9d07-84c6e38ed564,d17244fd-0b3d-4607-90cb-8c7a1de3ce43,779,1785909751738366424,1785909752018616424,280,true,0.510888,0.028819
3277af4e-23b9-4636-9d07-84c6e38ed564,d17244fd-0b3d-4607-90cb-8c7a1de3ce43,780,1785909752048741424,1785909752278866424,230,true,0.532137,0.096038
3277af4e-23b9-4636-9d07-84c6e38ed564,d17244fd-0b3d-4607-90cb-8c7a1de3ce43,781,1785909752449116424,1785909753034616424,585,true,0.513071,0.061775
3277af4e-23b9-4636-9d07-84c6e38ed564,d17244fd-0b3d-4607-90cb-8c7a1de3ce43,782,1785909753069616424,1785909753289866424,220,false,0.421591,-0.021106
3277af4e-23b9-4636-9d07-84c6e38ed564,d17244fd-0b3d-4607-90cb-8c7a1de3ce43,783,1785909753339866424,1785909753615116424,275,true,0.491945,0.403922
3277af4e-23b9-4636-9d07-84c6e38ed564,d17244fd-0b3d-4607-90cb-8c7a1de3ce43,784,1785909753660245424,1785909753890376424,230,true,0.662018,0.62679
3277af4e-23b9-4636-9d07-84c6e38ed564,d17244fd-0b3d-4607-90cb-8c7a1de3ce43,785,1785909753940491424,1785909754120615424,180,true,0.509463,0.1102
3277af4e-23b9-4636-9d07-84c6e38ed564,d17244fd-0b3d-4607-90cb-8c7a1de3ce43,786,1785909754315875424,1785909754510991424,195,true,0.516479,0.454119
3277af4e-23b9-4636-9d07-84c6e38ed564,d17244fd-0b3d-4607-90cb-8c7a1de3ce43,787,1785909754550990424,1785909754951365424,400,true,0.50626,0.75765
3277af4e-23b9-4636-9d07-84c6e38ed564,d17244fd-0b3d-4607-90cb-8c7a1de3ce43,788,1785909754986490424,1785909755131615424,145,true,0.333947,0.555397
3277af4e-23b9-4636-9d07-84c6e38ed564,d17244fd-0b3d-4607-90cb-8c7a1de3ce43,789,1785909755171615424,1785909755827240424,655,true,0.47941,0.52443
3277af4e-23b9-4636-9d07-84c6e38ed564,d17244fd-0b3d-4607-90cb-8c7a1de3ce43,790,1785909755867240424,1785909755982365424,115,true,0.529055,0.335458
3277af4e-23b9-4636-9d07-84c6e38ed564,d17244fd-0b3d-4607-90cb-8c7a1de3ce43,791,1785909756197615424,1785909756382747424,185,true,0.499062,0.460735
3277af4e-23b9-4636-9d07-84c6e38ed564,d17244fd-0b3d-4607-90cb-8c7a1de3ce43,792,1785909756412740424,1785909756622990424,210,true,0.492832,0.568848
3277af4e-23b9-4636-9d07-84c6e38ed564,d17244fd-0b3d-4607-90cb-8c7a1de3ce43,793,1785909756662990424,1785909756778115424,115,true,0.321467,0.555354
3277af4e-23b9-4636-9d07-84c6e38ed564,d17244fd-0b3d-4607-90cb-8c7a1de3ce43,794,1785909756818115424,1785909757038365424,220,true,0.507076,0.432578
3277af4e-23b9-4636-9d07-84c6e38ed564,d17244fd-0b3d-4607-90cb-8c7a1de3ce43,795,1785909757068365424,1785909757769115424,700,true,0.502996,0.531571
3277af4e-23b9-4636-9d07-84c6e38ed564,d17244fd-0b3d-4607-90cb-8c7a1de3ce43,796,1785909757809115424,1785909757944240424,135,true,0.477244,0.610589
3277af4e-23b9-4636-9d07-84c6e38ed564,d17244fd-0b3d-4607-90cb-8c7a1de3ce43,797,1785909758124365424,1785909758334615424,210,true,0.461341,0.545275
3277af4e-23b9-4636-9d07-84c6e38ed564,d17244fd-0b3d-4607-90cb-8c7a1de3ce43,798,1785909758364615424,1785909758714990424,350,true,0.492118,0.609595
3277af4e-23b9-4636-9d07-84c6e38ed564,d17244fd-0b3d-4607-90cb-8c7a1de3ce43,799,1785909758759990424,1785909758950115424,190,true,0.402899,0.50094
3277af4e-23b9-4636-9d07-84c6e38ed564,d17244fd-0b3d-4607-90cb-8c7a1de3ce43,800,1785909758990240424,1785909759145365424,155,true,0.513523,0.306139
3277af4e-23b9-4636-9d07-84c6e38ed564,d17244fd-0b3d-4607-90cb-8c7a1de3ce43,801,1785909759180377424,1785909759330490424,150,true,0.503555,0.099844
3277af4e-23b9-4636-9d07-84c6e38ed564,d17244fd-0b3d-4607-90cb-8c7a1de3ce43,802,1785909759380623424,1785909760426490424,1045,true,0.495688,0.579573
3277af4e-23b9-4636-9d07-84c6e38ed564,d17244fd-0b3d-4607-90cb-8c7a1de3ce43,803,1785909760461615424,1785909760781864424,320,true,0.491373,0.741286
3277af4e-23b9-4636-9d07-84c6e38ed564,d17244fd-0b3d-4607-90cb-8c7a1de3ce43,804,1785909760987114424,1785909761132239424,145,true,0.38654,0.497263
3277af4e-23b9-4636-9d07-84c6e38ed564,d17244fd-0b3d-4607-90cb-8c7a1de3ce43,805,1785909761172239424,1785909761417489424,245,true,0.513902,0.734705
3277af4e-23b9-4636-9d07-84c6e38ed564,d17244fd-0b3d-4607-90cb-8c7a1de3ce43,806,1785909761462489424,1785909761757739424,295,true,0.525377,0.359942
3277af4e-23b9-4636-9d07-84c6e38ed564,d17244fd-0b3d-4607-90cb-8c7a1de3ce43,807,1785909761787864424,1785909762208239424,420,true,0.585756,0.424755
3277af4e-23b9-4636-9d07-84c6e38ed564,d17244fd-0b3d-4607-90cb-8c7a1de3ce43,808,1785909762243239424,1785909762378364424,135,true,0.635691,0.360502
3277af4e-23b9-4636-9d07-84c6e38ed564,d17244fd-0b3d-4607-90cb-8c7a1de3ce43,809,1785909762398364424,1785909762543489424,145,true,0.585612,0.282305
3277af4e-23b9-4636-9d07-84c6e38ed564,d17244fd-0b3d-4607-90cb-8c7a1de3ce43,810,1785909762588614424,1785909762783743424,195,true,0.42451,0.306888
3277af4e-23b9-4636-9d07-84c6e38ed564,d17244fd-0b3d-4607-90cb-8c7a1de3ce43,811,1785909762958864424,1785909763874739424,915,true,0.590717,0.275004
3277af4e-23b9-4636-9d07-84c6e38ed564,d17244fd-0b3d-4607-90cb-8c7a1de3ce43,812,1785909763904872424,1785909764420239424,515,true,0.657021,0.31737
3277af4e-23b9-4636-9d07-84c6e38ed564,d17244fd-0b3d-4607-90cb-8c7a1de3ce43,813,1785909764595489424,1785909764720614424,125,true,0.560315,0.224084
3277af4e-23b9-4636-9d07-84c6e38ed564,d17244fd-0b3d-4607-90cb-8c7a1de3ce43,814,1785909764750614424,1785909765421239424,670,true,0.653141,0.30651
3277af4e-23b9-4636-9d07-84c6e38ed564,d17244fd-0b3d-4607-90cb-8c7a1de3ce43,815,1785909765626363424,1785909766021739424,395,true,0.513756,0.184998
3277af4e-23b9-4636-9d07-84c6e38ed564,d17244fd-0b3d-4607-90cb-8c7a1de3ce43,816,1785909766051863424,1785909766572363424,520,true,0.581617,0.113556
3277af4e-23b9-4636-9d07-84c6e38ed564,d17244fd-0b3d-4607-90cb-8c7a1de3ce43,817,1785909766612363424,1785909767002738424,390,true,0.503695,0.094084
3277af4e-23b9-4636-9d07-84c6e38ed564,d17244fd-0b3d-4607-90cb-8c7a1de3ce43,818,1785909767212863424,1785909767368113424,155,true,0.512965,0.116101
3277af4e-23b9-4636-9d07-84c6e38ed564,d17244fd-0b3d-4607-90cb-8c7a1de3ce43,819,1785909767428113424,1785909767583238424,155,true,0.508299,0.484991
3277af4e-23b9-4636-9d07-84c6e38ed564,d17244fd-0b3d-4607-90cb-8c7a1de3ce43,820,1785909767623251424,1785909767808488424,185,true,0.334129,0.607559
3277af4e-23b9-4636-9d07-84c6e38ed564,d17244fd-0b3d-4607-90cb-8c7a1de3ce43,821,1785909767848488424,1785909768023613424,175,true,0.500188,0.730038
3277af4e-23b9-4636-9d07-84c6e38ed564,d17244fd-0b3d-4607-90cb-8c7a1de3ce43,822,1785909768058742424,1785909768223863424,165,true,0.62763,0.664237
3277af4e-23b9-4636-9d07-84c6e38ed564,d17244fd-0b3d-4607-90cb-8c7a1de3ce43,823,1785909768258864424,1785909768549123424,290,true,0.505497,0.603884
3277af4e-23b9-4636-9d07-84c6e38ed564,d17244fd-0b3d-4607-90cb-8c7a1de3ce43,824,1785909768574242424,1785909768769363424,195,true,0.45188,0.589743
3277af4e-23b9-4636-9d07-84c6e38ed564,d17244fd-0b3d-4607-90cb-8c7a1de3ce43,825,1785909768799368424,1785909768964500424,165,true,0.333694,0.58041
3277af4e-23b9-4636-9d07-84c6e38ed564,d17244fd-0b3d-4607-90cb-8c7a1de3ce43,826,1785909768999613424,1785909769374988424,375,true,0.508674,0.56945
3277af4e-23b9-4636-9d07-84c6e38ed564,d17244fd-0b3d-4607-90cb-8c7a1de3ce43,827,1785909769414988424,1785909769705238424,290,true,0.650471,0.580563
3277af4e-23b9-4636-9d07-84c6e38ed564,d17244fd-0b3d-4607-90cb-8c7a1de3ce43,828,1785909769740238424,1785909770010492424,270,true,0.534003,0.585837
3277af4e-23b9-4636-9d07-84c6e38ed564,d17244fd-0b3d-4607-90cb-8c7a1de3ce43,829,1785909770205738424,1785909770505994424,300,true,0.501699,0.084924
3277af4e-23b9-4636-9d07-84c6e38ed564,d17244fd-0b3d-4607-90cb-8c7a1de3ce43,830,1785909770560988424,1785909770696112424,135,true,0.590505,0.502088
3277af4e-23b9-4636-9d07-84c6e38ed564,d17244fd-0b3d-4607-90cb-8c7a1de3ce43,831,1785909770726237424,1785909770891363424,165,true,0.669418,0.57878
3277af4e-23b9-4636-9d07-84c6e38ed564,d17244fd-0b3d-4607-90cb-8c7a1de3ce43,832,1785909770921362424,1785909771131612424,210,true,0.497667,0.560229
3277af4e-23b9-4636-9d07-84c6e38ed564,d17244fd-0b3d-4607-90cb-8c7a1de3ce43,833,1785909771226612424,1785909771541987424,315,true,0.612233,0.469405
3277af4e-23b9-4636-9d07-84c6e38ed564,d17244fd-0b3d-4607-90cb-8c7a1de3ce43,834,1785909771747122424,1785909772167612424,420,true,0.621688,0.285333
3277af4e-23b9-4636-9d07-84c6e38ed564,d17244fd-0b3d-4607-90cb-8c7a1de3ce43,835,1785909772207612424,1785909772382737424,175,true,0.417095,0.291544
3277af4e-23b9-4636-9d07-84c6e38ed564,d17244fd-0b3d-4607-90cb-8c7a1de3ce43,836,1785909772427737424,1785909772733120424,305,true,0.627693,0.347595
3277af4e-23b9-4636-9d07-84c6e38ed564,d17244fd-0b3d-4607-90cb-8c7a1de3ce43,837,1785909772748122424,1785909773013362424,265,true,0.59024,0.283271
3277af4e-23b9-4636-9d07-84c6e38ed564,d17244fd-0b3d-4607-90cb-8c7a1de3ce43,838,1785909773193487424,1785909773343612424,150,true,0.593205,0.254384
3277af4e-23b9-4636-9d07-84c6e38ed564,d17244fd-0b3d-4607-90cb-8c7a1de3ce43,839,1785909773388737424,1785909773633987424,245,true,0.421124,0.271388
3277af4e-23b9-4636-9d07-84c6e38ed564,d17244fd-0b3d-4607-90cb-8c7a1de3ce43,840,1785909773683987424,1785909773824116424,140,true,0.625502,0.294371
3277af4e-23b9-4636-9d07-84c6e38ed564,d17244fd-0b3d-4607-90cb-8c7a1de3ce43,841,1785909773874112424,1785909774064362424,190,true,0.471367,0.698298
3277af4e-23b9-4636-9d07-84c6e38ed564,d17244fd-0b3d-4607-90cb-8c7a1de3ce43,842,1785909774089362424,1785909774304616424,215,true,0.42785,0.609911
3277af4e-23b9-4636-9d07-84c6e38ed564,d17244fd-0b3d-4607-90cb-8c7a1de3ce43,843,1785909774489737424,1785909774679877424,190,true,0.631104,0.230702
3277af4e-23b9-4636-9d07-84c6e38ed564,d17244fd-0b3d-4607-90cb-8c7a1de3ce43,844,1785909774749987424,1785909774875111424,125,true,0.139938,0.165536
3277af4e-23b9-4636-9d07-84c6e38ed564,d17244fd-0b3d-4607-90cb-8c7a1de3ce43,845,1785909774910112424,1785909775015236424,105,true,0.026052,0.123545
3277af4e-23b9-4636-9d07-84c6e38ed564,d17244fd-0b3d-4607-90cb-8c7a1de3ce43,846,1785909775100237424,1785909775395611424,295,true,0.62115,0.356275
3277af4e-23b9-4636-9d07-84c6e38ed564,d17244fd-0b3d-4607-90cb-8c7a1de3ce43,847,1785909775440611424,1785909775595736424,155,true,0.509876,0.240753
3277af4e-23b9-4636-9d07-84c6e38ed564,d17244fd-0b3d-4607-90cb-8c7a1de3ce43,848,1785909775630736424,1785909775941111424,310,true,0.514115,0.146103
3277af4e-23b9-4636-9d07-84c6e38ed564,d17244fd-0b3d-4607-90cb-8c7a1de3ce43,849,1785909776151237424,1785909776461611424,310,true,0.524234,0.455698
3277af4e-23b9-4636-9d07-84c6e38ed564,d17244fd-0b3d-4607-90cb-8c7a1de3ce43,850,1785909776496618424,1785909776631745424,135,true,0.510501,0.637553
3277af4e-23b9-4636-9d07-84c6e38ed564,d17244fd-0b3d-4607-90cb-8c7a1de3ce43,851,1785909776661736424,1785909776816861424,155,true,0.504849,0.816484
3277af4e-23b9-4636-9d07-84c6e38ed564,d17244fd-0b3d-4607-90cb-8c7a1de3ce43,852,1785909776846986424,1785909777182236424,335,true,0.516565,0.543871
3277af4e-23b9-4636-9d07-84c6e38ed564,d17244fd-0b3d-4607-90cb-8c7a1de3ce43,853,1785909777227236424,1785909777352361424,125,true,0.327633,0.615532
3277af4e-23b9-4636-9d07-84c6e38ed564,d17244fd-0b3d-4607-90cb-8c7a1de3ce43,854,1785909777432486424,1785909777567611424,135,true,0.513424,0.885492
3277af4e-23b9-4636-9d07-84c6e38ed564,d17244fd-0b3d-4607-90cb-8c7a1de3ce43,855,1785909777612611424,1785909778012986424,400,true,0.40283,0.611363
3277af4e-23b9-4636-9d07-84c6e38ed564,d17244fd-0b3d-4607-90cb-8c7a1de3ce43,856,1785909778048111424,1785909778143111424,95,true,0.481599,0.569234
3277af4e-23b9-4636-9d07-84c6e38ed564,d17244fd-0b3d-4607-90cb-8c7a1de3ce43,857,1785909778178124424,1785909778368361424,190,true,0.664518,0.532284
3277af4e-23b9-4636-9d07-84c6e38ed564,d17244fd-0b3d-4607-90cb-8c7a1de3ce43,858,1785909778423361424,1785909778538498424,115,true,0.372829,0.570899
3277af4e-23b9-4636-9d07-84c6e38ed564,d17244fd-0b3d-4607-90cb-8c7a1de3ce43,859,1785909778573611424,1785909778843861424,270,true,0.487345,0.591816
3277af4e-23b9-4636-9d07-84c6e38ed564,d17244fd-0b3d-4607-90cb-8c7a1de3ce43,860,1785909778878861424,1785909779134111424,255,true,0.67007,0.564365
3277af4e-23b9-4636-9d07-84c6e38ed564,d17244fd-0b3d-4607-90cb-8c7a1de3ce43,861,1785909779174111424,1785909779419360424,245,true,0.56132,0.585114
3277af4e-23b9-4636-9d07-84c6e38ed564,d17244fd-0b3d-4607-90cb-8c7a1de3ce43,862,1785909779464360424,1785909779584485424,120,true,0.326706,0.587279
3277af4e-23b9-4636-9d07-84c6e38ed564,d17244fd-0b3d-4607-90cb-8c7a1de3ce43,863,1785909779839736424,1785909780084985424,245,true,0.32215,0.545635
3277af4e-23b9-4636-9d07-84c6e38ed564,d17244fd-0b3d-4607-90cb-8c7a1de3ce43,864,1785909780129985424,1785909780305235424,175,true,0.649443,0.527594
3277af4e-23b9-4636-9d07-84c6e38ed564,d17244fd-0b3d-4607-90cb-8c7a1de3ce43,865,1785909780350235424,1785909780530360424,180,true,0.521245,0.372665
3277af4e-23b9-4636-9d07-84c6e38ed564,d17244fd-0b3d-4607-90cb-8c7a1de3ce43,866,1785909780565360424,1785909780810610424,245,true,0.60431,0.432364
3277af4e-23b9-4636-9d07-84c6e38ed564,d17244fd-0b3d-4607-90cb-8c7a1de3ce43,867,1785909780845735424,1785909781020865424,175,true,0.477829,0.655099
3277af4e-23b9-4636-9d07-84c6e38ed564,d17244fd-0b3d-4607-90cb-8c7a1de3ce43,868,1785909781065864424,1785909781406235424,340,true,0.413291,0.324389
3277af4e-23b9-4636-9d07-84c6e38ed564,d17244fd-0b3d-4607-90cb-8c7a1de3ce43,869,1785909781666490424,1785909781746491424,80,true,0.504788,0.483351
3277af4e-23b9-4636-9d07-84c6e38ed564,d17244fd-0b3d-4607-90cb-8c7a1de3ce43,870,1785909781781610424,1785909781931735424,150,true,0.652218,0.422029
3277af4e-23b9-4636-9d07-84c6e38ed564,d17244fd-0b3d-4607-90cb-8c7a1de3ce43,871,1785909781976748424,1785909782387126424,410,true,0.498573,0.591777
3277af4e-23b9-4636-9d07-84c6e38ed564,d17244fd-0b3d-4607-90cb-8c7a1de3ce43,872,1785909782427110424,1785909782792485424,365,true,0.604492,0.353058
3277af4e-23b9-4636-9d07-84c6e38ed564,d17244fd-0b3d-4607-90cb-8c7a1de3ce43,873,1785909782817485424,1785909782982735424,165,true,0.664927,0.326382
3277af4e-23b9-4636-9d07-84c6e38ed564,d17244fd-0b3d-4607-90cb-8c7a1de3ce43,874,1785909783007735424,1785909783302985424,295,true,0.592517,0.319909
3277af4e-23b9-4636-9d07-84c6e38ed564,d17244fd-0b3d-4607-90cb-8c7a1de3ce43,875,1785909783332984424,1785909783848484424,515,true,0.667835,0.321314
3277af4e-23b9-4636-9d07-84c6e38ed564,d17244fd-0b3d-4607-90cb-8c7a1de3ce43,876,1785909783998609424,1785909784278859424,280,true,0.627822,0.39971
3277af4e-23b9-4636-9d07-84c6e38ed564,d17244fd-0b3d-4607-90cb-8c7a1de3ce43,877,1785909784318985424,1785909784469109424,150,true,0.489573,0.221087
3277af4e-23b9-4636-9d07-84c6e38ed564,d17244fd-0b3d-4607-90cb-8c7a1de3ce43,878,1785909784494109424,1785909784864492424,370,true,0.551821,0.115621
3277af4e-23b9-4636-9d07-84c6e38ed564,d17244fd-0b3d-4607-90cb-8c7a1de3ce43,879,1785909784889484424,1785909785359863424,470,true,0.496984,0.161818
3277af4e-23b9-4636-9d07-84c6e38ed564,d17244fd-0b3d-4607-90cb-8c7a1de3ce43,880,1785909785610109424,1785909786035484424,425,true,0.494269,0.490264
3277af4e-23b9-4636-9d07-84c6e38ed564,d17244fd-0b3d-4607-90cb-8c7a1de3ce43,881,1785909786070618424,1785909786240747424,170,true,0.388573,0.618468
3277af4e-23b9-4636-9d07-84c6e38ed564,d17244fd-0b3d-4607-90cb-8c7a1de3ce43,882,1785909786270734424,1785909786410859424,140,true,0.505776,0.673777
3277af4e-23b9-4636-9d07-84c6e38ed564,d17244fd-0b3d-4607-90cb-8c7a1de3ce43,883,1785909786445984424,1785909786555984424,110,true,0.682741,0.661716
3277af4e-23b9-4636-9d07-84c6e38ed564,d17244fd-0b3d-4607-90cb-8c7a1de3ce43,884,1785909786621109424,1785909786776234424,155,true,0.353683,0.678407
3277af4e-23b9-4636-9d07-84c6e38ed564,d17244fd-0b3d-4607-90cb-8c7a1de3ce43,885,1785909786811234424,1785909787081484424,270,true,0.448732,0.639832
3277af4e-23b9-4636-9d07-84c6e38ed564,d17244fd-0b3d-4607-90cb-8c7a1de3ce43,886,1785909787126609424,1785909787446858424,320,true,0.691441,0.601282
3277af4e-23b9-4636-9d07-84c6e38ed564,d17244fd-0b3d-4607-90cb-8c7a1de3ce43,887,1785909787486859424,1785909787962358424,475,true,0.540795,0.594611
3277af4e-23b9-4636-9d07-84c6e38ed564,d17244fd-0b3d-4607-90cb-8c7a1de3ce43,888,1785909787997358424,1785909788312733424,315,true,0.683672,0.594835
3277af4e-23b9-4636-9d07-84c6e38ed564,d17244fd-0b3d-4607-90cb-8c7a1de3ce43,889,1785909788362733424,1785909788507862424,145,true,0.341384,0.600994
3277af4e-23b9-4636-9d07-84c6e38ed564,d17244fd-0b3d-4607-90cb-8c7a1de3ce43,890,1785909788697983424,1785909788948233424,250,true,0.583238,0.360266
3277af4e-23b9-4636-9d07-84c6e38ed564,d17244fd-0b3d-4607-90cb-8c7a1de3ce43,891,1785909788978358424,1785909789118483424,140,true,0.508099,0.369763
3277af4e-23b9-4636-9d07-84c6e38ed564,d17244fd-0b3d-4607-90cb-8c7a1de3ce43,892,1785909789148483424,1785909789298608424,150,true,0.622182,0.44224
3277af4e-23b9-4636-9d07-84c6e38ed564,d17244fd-0b3d-4607-90cb-8c7a1de3ce43,893,1785909789328608424,1785909789789108424,460,true,0.592524,0.323007
3277af4e-23b9-4636-9d07-84c6e38ed564,d17244fd-0b3d-4607-90cb-8c7a1de3ce43,894,1785909789974233424,1785909790099358424,125,true,0.584184,0.307012
3277af4e-23b9-4636-9d07-84c6e38ed564,d17244fd-0b3d-4607-90cb-8c7a1de3ce43,895,1785909790144358424,1785909790419608424,275,true,0.403357,0.28476
3277af4e-23b9-4636-9d07-84c6e38ed564,d17244fd-0b3d-4607-90cb-8c7a1de3ce43,896,1785909790464733424,1785909790759983424,295,true,0.511473,0.638856
3277af4e-23b9-4636-9d07-84c6e38ed564,d17244fd-0b3d-4607-90cb-8c7a1de3ce43,897,1785909790794983424,1785909791050233424,255,true,0.625868,0.493439
3277af4e-23b9-4636-9d07-84c6e38ed564,d17244fd-0b3d-4607-90cb-8c7a1de3ce43,898,1785909791200358424,1785909791585732424,385,true,0.585096,0.315698
3277af4e-23b9-4636-9d07-84c6e38ed564,d17244fd-0b3d-4607-90cb-8c7a1de3ce43,899,1785909791650857424,1785909791775982424,125,false,1.03128,0.450658
3277af4e-23b9-4636-9d07-84c6e38ed564,d17244fd-0b3d-4607-90cb-8c7a1de3ce43,900,1785909791835982424,1785909792026107424,190,true,0.550086,0.381304
3277af4e-23b9-4636-9d07-84c6e38ed564,d17244fd-0b3d-4607-90cb-8c7a1de3ce43,901,1785909792061232424,1785909792216362424,155,true,0.413578,0.359812
3277af4e-23b9-4636-9d07-84c6e38ed564,d17244fd-0b3d-4607-90cb-8c7a1de3ce43,902,1785909792396490424,1785909792711857424,315,true,0.493068,0.394713
3277af4e-23b9-4636-9d07-84c6e38ed564,d17244fd-0b3d-4607-90cb-8c7a1de3ce43,903,1785909792756861424,1785909792941982424,185,true,0.629205,0.151506
3277af4e-23b9-4636-9d07-84c6e38ed564,d17244fd-0b3d-4607-90cb-8c7a1de3ce43,904,1785909792982107424,1785909793217232424,235,true,0.486961,0.093988
3277af4e-23b9-4636-9d07-84c6e38ed564,d17244fd-0b3d-4607-90cb-8c7a1de3ce43,905,1785909793252357424,1785909793682732424,430,true,0.566663,0.166553
3277af4e-23b9-4636-9d07-84c6e38ed564,d17244fd-0b3d-4607-90cb-8c7a1de3ce43,906,1785909793787857424,1785909794348357424,560,true,0.496184,0.12431
3277af4e-23b9-4636-9d07-84c6e38ed564,d17244fd-0b3d-4607-90cb-8c7a1de3ce43,907,1785909794398361424,1785909794738739424,340,true,0.536146,0.478184
3277af4e-23b9-4636-9d07-84c6e38ed564,d17244fd-0b3d-4607-90cb-8c7a1de3ce43,908,1785909794773732424,1785909794978982424,205,true,0.480076,0.701077
3277af4e-23b9-4636-9d07-84c6e38ed564,d17244fd-0b3d-4607-90cb-8c7a1de3ce43,909,1785909795008981424,1785909795239107424,230,true,0.485014,0.837288
3277af4e-23b9-4636-9d07-84c6e38ed564,d17244fd-0b3d-4607-90cb-8c7a1de3ce43,910,1785909795284231424,1785909795509481424,225,true,0.381518,0.65088
3277af4e-23b9-4636-9d07-84c6e38ed564,d17244fd-0b3d-4607-90cb-8c7a1de3ce43,911,1785909795544490424,1785909795879731424,335,true,0.487747,0.671523
3277af4e-23b9-4636-9d07-84c6e38ed564,d17244fd-0b3d-4607-90cb-8c7a1de3ce43,912,1785909795914856424,1785909796255106424,340,true,0.526663,0.412126
3277af4e-23b9-4636-9d07-84c6e38ed564,d17244fd-0b3d-4607-90cb-8c7a1de3ce43,913,1785909796595481424,1785909796730606424,135,true,0.361352,0.643452
3277af4e-23b9-4636-9d07-84c6e38ed564,d17244fd-0b3d-4607-90cb-8c7a1de3ce43,914,1785909796760606424,1785909796865736424,105,true,0.318567,0.563223
3277af4e-23b9-4636-9d07-84c6e38ed564,d17244fd-0b3d-4607-90cb-8c7a1de3ce43,915,1785909796905731424,1785909797681481424,775,true,0.479422,0.682298
3277af4e-23b9-4636-9d07-84c6e38ed564,d17244fd-0b3d-4607-90cb-8c7a1de3ce43,916,1785909797721481424,1785909797881606424,160,true,0.315796,0.530676
3277af4e-23b9-4636-9d07-84c6e38ed564,d17244fd-0b3d-4607-90cb-8c7a1de3ce43,917,1785909797931731424,1785909798251981424,320,true,0.478234,0.174289
3277af4e-23b9-4636-9d07-84c6e38ed564,d17244fd-0b3d-4607-90cb-8c7a1de3ce43,918,1785909798417106424,1785909798667356424,250,true,0.479484,0.533952
3277af4e-23b9-4636-9d07-84c6e38ed564,d17244fd-0b3d-4607-90cb-8c7a1de3ce43,919,1785909798712481424,1785909798862610424,150,true,0.541627,0.211603
3277af4e-23b9-4636-9d07-84c6e38ed564,d17244fd-0b3d-4607-90cb-8c7a1de3ce43,920,1785909798942610424,1785909799132855424,190,true,0.497761,0.689332
3277af4e-23b9-4636-9d07-84c6e38ed564,d17244fd-0b3d-4607-90cb-8c7a1de3ce43,921,1785909799167855424,1785909799312980424,145,true,0.614518,0.653035
3277af4e-23b9-4636-9d07-84c6e38ed564,d17244fd-0b3d-4607-90cb-8c7a1de3ce43,922,1785909799342993424,1785909799583230424,240,true,0.61044,0.50652
3277af4e-23b9-4636-9d07-84c6e38ed564,d17244fd-0b3d-4607-90cb-8c7a1de3ce43,923,1785909799618230424,1785909799808480424,190,true,0.618163,0.363779
3277af4e-23b9-4636-9d07-84c6e38ed564,d17244fd-0b3d-4607-90cb-8c7a1de3ce43,924,1785909799973605424,1785909800143730424,170,true,0.651531,0.290943
3277af4e-23b9-4636-9d07-84c6e38ed564,d17244fd-0b3d-4607-90cb-8c7a1de3ce43,925,1785909800168730424,1785909800639230424,470,true,0.595936,0.326864
3277af4e-23b9-4636-9d07-84c6e38ed564,d17244fd-0b3d-4607-90cb-8c7a1de3ce43,926,1785909800664243424,1785909800924489424,260,true,0.663131,0.387526
3277af4e-23b9-4636-9d07-84c6e38ed564,d17244fd-0b3d-4607-90cb-8c7a1de3ce43,927,1785909800969480424,1785909801099605424,130,true,0.587463,0.524219
3277af4e-23b9-4636-9d07-84c6e38ed564,d17244fd-0b3d-4607-90cb-8c7a1de3ce43,928,1785909801289855424,1785909801580105424,290,true,0.517237,0.696223
3277af4e-23b9-4636-9d07-84c6e38ed564,d17244fd-0b3d-4607-90cb-8c7a1de3ce43,929,1785909801615105424,1785909801815355424,200,true,0.607128,0.614647
3277af4e-23b9-4636-9d07-84c6e38ed564,d17244fd-0b3d-4607-90cb-8c7a1de3ce43,930,1785909801950480424,1785909802210729424,260,true,0.604285,0.298797
3277af4e-23b9-4636-9d07-84c6e38ed564,d17244fd-0b3d-4607-90cb-8c7a1de3ce43,931,1785909802255732424,1785909802420854424,165,true,0.382737,0.326089
3277af4e-23b9-4636-9d07-84c6e38ed564,d17244fd-0b3d-4607-90cb-8c7a1de3ce43,932,1785909802460979424,1785909802596107424,135,true,0.615027,0.529627
3277af4e-23b9-4636-9d07-84c6e38ed564,d17244fd-0b3d-4607-90cb-8c7a1de3ce43,933,1785909802811238424,1785909803106479424,295,true,0.525124,-0.018611
3277af4e-23b9-4636-9d07-84c6e38ed564,d17244fd-0b3d-4607-90cb-8c7a1de3ce43,934,1785909803146604424,1785909804122479424,975,true,0.513527,0.149231
3277af4e-23b9-4636-9d07-84c6e38ed564,d17244fd-0b3d-4607-90cb-8c7a1de3ce43,935,1785909804347733424,1785909804582979424,235,true,0.53799,0.482206
3277af4e-23b9-4636-9d07-84c6e38ed564,d17244fd-0b3d-4607-90cb-8c7a1de3ce43,936,1785909804622979424,1785909804928229424,305,true,0.721008,0.673854
3277af4e-23b9-4636-9d07-84c6e38ed564,d17244fd-0b3d-4607-90cb-8c7a1de3ce43,937,1785909804958229424,1785909805343603424,385,true,0.571681,0.619381
3277af4e-23b9-4636-9d07-84c6e38ed564,d17244fd-0b3d-4607-90cb-8c7a1de3ce43,938,1785909805378728424,1785909805844104424,465,true,0.51383,0.428482
3277af4e-23b9-4636-9d07-84c6e38ed564,d17244fd-0b3d-4607-90cb-8c7a1de3ce43,939,1785909805874104424,1785909806759978424,885,true,0.528351,0.6018
3277af4e-23b9-4636-9d07-84c6e38ed564,d17244fd-0b3d-4607-90cb-8c7a1de3ce43,940,1785909806789978424,1785909806990228424,200,true,0.523305,0.399898
3277af4e-23b9-4636-9d07-84c6e38ed564,d17244fd-0b3d-4607-90cb-8c7a1de3ce43,941,1785909807040228424,1785909807145353424,105,true,0.674707,0.645564
3277af4e-23b9-4636-9d07-84c6e38ed564,d17244fd-0b3d-4607-90cb-8c7a1de3ce43,942,1785909807410608424,1785909807615732424,205,true,0.54023,0.179805
3277af4e-23b9-4636-9d07-84c6e38ed564,d17244fd-0b3d-4607-90cb-8c7a1de3ce43,943,1785909807660853424,1785909808556602424,895,true,0.59185,0.498384
3277af4e-23b9-4636-9d07-84c6e38ed564,d17244fd-0b3d-4607-90cb-8c7a1de3ce43,944,1785909808686728424,1785909809232227424,545,true,0.612061,0.269166
3277af4e-23b9-4636-9d07-84c6e38ed564,d17244fd-0b3d-4607-90cb-8c7a1de3ce43,945,1785909809417477424,1785909809567606424,150,true,0.642161,0.311637
3277af4e-23b9-4636-9d07-84c6e38ed564,d17244fd-0b3d-4607-90cb-8c7a1de3ce43,946,1785909809592611424,1785909809777854424,185,true,0.58121,0.285254
3277af4e-23b9-4636-9d07-84c6e38ed564,d17244fd-0b3d-4607-90cb-8c7a1de3ce43,947,1785909809807852424,1785909810143116424,335,true,0.639874,0.312837
3277af4e-23b9-4636-9d07-84c6e38ed564,d17244fd-0b3d-4607-90cb-8c7a1de3ce43,948,1785909810188227424,1785909810493481424,305,true,0.492579,0.725853
3277af4e-23b9-4636-9d07-84c6e38ed564,d17244fd-0b3d-4607-90cb-8c7a1de3ce43,949,1785909810518490424,1785909810733727424,215,true,0.413077,0.653464
3277af4e-23b9-4636-9d07-84c6e38ed564,d17244fd-0b3d-4607-90cb-8c7a1de3ce43,950,1785909810778727424,1785909811174102424,395,true,0.643131,0.493403
3277af4e-23b9-4636-9d07-84c6e38ed564,d17244fd-0b3d-4607-90cb-8c7a1de3ce43,951,1785909811379352424,1785909811669601424,290,true,0.564516,0.296328
3277af4e-23b9-4636-9d07-84c6e38ed564,d17244fd-0b3d-4607-90cb-8c7a1de3ce43,952,1785909811709601424,1785909812765610424,1056,true,0.512547,0.127253
3277af4e-23b9-4636-9d07-84c6e38ed564,d17244fd-0b3d-4607-90cb-8c7a1de3ce43,953,1785909813005851424,1785909813175976424,170,true,0.519527,0.568645
3277af4e-23b9-4636-9d07-84c6e38ed564,d17244fd-0b3d-4607-90cb-8c7a1de3ce43,954,1785909813205976424,1785909813346101424,140,true,0.627963,0.540051
3277af4e-23b9-4636-9d07-84c6e38ed564,d17244fd-0b3d-4607-90cb-8c7a1de3ce43,955,1785909813376101424,1785909813536351424,160,true,0.685801,0.597551
3277af4e-23b9-4636-9d07-84c6e38ed564,d17244fd-0b3d-4607-90cb-8c7a1de3ce43,956,1785909813581351424,1785909813986730424,405,true,0.529128,0.662433
3277af4e-23b9-4636-9d07-84c6e38ed564,d17244fd-0b3d-4607-90cb-8c7a1de3ce43,957,1785909814016726424,1785909814236976424,220,true,0.495922,0.78337
3277af4e-23b9-4636-9d07-84c6e38ed564,d17244fd-0b3d-4607-90cb-8c7a1de3ce43,958,1785909814281976424,1785909814442101424,160,true,0.358068,0.633259
3277af4e-23b9-4636-9d07-84c6e38ed564,d17244fd-0b3d-4607-90cb-8c7a1de3ce43,959,1785909814477226424,1785909814907605424,430,true,0.515791,0.602707
3277af4e-23b9-4636-9d07-84c6e38ed564,d17244fd-0b3d-4607-90cb-8c7a1de3ce43,960,1785909814942601424,1785909815192850424,250,true,0.508212,0.775693
3277af4e-23b9-4636-9d07-84c6e38ed564,d17244fd-0b3d-4607-90cb-8c7a1de3ce43,961,1785909815227850424,1785909815468100424,240,true,0.66747,0.578478
3277af4e-23b9-4636-9d07-84c6e38ed564,d17244fd-0b3d-4607-90cb-8c7a1de3ce43,962,1785909815623225424,1785909815733350424,110,true,0.728596,0.639911
3277af4e-23b9-4636-9d07-84c6e38ed564,d17244fd-0b3d-4607-90cb-8c7a1de3ce43,963,1785909815783475424,1785909815938607424,155,true,0.420136,0.5023
3277af4e-23b9-4636-9d07-84c6e38ed564,d17244fd-0b3d-4607-90cb-8c7a1de3ce43,964,1785909815978600424,1785909816123725424,145,true,0.322246,0.690027
3277af4e-23b9-4636-9d07-84c6e38ed564,d17244fd-0b3d-4607-90cb-8c7a1de3ce43,965,1785909816163725424,1785909816378975424,215,true,0.474281,0.627348
3277af4e-23b9-4636-9d07-84c6e38ed564,d17244fd-0b3d-4607-90cb-8c7a1de3ce43,966,1785909816408976424,1785909817780350424,1371,true,0.5293,0.573185
3277af4e-23b9-4636-9d07-84c6e38ed564,d17244fd-0b3d-4607-90cb-8c7a1de3ce43,967,1785909817825349424,1785909818010483424,185,true,0.492064,0.841551
3277af4e-23b9-4636-9d07-84c6e38ed564,d17244fd-0b3d-4607-90cb-8c7a1de3ce43,968,1785909818050599424,1785909818455979424,405,true,0.473835,0.565093
3277af4e-23b9-4636-9d07-84c6e38ed564,d17244fd-0b3d-4607-90cb-8c7a1de3ce43,969,1785909818490974424,1785909818581099424,90,true,0.478989,0.789423
3277af4e-23b9-4636-9d07-84c6e38ed564,d17244fd-0b3d-4607-90cb-8c7a1de3ce43,970,1785909818616099424,1785909818826231424,210,true,0.655116,0.772949
3277af4e-23b9-4636-9d07-84c6e38ed564,d17244fd-0b3d-4607-90cb-8c7a1de3ce43,971,1785909818866349424,1785909818971349424,105,true,0.433306,0.723804
3277af4e-23b9-4636-9d07-84c6e38ed564,d17244fd-0b3d-4607-90cb-8c7a1de3ce43,972,1785909819011483424,1785909819181599424,170,true,0.280731,0.70794
3277af4e-23b9-4636-9d07-84c6e38ed564,d17244fd-0b3d-4607-90cb-8c7a1de3ce43,973,1785909819226601424,1785909819416849424,190,true,0.451586,0.85486
3277af4e-23b9-4636-9d07-84c6e38ed564,d17244fd-0b3d-4607-90cb-8c7a1de3ce43,974,1785909819461849424,1785909819576978424,115,true,0.61057,0.703838
3277af4e-23b9-4636-9d07-84c6e38ed564,d17244fd-0b3d-4607-90cb-8c7a1de3ce43,975,1785909819932362424,1785909820137474424,205,false,0.438551,1.046664
3277af4e-23b9-4636-9d07-84c6e38ed564,d17244fd-0b3d-4607-90cb-8c7a1de3ce43,976,1785909820177474424,1785909820462860424,285,true,0.460605,0.87546
3277af4e-23b9-4636-9d07-84c6e38ed564,d17244fd-0b3d-4607-90cb-8c7a1de3ce43,977,1785909820567850424,1785909820733106424,165,true,0.538482,0.145543
3277af4e-23b9-4636-9d07-84c6e38ed564,d17244fd-0b3d-4607-90cb-8c7a1de3ce43,978,1785909820758098424,1785909820878223424,120,true,0.551258,0.056149
3277af4e-23b9-4636-9d07-84c6e38ed564,d17244fd-0b3d-4607-90cb-8c7a1de3ce43,979,1785909820948223424,1785909821448723424,500,true,0.510901,0.890316
3277af4e-23b9-4636-9d07-84c6e38ed564,d17244fd-0b3d-4607-90cb-8c7a1de3ce43,980,1785909821493723424,1785909821713973424,220,true,0.524281,0.502343
3277af4e-23b9-4636-9d07-84c6e38ed564,d17244fd-0b3d-4607-90cb-8c7a1de3ce43,981,1785909821748973424,1785909822359598424,610,true,0.5846,0.584369
3277af4e-23b9-4636-9d07-84c6e38ed564,d17244fd-0b3d-4607-90cb-8c7a1de3ce43,982,1785909822524727424,1785909822794973424,270,true,0.580637,0.389897
3277af4e-23b9-4636-9d07-84c6e38ed564,d17244fd-0b3d-4607-90cb-8c7a1de3ce43,983,1785909822814973424,1785909823310473424,495,true,0.575342,0.363823
3277af4e-23b9-4636-9d07-84c6e38ed564,d17244fd-0b3d-4607-90cb-8c7a1de3ce43,984,1785909823405598424,1785909823665847424,260,true,0.631308,0.348648
3277af4e-23b9-4636-9d07-84c6e38ed564,d17244fd-0b3d-4607-90cb-8c7a1de3ce43,985,1785909823695847424,1785909824021097424,325,true,0.571458,0.417701
3277af4e-23b9-4636-9d07-84c6e38ed564,d17244fd-0b3d-4607-90cb-8c7a1de3ce43,986,1785909824046222424,1785909824716847424,670,true,0.637928,0.364384
3277af4e-23b9-4636-9d07-84c6e38ed564,d17244fd-0b3d-4607-90cb-8c7a1de3ce43,987,1785909824746847424,1785909825217222424,470,true,0.574308,0.379866
3277af4e-23b9-4636-9d07-84c6e38ed564,d17244fd-0b3d-4607-90cb-8c7a1de3ce43,988,1785909825397472424,1785909825532611424,135,true,0.667867,0.299415
3277af4e-23b9-4636-9d07-84c6e38ed564,d17244fd-0b3d-4607-90cb-8c7a1de3ce43,989,1785909825562597424,1785909825912980424,350,true,0.617529,0.340395
3277af4e-23b9-4636-9d07-84c6e38ed564,d17244fd-0b3d-4607-90cb-8c7a1de3ce43,990,1785909825947972424,1785909826268222424,320,true,0.544821,0.130509
3277af4e-23b9-4636-9d07-84c6e38ed564,d17244fd-0b3d-4607-90cb-8c7a1de3ce43,991,1785909826318347424,1785909826613597424,295,true,0.631417,0.166643
3277af4e-23b9-4636-9d07-84c6e38ed564,d17244fd-0b3d-4607-90cb-8c7a1de3ce43,992,1785909826643597424,1785909826873846424,230,true,0.529193,0.190119
3277af4e-23b9-4636-9d07-84c6e38ed564,d17244fd-0b3d-4607-90cb-8c7a1de3ce43,993,1785909826898847424,1785909827093971424,195,true,0.577056,0.11897
3277af4e-23b9-4636-9d07-84c6e38ed564,d17244fd-0b3d-4607-90cb-8c7a1de3ce43,994,1785909827114096424,1785909827259221424,145,true,0.530044,0.126071
3277af4e-23b9-4636-9d07-84c6e38ed564,d17244fd-0b3d-4607-90cb-8c7a1de3ce43,995,1785909827444346424,1785909827549471424,105,true,0.531955,0.096026
3277af4e-23b9-4636-9d07-84c6e38ed564,d17244fd-0b3d-4607-90cb-8c7a1de3ce43,996,1785909827624471424,1785909827989846424,365,true,0.549963,0.727771
3277af4e-23b9-4636-9d07-84c6e38ed564,d17244fd-0b3d-4607-90cb-8c7a1de3ce43,997,1785909828024846424,1785909828164971424,140,true,0.311204,0.674296
3277af4e-23b9-4636-9d07-84c6e38ed564,d17244fd-0b3d-4607-90cb-8c7a1de3ce43,998,1785909828205096424,1785909828400221424,195,true,0.492245,0.564524
3277af4e-23b9-4636-9d07-84c6e38ed564,d17244fd-0b3d-4607-90cb-8c7a1de3ce43,999,1785909828440221424,1785909829656483424,1216,true,0.481782,0.68105
3277af4e-23b9-4636-9d07-84c6e38ed564,d17244fd-0b3d-4607-90cb-8c7a1de3ce43,1000,1785909829926720424,1785909830076845424,150,true,0.492489,0.849276
3277af4e-23b9-4636-9d07-84c6e38ed564,d17244fd-0b3d-4607-90cb-8c7a1de3ce43,1001,1785909830136845424,1785909830462224424,325,true,0.539433,0.249501
3277af4e-23b9-4636-9d07-84c6e38ed564,d17244fd-0b3d-4607-90cb-8c7a1de3ce43,1002,1785909830517220424,1785909830737470424,220,true,0.606003,0.605231
3277af4e-23b9-4636-9d07-84c6e38ed564,d17244fd-0b3d-4607-90cb-8c7a1de3ce43,1003,1785909830752470424,1785909831037727424,285,true,0.601109,0.508364
3277af4e-23b9-4636-9d07-84c6e38ed564,d17244fd-0b3d-4607-90cb-8c7a1de3ce43,1004,1785909831187846424,1785909831423095424,235,true,0.574271,0.261019
3277af4e-23b9-4636-9d07-84c6e38ed564,d17244fd-0b3d-4607-90cb-8c7a1de3ce43,1005,1785909831468095424,1785909831623220424,155,true,0.473275,0.675032
3277af4e-23b9-4636-9d07-84c6e38ed564,d17244fd-0b3d-4607-90cb-8c7a1de3ce43,1006,1785909831648360424,1785909832008594424,360,true,0.535398,0.660468
3277af4e-23b9-4636-9d07-84c6e38ed564,d17244fd-0b3d-4607-90cb-8c7a1de3ce43,1007,1785909832043595424,1785909832449099424,405,true,0.598587,0.420322
3277af4e-23b9-4636-9d07-84c6e38ed564,d17244fd-0b3d-4607-90cb-8c7a1de3ce43,1008,1785909832474094424,1785909832934469424,460,true,0.611985,0.35671
3277af4e-23b9-4636-9d07-84c6e38ed564,d17244fd-0b3d-4607-90cb-8c7a1de3ce43,1009,1785909833114719424,1785909833374844424,260,true,0.595374,0.290735
3277af4e-23b9-4636-9d07-84c6e38ed564,d17244fd-0b3d-4607-90cb-8c7a1de3ce43,1010,1785909833414969424,1785909833640096424,225,true,0.423455,0.270365
3277af4e-23b9-4636-9d07-84c6e38ed564,d17244fd-0b3d-4607-90cb-8c7a1de3ce43,1011,1785909833675233424,1785909834055594424,380,true,0.608559,0.349217
3277af4e-23b9-4636-9d07-84c6e38ed564,d17244fd-0b3d-4607-90cb-8c7a1de3ce43,1012,1785909834090594424,1785909834295719424,205,true,0.482139,0.356313
3277af4e-23b9-4636-9d07-84c6e38ed564,d17244fd-0b3d-4607-90cb-8c7a1de3ce43,1013,1785909834465969424,1785909834846218424,380,false,0.539058,-0.048055
3277af4e-23b9-4636-9d07-84c6e38ed564,d17244fd-0b3d-4607-90cb-8c7a1de3ce43,1014,1785909834886345424,1785909835101468424,215,true,0.477897,0.223764
3277af4e-23b9-4636-9d07-84c6e38ed564,d17244fd-0b3d-4607-90cb-8c7a1de3ce43,1015,1785909835136593424,1785909835381859424,245,true,0.570124,0.180294
3277af4e-23b9-4636-9d07-84c6e38ed564,d17244fd-0b3d-4607-90cb-8c7a1de3ce43,1016,1785909835406843424,1785909835822218424,415,true,0.518507,0.163315
3277af4e-23b9-4636-9d07-84c6e38ed564,d17244fd-0b3d-4607-90cb-8c7a1de3ce43,1017,1785909836127468424,1785909836482843424,355,true,0.540474,0.481869
3277af4e-23b9-4636-9d07-84c6e38ed564,d17244fd-0b3d-4607-90cb-8c7a1de3ce43,1018,1785909836522843424,1785909836723093424,200,true,0.678157,0.682129
3277af4e-23b9-4636-9d07-84c6e38ed564,d17244fd-0b3d-4607-90cb-8c7a1de3ce43,1019,1785909836768093424,1785909836943218424,175,true,0.521959,0.550141
3277af4e-23b9-4636-9d07-84c6e38ed564,d17244fd-0b3d-4607-90cb-8c7a1de3ce43,1020,1785909836978221424,1785909837458718424,480,true,0.526148,0.687408
3277af4e-23b9-4636-9d07-84c6e38ed564,d17244fd-0b3d-4607-90cb-8c7a1de3ce43,1021,1785909837493718424,1785909837698980424,205,true,0.668131,0.720181
3277af4e-23b9-4636-9d07-84c6e38ed564,d17244fd-0b3d-4607-90cb-8c7a1de3ce43,1022,1785909837743967424,1785909837934217424,190,true,0.534409,0.71845
3277af4e-23b9-4636-9d07-84c6e38ed564,d17244fd-0b3d-4607-90cb-8c7a1de3ce43,1023,1785909837974217424,1785909838134342424,160,true,0.679953,0.702574
3277af4e-23b9-4636-9d07-84c6e38ed564,d17244fd-0b3d-4607-90cb-8c7a1de3ce43,1024,1785909838174342424,1785909838554726424,380,true,0.510256,0.462945
3277af4e-23b9-4636-9d07-84c6e38ed564,d17244fd-0b3d-4607-90cb-8c7a1de3ce43,1025,1785909838764976424,1785909838950092424,185,true,0.586481,0.515288
3277af4e-23b9-4636-9d07-84c6e38ed564,d17244fd-0b3d-4607-90cb-8c7a1de3ce43,1026,1785909838980092424,1785909839150342424,170,true,0.543054,0.388065
3277af4e-23b9-4636-9d07-84c6e38ed564,d17244fd-0b3d-4607-90cb-8c7a1de3ce43,1027,1785909839180342424,1785909839515599424,335,true,0.606749,0.479308
3277af4e-23b9-4636-9d07-84c6e38ed564,d17244fd-0b3d-4607-90cb-8c7a1de3ce43,1028,1785909839540717424,1785909839675855424,135,true,0.563704,0.521946
3277af4e-23b9-4636-9d07-84c6e38ed564,d17244fd-0b3d-4607-90cb-8c7a1de3ce43,1029,1785909839936092424,1785909840066217424,130,true,0.600813,0.317423
3277af4e-23b9-4636-9d07-84c6e38ed564,d17244fd-0b3d-4607-90cb-8c7a1de3ce43,1030,1785909840091216424,1785909840221341424,130,true,0.648742,0.339553
3277af4e-23b9-4636-9d07-84c6e38ed564,d17244fd-0b3d-4607-90cb-8c7a1de3ce43,1031,1785909840276341424,1785909840486592424,210,true,0.508592,0.703332
3277af4e-23b9-4636-9d07-84c6e38ed564,d17244fd-0b3d-4607-90cb-8c7a1de3ce43,1032,1785909840526591424,1785909840641726424,115,true,0.497743,0.379649
3277af4e-23b9-4636-9d07-84c6e38ed564,d17244fd-0b3d-4607-90cb-8c7a1de3ce43,1033,1785909840676716424,1785909840997091424,320,true,0.405845,0.342137
3277af4e-23b9-4636-9d07-84c6e38ed564,d17244fd-0b3d-4607-90cb-8c7a1de3ce43,1034,1785909841042091424,1785909841182216424,140,true,0.524298,0.804115
3277af4e-23b9-4636-9d07-84c6e38ed564,d17244fd-0b3d-4607-90cb-8c7a1de3ce43,1035,1785909841217216424,1785909841517591424,300,true,0.43915,0.707885
3277af4e-23b9-4636-9d07-84c6e38ed564,d17244fd-0b3d-4607-90cb-8c7a1de3ce43,1036,1785909841662722424,1785909841932973424,270,true,0.611534,0.351879
3277af4e-23b9-4636-9d07-84c6e38ed564,d17244fd-0b3d-4607-90cb-8c7a1de3ce43,1037,1785909841967968424,1785909842283216424,315,true,0.608917,0.501264
3277af4e-23b9-4636-9d07-84c6e38ed564,d17244fd-0b3d-4607-90cb-8c7a1de3ce43,1038,1785909842318341424,1785909842653596424,335,true,0.499654,0.699403
3277af4e-23b9-4636-9d07-84c6e38ed564,d17244fd-0b3d-4607-90cb-8c7a1de3ce43,1039,1785909842868840424,1785909843199095424,330,true,0.593218,0.024186
3277af4e-23b9-4636-9d07-84c6e38ed564,d17244fd-0b3d-4607-90cb-8c7a1de3ce43,1040,1785909843254215424,1785909843524465424,270,true,0.496001,0.292597
3277af4e-23b9-4636-9d07-84c6e38ed564,d17244fd-0b3d-4607-90cb-8c7a1de3ce43,1041,1785909843549465424,1785909843829715424,280,true,0.56001,0.194219
3277af4e-23b9-4636-9d07-84c6e38ed564,d17244fd-0b3d-4607-90cb-8c7a1de3ce43,1042,1785909843854724424,1785909844139965424,285,true,0.497561,0.14993
3277af4e-23b9-4636-9d07-84c6e38ed564,d17244fd-0b3d-4607-90cb-8c7a1de3ce43,1043,1785909844350215424,1785909844490344424,140,true,0.509715,0.129274
3277af4e-23b9-4636-9d07-84c6e38ed564,d17244fd-0b3d-4607-90cb-8c7a1de3ce43,1044,1785909844545340424,1785909844690465424,145,true,0.471242,0.602106
3277af4e-23b9-4636-9d07-84c6e38ed564,d17244fd-0b3d-4607-90cb-8c7a1de3ce43,1045,1785909844730597424,1785909844920715424,190,true,0.288913,0.693504
3277af4e-23b9-4636-9d07-84c6e38ed564,d17244fd-0b3d-4607-90cb-8c7a1de3ce43,1046,1785909844955721424,1785909845105849424,150,true,0.470314,0.564971
3277af4e-23b9-4636-9d07-84c6e38ed564,d17244fd-0b3d-4607-90cb-8c7a1de3ce43,1047,1785909845135965424,1785909845281090424,145,true,0.519868,0.482082
3277af4e-23b9-4636-9d07-84c6e38ed564,d17244fd-0b3d-4607-90cb-8c7a1de3ce43,1048,1785909845321089424,1785909845471214424,150,true,0.713237,0.764183
3277af4e-23b9-4636-9d07-84c6e38ed564,d17244fd-0b3d-4607-90cb-8c7a1de3ce43,1049,1785909845511215424,1785909845711469424,200,true,0.498996,0.91944
3277af4e-23b9-4636-9d07-84c6e38ed564,d17244fd-0b3d-4607-90cb-8c7a1de3ce43,1050,1785909845746470424,1785909845836589424,90,true,0.52974,0.616749
3277af4e-23b9-4636-9d07-84c6e38ed564,d17244fd-0b3d-4607-90cb-8c7a1de3ce43,1051,1785909845876589424,1785909846286964424,410,true,0.502917,0.714042
3277af4e-23b9-4636-9d07-84c6e38ed564,d17244fd-0b3d-4607-90cb-8c7a1de3ce43,1052,1785909846352089424,1785909846437097424,85,true,0.479575,0.936061
3277af4e-23b9-4636-9d07-84c6e38ed564,d17244fd-0b3d-4607-90cb-8c7a1de3ce43,1053,1785909846522214424,1785909846662339424,140,true,0.498226,0.216376
3277af4e-23b9-4636-9d07-84c6e38ed564,d17244fd-0b3d-4607-90cb-8c7a1de3ce43,1054,1785909846697339424,1785909847097714424,400,true,0.563122,-0.017187
3277af4e-23b9-4636-9d07-84c6e38ed564,d17244fd-0b3d-4607-90cb-8c7a1de3ce43,1055,1785909847302964424,1785909847453093424,150,true,0.2897,0.68841
3277af4e-23b9-4636-9d07-84c6e38ed564,d17244fd-0b3d-4607-90cb-8c7a1de3ce43,1056,1785909847498089424,1785909847588214424,90,true,0.548584,0.715045
3277af4e-23b9-4636-9d07-84c6e38ed564,d17244fd-0b3d-4607-90cb-8c7a1de3ce43,1057,1785909847608214424,1785909847938588424,330,true,0.550815,0.652583
3277af4e-23b9-4636-9d07-84c6e38ed564,d17244fd-0b3d-4607-90cb-8c7a1de3ce43,1058,1785909847973595424,1785909848173714424,200,true,0.68723,0.698707
3277af4e-23b9-4636-9d07-84c6e38ed564,d17244fd-0b3d-4607-90cb-8c7a1de3ce43,1059,1785909848213842424,1785909848764338424,550,true,0.503762,0.770714
3277af4e-23b9-4636-9d07-84c6e38ed564,d17244fd-0b3d-4607-90cb-8c7a1de3ce43,1060,1785909848799343424,1785909848984588424,185,true,0.513849,0.460313
3277af4e-23b9-4636-9d07-84c6e38ed564,d17244fd-0b3d-4607-90cb-8c7a1de3ce43,1061,1785909849034588424,1785909849304838424,270,true,0.487188,0.869244
3277af4e-23b9-4636-9d07-84c6e38ed564,d17244fd-0b3d-4607-90cb-8c7a1de3ce43,1062,1785909849329838424,1785909849499963424,170,true,0.529997,0.652618
3277af4e-23b9-4636-9d07-84c6e38ed564,d17244fd-0b3d-4607-90cb-8c7a1de3ce43,1063,1785909849535088424,1785909849795343424,260,true,0.496559,0.844484
3277af4e-23b9-4636-9d07-84c6e38ed564,d17244fd-0b3d-4607-90cb-8c7a1de3ce43,1064,1785909849880342424,1785909850125588424,245,true,0.50557,0.578287
3277af4e-23b9-4636-9d07-84c6e38ed564,d17244fd-0b3d-4607-90cb-8c7a1de3ce43,1065,1785909850335837424,1785909850686091424,350,true,0.496035,0.775287
3277af4e-23b9-4636-9d07-84c6e38ed564,d17244fd-0b3d-4607-90cb-8c7a1de3ce43,1066,1785909850731212424,1785909851121587424,390,true,0.508782,0.483289
3277af4e-23b9-4636-9d07-84c6e38ed564,d17244fd-0b3d-4607-90cb-8c7a1de3ce43,1067,1785909851161587424,1785909851421837424,260,true,0.503373,0.771184
3277af4e-23b9-4636-9d07-84c6e38ed564,d17244fd-0b3d-4607-90cb-8c7a1de3ce43,1068,1785909851471837424,1785909851682087424,210,true,0.576666,0.346049
3277af4e-23b9-4636-9d07-84c6e38ed564,d17244fd-0b3d-4607-90cb-8c7a1de3ce43,1069,1785909851712087424,1785909851872212424,160,true,0.603509,0.460843
3277af4e-23b9-4636-9d07-84c6e38ed564,d17244fd-0b3d-4607-90cb-8c7a1de3ce43,1070,1785909851902212424,1785909852192587424,290,true,0.607297,0.552263
3277af4e-23b9-4636-9d07-84c6e38ed564,d17244fd-0b3d-4607-90cb-8c7a1de3ce43,1071,1785909852212587424,1785909852317712424,105,true,0.637398,0.568063
3277af4e-23b9-4636-9d07-84c6e38ed564,d17244fd-0b3d-4607-90cb-8c7a1de3ce43,1072,1785909852692962424,1785909852973212424,280,true,0.600178,0.329095
3277af4e-23b9-4636-9d07-84c6e38ed564,d17244fd-0b3d-4607-90cb-8c7a1de3ce43,1073,1785909853013338424,1785909853233461424,220,true,0.437192,0.295871
3277af4e-23b9-4636-9d07-84c6e38ed564,d17244fd-0b3d-4607-90cb-8c7a1de3ce43,1074,1785909853268586424,1785909853899086424,630,true,0.613521,0.337501
3277af4e-23b9-4636-9d07-84c6e38ed564,d17244fd-0b3d-4607-90cb-8c7a1de3ce43,1075,1785909853924211424,1785909854099336424,175,true,0.584901,0.299602
3277af4e-23b9-4636-9d07-84c6e38ed564,d17244fd-0b3d-4607-90cb-8c7a1de3ce43,1076,1785909854234472424,1785909854619840424,385,true,0.640908,0.248774
3277af4e-23b9-4636-9d07-84c6e38ed564,d17244fd-0b3d-4607-90cb-8c7a1de3ce43,1077,1785909854649836424,1785909854855086424,205,true,0.579272,0.288094
3277af4e-23b9-4636-9d07-84c6e38ed564,d17244fd-0b3d-4607-90cb-8c7a1de3ce43,1078,1785909854885086424,1785909855115210424,230,true,0.64671,0.310522
3277af4e-23b9-4636-9d07-84c6e38ed564,d17244fd-0b3d-4607-90cb-8c7a1de3ce43,1079,1785909855165336424,1785909855410585424,245,true,0.490285,0.0912
3277af4e-23b9-4636-9d07-84c6e38ed564,d17244fd-0b3d-4607-90cb-8c7a1de3ce43,1080,1785909855445585424,1785909855660835424,215,false,0.53298,-0.025479
3277af4e-23b9-4636-9d07-84c6e38ed564,d17244fd-0b3d-4607-90cb-8c7a1de3ce43,1081,1785909855685835424,1785909856821835424,1136,true,0.510009,0.14126
3277af4e-23b9-4636-9d07-84c6e38ed564,d17244fd-0b3d-4607-90cb-8c7a1de3ce43,1082,1785909857062096424,1785909857422473424,360,true,0.423089,0.512777
3277af4e-23b9-4636-9d07-84c6e38ed564,d17244fd-0b3d-4607-90cb-8c7a1de3ce43,1083,1785909857452460424,1785909857687709424,235,true,0.312272,0.656349
3277af4e-23b9-4636-9d07-84c6e38ed564,d17244fd-0b3d-4607-90cb-8c7a1de3ce43,1084,1785909857722709424,1785909857882834424,160,true,0.416128,0.563783
3277af4e-23b9-4636-9d07-84c6e38ed564,d17244fd-0b3d-4607-90cb-8c7a1de3ce43,1085,1785909857917837424,1785909858313212424,395,true,0.502477,0.466768
3277af4e-23b9-4636-9d07-84c6e38ed564,d17244fd-0b3d-4607-90cb-8c7a1de3ce43,1086,1785909858633584424,1785909858803709424,170,true,0.345668,0.639967
3277af4e-23b9-4636-9d07-84c6e38ed564,d17244fd-0b3d-4607-90cb-8c7a1de3ce43,1087,1785909858848709424,1785909858968834424,120,true,0.485691,0.634736
3277af4e-23b9-4636-9d07-84c6e38ed564,d17244fd-0b3d-4607-90cb-8c7a1de3ce43,1088,1785909859028959424,1785909859224084424,195,true,0.494739,0.14421
3277af4e-23b9-4636-9d07-84c6e38ed564,d17244fd-0b3d-4607-90cb-8c7a1de3ce43,1089,1785909859289209424,1785909859664584424,375,true,0.708568,0.701274
3277af4e-23b9-4636-9d07-84c6e38ed564,d17244fd-0b3d-4607-90cb-8c7a1de3ce43,1090,1785909859714584424,1785909859889718424,175,true,0.313268,0.694047
3277af4e-23b9-4636-9d07-84c6e38ed564,d17244fd-0b3d-4607-90cb-8c7a1de3ce43,1091,1785909859924833424,1785909860430208424,505,true,0.490641,0.59464
3277af4e-23b9-4636-9d07-84c6e38ed564,d17244fd-0b3d-4607-90cb-8c7a1de3ce43,1092,1785909860670458424,1785909860775583424,105,true,0.558984,0.5313
3277af4e-23b9-4636-9d07-84c6e38ed564,d17244fd-0b3d-4607-90cb-8c7a1de3ce43,1093,1785909861030833424,1785909861085833424,55,true,0.660942,0.593306
3277af4e-23b9-4636-9d07-84c6e38ed564,d17244fd-0b3d-4607-90cb-8c7a1de3ce43,1094,1785909861145958424,1785909861491208424,345,true,0.317372,0.630074
3277af4e-23b9-4636-9d07-84c6e38ed564,d17244fd-0b3d-4607-90cb-8c7a1de3ce43,1095,1785909861546333424,1785909862321964424,775,true,0.675781,0.622334
3277af4e-23b9-4636-9d07-84c6e38ed564,d17244fd-0b3d-4607-90cb-8c7a1de3ce43,1096,1785909862362083424,1785909862612332424,250,true,0.50466,0.467971
3277af4e-23b9-4636-9d07-84c6e38ed564,d17244fd-0b3d-4607-90cb-8c7a1de3ce43,1097,1785909862647332424,1785909863047708424,400,true,0.609391,0.52578
3277af4e-23b9-4636-9d07-84c6e38ed564,d17244fd-0b3d-4607-90cb-8c7a1de3ce43,1098,1785909863137832424,1785909863257957424,120,true,0.605673,0.315155
3277af4e-23b9-4636-9d07-84c6e38ed564,d17244fd-0b3d-4607-90cb-8c7a1de3ce43,1099,1785909863307957424,1785909863623207424,315,true,0.421783,0.267752
3277af4e-23b9-4636-9d07-84c6e38ed564,d17244fd-0b3d-4607-90cb-8c7a1de3ce43,1100,1785909863678336424,1785909864013582424,335,true,0.616876,0.339692
3277af4e-23b9-4636-9d07-84c6e38ed564,d17244fd-0b3d-4607-90cb-8c7a1de3ce43,1101,1785909864033582424,1785909864193839424,160,true,0.650234,0.346681
3277af4e-23b9-4636-9d07-84c6e38ed564,d17244fd-0b3d-4607-90cb-8c7a1de3ce43,1105,1785909865545081424,1785909865630081424,85,true,0.612782,0.489444
3277af4e-23b9-4636-9d07-84c6e38ed564,d17244fd-0b3d-4607-90cb-8c7a1de3ce43,1107,1785909866245706424,1785909866335831424,90,true,0.648141,0.194938
3277af4e-23b9-4636-9d07-84c6e38ed564,d17244fd-0b3d-4607-90cb-8c7a1de3ce43,1108,1785909866756206424,1785909866771206424,15,true,0.584586,0.136238
3277af4e-23b9-4636-9d07-84c6e38ed564,d17244fd-0b3d-4607-90cb-8c7a1de3ce43,1109,1785909866796206424,1785909867246592424,450,true,0.502187,0.127245
3277af4e-23b9-4636-9d07-84c6e38ed564,d17244fd-0b3d-4607-90cb-8c7a1de3ce43,1110,1785909867316705424,1785909867361706424,45,true,0.527852,0.090977
3277af4e-23b9-4636-9d07-84c6e38ed564,d17244fd-0b3d-4607-90cb-8c7a1de3ce43,1111,1785909868012330424,1785909868177455424,165,true,0.516689,0.438712
3277af4e-23b9-4636-9d07-84c6e38ed564,d17244fd-0b3d-4607-90cb-8c7a1de3ce43,1112,1785909868217580424,1785909868372705424,155,true,0.455691,0.769257
3277af4e-23b9-4636-9d07-84c6e38ed564,d17244fd-0b3d-4607-90cb-8c7a1de3ce43,1113,1785909868397705424,1785909868537830424,140,true,0.474711,0.828265
3277af4e-23b9-4636-9d07-84c6e38ed564,d17244fd-0b3d-4607-90cb-8c7a1de3ce43,1114,1785909868582830424,1785909868692966424,110,true,0.331065,0.705044
3277af4e-23b9-4636-9d07-84c6e38ed564,d17244fd-0b3d-4607-90cb-8c7a1de3ce43,1115,1785909868728080424,1785909869173455424,445,true,0.476467,0.768797
3277af4e-23b9-4636-9d07-84c6e38ed564,d17244fd-0b3d-4607-90cb-8c7a1de3ce43,1116,1785909869218455424,1785909869588830424,370,true,0.65277,0.581235
3277af4e-23b9-4636-9d07-84c6e38ed564,d17244fd-0b3d-4607-90cb-8c7a1de3ce43,1117,1785909869623829424,1785909869819079424,195,true,0.520401,0.602151
3277af4e-23b9-4636-9d07-84c6e38ed564,d17244fd-0b3d-4607-90cb-8c7a1de3ce43,1118,1785909869854084424,1785909870009204424,155,true,0.508924,0.413385
3277af4e-23b9-4636-9d07-84c6e38ed564,d17244fd-0b3d-4607-90cb-8c7a1de3ce43,1119,1785909870044204424,1785909870214460424,170,true,0.513421,0.591394
3277af4e-23b9-4636-9d07-84c6e38ed564,d17244fd-0b3d-4607-90cb-8c7a1de3ce43,1120,1785909870429579424,1785909870529704424,100,true,0.332752,0.640293
3277af4e-23b9-4636-9d07-84c6e38ed564,d17244fd-0b3d-4607-90cb-8c7a1de3ce43,1121,1785909870569704424,1785909871295454424,725,true,0.50867,0.572329
3277af4e-23b9-4636-9d07-84c6e38ed564,d17244fd-0b3d-4607-90cb-8c7a1de3ce43,1122,1785909871350454424,1785909871600704424,250,true,0.505734,0.150202
3277af4e-23b9-4636-9d07-84c6e38ed564,d17244fd-0b3d-4607-90cb-8c7a1de3ce43,1124,1785909871971078424,1785909872136204424,165,true,0.717511,0.599643
3277af4e-23b9-4636-9d07-84c6e38ed564,d17244fd-0b3d-4607-90cb-8c7a1de3ce43,1125,1785909872191337424,1785909872451578424,260,true,0.321185,0.618192
3277af4e-23b9-4636-9d07-84c6e38ed564,d17244fd-0b3d-4607-90cb-8c7a1de3ce43,1126,1785909872566578424,1785909872721828424,155,true,0.67365,0.613864
3277af4e-23b9-4636-9d07-84c6e38ed564,d17244fd-0b3d-4607-90cb-8c7a1de3ce43,1127,1785909872756828424,1785909872861957424,105,true,0.500201,0.592931
3277af4e-23b9-4636-9d07-84c6e38ed564,d17244fd-0b3d-4607-90cb-8c7a1de3ce43,1128,1785909872906953424,1785909873272328424,365,true,0.603495,0.49584
3277af4e-23b9-4636-9d07-84c6e38ed564,d17244fd-0b3d-4607-90cb-8c7a1de3ce43,1129,1785909873432453424,1785909873577578424,145,true,0.608561,0.238241
3277af4e-23b9-4636-9d07-84c6e38ed564,d17244fd-0b3d-4607-90cb-8c7a1de3ce43,1130,1785909873622582424,1785909873782703424,160,true,0.414681,0.277739
3277af4e-23b9-4636-9d07-84c6e38ed564,d17244fd-0b3d-4607-90cb-8c7a1de3ce43,1131,1785909874068078424,1785909874478452424,410,true,0.608629,0.304248
3277af4e-23b9-4636-9d07-84c6e38ed564,d17244fd-0b3d-4607-90cb-8c7a1de3ce43,1132,1785909874523460424,1785909874758702424,235,true,0.592611,0.557915
3277af4e-23b9-4636-9d07-84c6e38ed564,d17244fd-0b3d-4607-90cb-8c7a1de3ce43,1133,1785909874998952424,1785909875053952424,55,false,0.316386,2.194725
3277af4e-23b9-4636-9d07-84c6e38ed564,d17244fd-0b3d-4607-90cb-8c7a1de3ce43,1135,1785909875979827424,1785909876119952424,140,true,0.562599,0.42332
3277af4e-23b9-4636-9d07-84c6e38ed564,d17244fd-0b3d-4607-90cb-8c7a1de3ce43,1136,1785909876154961424,1785909876340211424,185,true,0.413026,0.291744
3277af4e-23b9-4636-9d07-84c6e38ed564,d17244fd-0b3d-4607-90cb-8c7a1de3ce43,1137,1785909876385209424,1785909876860701424,475,true,0.545682,0.115278
3277af4e-23b9-4636-9d07-84c6e38ed564,d17244fd-0b3d-4607-90cb-8c7a1de3ce43,1138,1785909876890701424,1785909877656333424,765,true,0.483902,0.160798
3277af4e-23b9-4636-9d07-84c6e38ed564,d17244fd-0b3d-4607-90cb-8c7a1de3ce43,1139,1785909877701451424,1785909878171826424,470,true,0.482998,0.500272
3277af4e-23b9-4636-9d07-84c6e38ed564,d17244fd-0b3d-4607-90cb-8c7a1de3ce43,1140,1785909878231951424,1785909878301951424,70,true,0.648673,0.732275
3277af4e-23b9-4636-9d07-84c6e38ed564,d17244fd-0b3d-4607-90cb-8c7a1de3ce43,1141,1785909878462200424,1785909879212825424,750,true,0.484172,0.778474
3277af4e-23b9-4636-9d07-84c6e38ed564,d17244fd-0b3d-4607-90cb-8c7a1de3ce43,1142,1785909879242825424,1785909879372950424,130,true,0.594833,0.684564
3277af4e-23b9-4636-9d07-84c6e38ed564,d17244fd-0b3d-4607-90cb-8c7a1de3ce43,1143,1785909879403075424,1785909879963582424,560,true,0.485469,0.671247
3277af4e-23b9-4636-9d07-84c6e38ed564,d17244fd-0b3d-4607-90cb-8c7a1de3ce43,1145,1785909880368950424,1785909880549075424,180,true,0.492256,0.100464
3277af4e-23b9-4636-9d07-84c6e38ed564,d17244fd-0b3d-4607-90cb-8c7a1de3ce43,1146,1785909880614205424,1785909880844325424,230,true,0.618484,0.664485
3277af4e-23b9-4636-9d07-84c6e38ed564,d17244fd-0b3d-4607-90cb-8c7a1de3ce43,1147,1785909880874453424,1785909881084582424,210,true,0.501276,0.716003
3277af4e-23b9-4636-9d07-84c6e38ed564,d17244fd-0b3d-4607-90cb-8c7a1de3ce43,1148,1785909881119580424,1785909881404949424,285,true,0.609602,0.562164
3277af4e-23b9-4636-9d07-84c6e38ed564,d17244fd-0b3d-4607-90cb-8c7a1de3ce43,1149,1785909881565074424,1785909881665199424,100,true,0.458648,0.359576
3277af4e-23b9-4636-9d07-84c6e38ed564,d17244fd-0b3d-4607-90cb-8c7a1de3ce43,1150,1785909881700214424,1785909881795324424,95,true,0.403047,0.304772
3277af4e-23b9-4636-9d07-84c6e38ed564,d17244fd-0b3d-4607-90cb-8c7a1de3ce43,1151,1785909881830326424,1785909882065574424,235,true,0.614085,0.356164
3277af4e-23b9-4636-9d07-84c6e38ed564,d17244fd-0b3d-4607-90cb-8c7a1de3ce43,1152,1785909882105574424,1785909882781199424,675,true,0.39154,0.346789
3277af4e-23b9-4636-9d07-84c6e38ed564,d17244fd-0b3d-4607-90cb-8c7a1de3ce43,1153,1785909882836199424,1785909883561949424,725,true,0.482038,0.683357
3277af4e-23b9-4636-9d07-84c6e38ed564,d17244fd-0b3d-4607-90cb-8c7a1de3ce43,1154,1785909883601959424,1785909883762073424,160,true,0.49123,0.38786
3277af4e-23b9-4636-9d07-84c6e38ed564,d17244fd-0b3d-4607-90cb-8c7a1de3ce43,1155,1785909883797198424,1785909883967323424,170,true,0.617597,0.403321
3277af4e-23b9-4636-9d07-84c6e38ed564,d17244fd-0b3d-4607-90cb-8c7a1de3ce43,1156,1785909884167451424,1785909884943198424,775,true,0.662676,0.314204
3277af4e-23b9-4636-9d07-84c6e38ed564,d17244fd-0b3d-4607-90cb-8c7a1de3ce43,1157,1785909884983198424,1785909885208448424,225,true,0.527167,0.243804
3277af4e-23b9-4636-9d07-84c6e38ed564,d17244fd-0b3d-4607-90cb-8c7a1de3ce43,1158,1785909885238460424,1785909885718947424,480,true,0.595885,0.249438
3277af4e-23b9-4636-9d07-84c6e38ed564,d17244fd-0b3d-4607-90cb-8c7a1de3ce43,1159,1785909885758947424,1785909885989197424,230,true,0.501038,0.253826
3277af4e-23b9-4636-9d07-84c6e38ed564,d17244fd-0b3d-4607-90cb-8c7a1de3ce43,1160,1785909886014197424,1785909886579697424,565,true,0.528779,0.156831
3277af4e-23b9-4636-9d07-84c6e38ed564,d17244fd-0b3d-4607-90cb-8c7a1de3ce43,1161,1785909886779947424,1785909887085197424,305,true,0.53911,0.382463
3277af4e-23b9-4636-9d07-84c6e38ed564,d17244fd-0b3d-4607-90cb-8c7a1de3ce43,1162,1785909887125321424,1785909887305447424,180,true,0.685562,0.651831
3277af4e-23b9-4636-9d07-84c6e38ed564,d17244fd-0b3d-4607-90cb-8c7a1de3ce43,1163,1785909887345446424,1785909887926071424,580,true,0.49008,0.637769
3277af4e-23b9-4636-9d07-84c6e38ed564,d17244fd-0b3d-4607-90cb-8c7a1de3ce43,1164,1785909887966071424,1785909888156196424,190,true,0.682312,0.616759
3277af4e-23b9-4636-9d07-84c6e38ed564,d17244fd-0b3d-4607-90cb-8c7a1de3ce43,1165,1785909888191321424,1785909888476571424,285,true,0.511732,0.522824
3277af4e-23b9-4636-9d07-84c6e38ed564,d17244fd-0b3d-4607-90cb-8c7a1de3ce43,1166,1785909888506571424,1785909888606696424,100,true,0.528705,0.612997
3277af4e-23b9-4636-9d07-84c6e38ed564,d17244fd-0b3d-4607-90cb-8c7a1de3ce43,1167,1785909888651696424,1785909888831822424,180,true,0.476227,0.838468
3277af4e-23b9-4636-9d07-84c6e38ed564,d17244fd-0b3d-4607-90cb-8c7a1de3ce43,1168,1785909888861953424,1785909889267321424,405,true,0.48602,0.684334
3277af4e-23b9-4636-9d07-84c6e38ed564,d17244fd-0b3d-4607-90cb-8c7a1de3ce43,1169,1785909889312320424,1785909889677695424,365,true,0.677034,0.583603
3277af4e-23b9-4636-9d07-84c6e38ed564,d17244fd-0b3d-4607-90cb-8c7a1de3ce43,1170,1785909889802820424,1785909889902820424,100,true,0.47462,0.551718
3277af4e-23b9-4636-9d07-84c6e38ed564,d17244fd-0b3d-4607-90cb-8c7a1de3ce43,1171,1785909889947946424,1785909890143070424,195,true,0.544265,0.174824
3277af4e-23b9-4636-9d07-84c6e38ed564,d17244fd-0b3d-4607-90cb-8c7a1de3ce43,1172,1785909890188201424,1785909890418320424,230,true,0.543342,0.667849
3277af4e-23b9-4636-9d07-84c6e38ed564,d17244fd-0b3d-4607-90cb-8c7a1de3ce43,1173,1785909890443328424,1785909890583445424,140,true,0.554578,0.504159
3277af4e-23b9-4636-9d07-84c6e38ed564,d17244fd-0b3d-4607-90cb-8c7a1de3ce43,1174,1785909890613570424,1785909890793695424,180,true,0.612763,0.548483
3277af4e-23b9-4636-9d07-84c6e38ed564,d17244fd-0b3d-4607-90cb-8c7a1de3ce43,1175,1785909890993945424,1785909891389320424,395,true,0.590094,0.288247
3277af4e-23b9-4636-9d07-84c6e38ed564,d17244fd-0b3d-4607-90cb-8c7a1de3ce43,1176,1785909891429320424,1785909891669569424,240,true,0.598407,0.497536
3277af4e-23b9-4636-9d07-84c6e38ed564,d17244fd-0b3d-4607-90cb-8c7a1de3ce43,1177,1785909891699571424,1785909892079944424,380,true,0.628896,0.537401
3277af4e-23b9-4636-9d07-84c6e38ed564,d17244fd-0b3d-4607-90cb-8c7a1de3ce43,1178,1785909892114944424,1785909892340200424,225,true,0.585258,0.359421
3277af4e-23b9-4636-9d07-84c6e38ed564,d17244fd-0b3d-4607-90cb-8c7a1de3ce43,1179,1785909892365206424,1785909892630444424,265,true,0.633476,0.346375
3277af4e-23b9-4636-9d07-84c6e38ed564,d17244fd-0b3d-4607-90cb-8c7a1de3ce43,1180,1785909892660444424,1785909892780569424,120,true,0.574023,0.338593
3277af4e-23b9-4636-9d07-84c6e38ed564,d17244fd-0b3d-4607-90cb-8c7a1de3ce43,1181,1785909892955694424,1785909893331069424,375,true,0.615748,0.295962
3277af4e-23b9-4636-9d07-84c6e38ed564,d17244fd-0b3d-4607-90cb-8c7a1de3ce43,1182,1785909893356069424,1785909893896572424,540,true,0.657692,0.30536
3277af4e-23b9-4636-9d07-84c6e38ed564,d17244fd-0b3d-4607-90cb-8c7a1de3ce43,1183,1785909893926693424,1785909894056818424,130,true,0.577828,0.408094
3277af4e-23b9-4636-9d07-84c6e38ed564,d17244fd-0b3d-4607-90cb-8c7a1de3ce43,1184,1785909894327068424,1785909894547193424,220,true,0.550766,0.19379
3277af4e-23b9-4636-9d07-84c6e38ed564,d17244fd-0b3d-4607-90cb-8c7a1de3ce43,1185,1785909894572193424,1785909894712318424,140,true,0.586982,0.11241
3277af4e-23b9-4636-9d07-84c6e38ed564,d17244fd-0b3d-4607-90cb-8c7a1de3ce43,1186,1785909894747443424,1785909895458068424,710,true,0.499061,0.156566
3277af4e-23b9-4636-9d07-84c6e38ed564,d17244fd-0b3d-4607-90cb-8c7a1de3ce43,1187,1785909895533193424,1785909895678318424,145,true,0.543683,0.561068
3277af4e-23b9-4636-9d07-84c6e38ed564,d17244fd-0b3d-4607-90cb-8c7a1de3ce43,1188,1785909895713318424,1785909895908443424,195,true,0.686531,0.702711
3277af4e-23b9-4636-9d07-84c6e38ed564,d17244fd-0b3d-4607-90cb-8c7a1de3ce43,1189,1785909895953568424,1785909896223818424,270,true,0.527644,0.690709
3277af4e-23b9-4636-9d07-84c6e38ed564,d17244fd-0b3d-4607-90cb-8c7a1de3ce43,1190,1785909896423942424,1785909896659192424,235,true,0.323947,0.624175
3277af4e-23b9-4636-9d07-84c6e38ed564,d17244fd-0b3d-4607-90cb-8c7a1de3ce43,1191,1785909896699192424,1785909897164692424,465,true,0.466415,0.58699
3277af4e-23b9-4636-9d07-84c6e38ed564,d17244fd-0b3d-4607-90cb-8c7a1de3ce43,1192,1785909897199692424,1785909897454953424,255,true,0.328079,0.618013
3277af4e-23b9-4636-9d07-84c6e38ed564,d17244fd-0b3d-4607-90cb-8c7a1de3ce43,1193,1785909897499946424,1785909897850317424,350,true,0.557217,0.675255
3277af4e-23b9-4636-9d07-84c6e38ed564,d17244fd-0b3d-4607-90cb-8c7a1de3ce43,1194,1785909897885317424,1785909897980442424,95,true,0.677507,0.619914
3277af4e-23b9-4636-9d07-84c6e38ed564,d17244fd-0b3d-4607-90cb-8c7a1de3ce43,1195,1785909898025442424,1785909898360816424,335,true,0.524935,0.63864
3277af4e-23b9-4636-9d07-84c6e38ed564,d17244fd-0b3d-4607-90cb-8c7a1de3ce43,1196,1785909898395816424,1785909898811195424,415,true,0.444051,0.584321
3277af4e-23b9-4636-9d07-84c6e38ed564,d17244fd-0b3d-4607-90cb-8c7a1de3ce43,1197,1785909898856197424,1785909898981316424,125,true,0.694442,0.568133
3277af4e-23b9-4636-9d07-84c6e38ed564,d17244fd-0b3d-4607-90cb-8c7a1de3ce43,1198,1785909899166566424,1785909899516816424,350,true,0.51311,0.11179
3277af4e-23b9-4636-9d07-84c6e38ed564,d17244fd-0b3d-4607-90cb-8c7a1de3ce43,1199,1785909899571941424,1785909899857199424,285,true,0.550163,0.580681
3277af4e-23b9-4636-9d07-84c6e38ed564,d17244fd-0b3d-4607-90cb-8c7a1de3ce43,1200,1785909899887191424,1785909900237565424,350,true,0.622971,0.546846
3277af4e-23b9-4636-9d07-84c6e38ed564,d17244fd-0b3d-4607-90cb-8c7a1de3ce43,1201,1785909900512815424,1785909900607945424,95,true,0.625177,0.436201
3277af4e-23b9-4636-9d07-84c6e38ed564,d17244fd-0b3d-4607-90cb-8c7a1de3ce43,1202,1785909900632940424,1785909900893190424,260,true,0.620872,0.329951
3277af4e-23b9-4636-9d07-84c6e38ed564,d17244fd-0b3d-4607-90cb-8c7a1de3ce43,1203,1785909900913190424,1785909901163446424,250,true,0.575424,0.362024
3277af4e-23b9-4636-9d07-84c6e38ed564,d17244fd-0b3d-4607-90cb-8c7a1de3ce43,1204,1785909901208440424,1785909901423690424,215,true,0.520598,0.734958
3277af4e-23b9-4636-9d07-84c6e38ed564,d17244fd-0b3d-4607-90cb-8c7a1de3ce43,1205,1785909901453690424,1785909901603815424,150,true,0.580038,0.66375
3277af4e-23b9-4636-9d07-84c6e38ed564,d17244fd-0b3d-4607-90cb-8c7a1de3ce43,1206,1785909901648815424,1785909901819071424,170,true,0.610597,0.38708
3277af4e-23b9-4636-9d07-84c6e38ed564,d17244fd-0b3d-4607-90cb-8c7a1de3ce43,1207,1785909902009190424,1785909902159315424,150,true,0.429617,0.261156
3277af4e-23b9-4636-9d07-84c6e38ed564,d17244fd-0b3d-4607-90cb-8c7a1de3ce43,1208,1785909902189317424,1785909902349564424,160,true,0.393947,0.342655
3277af4e-23b9-4636-9d07-84c6e38ed564,d17244fd-0b3d-4607-90cb-8c7a1de3ce43,1209,1785909902394571424,1785909902719814424,325,true,0.618474,0.342377
3277af4e-23b9-4636-9d07-84c6e38ed564,d17244fd-0b3d-4607-90cb-8c7a1de3ce43,1210,1785909902749939424,1785909903040189424,290,true,0.598197,0.469177
3277af4e-23b9-4636-9d07-84c6e38ed564,d17244fd-0b3d-4607-90cb-8c7a1de3ce43,1211,1785909903210314424,1785909903530689424,320,true,0.620816,0.341498
3277af4e-23b9-4636-9d07-84c6e38ed564,d17244fd-0b3d-4607-90cb-8c7a1de3ce43,1212,1785909903575689424,1785909903805939424,230,true,0.51387,0.107542
3277af4e-23b9-4636-9d07-84c6e38ed564,d17244fd-0b3d-4607-90cb-8c7a1de3ce43,1213,1785909903840939424,1785909904066189424,225,true,0.547116,-0.007453
3277af4e-23b9-4636-9d07-84c6e38ed564,d17244fd-0b3d-4607-90cb-8c7a1de3ce43,1214,1785909904106197424,1785909904621688424,515,true,0.500986,0.134865
3277af4e-23b9-4636-9d07-84c6e38ed564,d17244fd-0b3d-4607-90cb-8c7a1de3ce43,1215,1785909904686698424,1785909905117063424,430,true,0.570112,0.566088
3277af4e-23b9-4636-9d07-84c6e38ed564,d17244fd-0b3d-4607-90cb-8c7a1de3ce43,1216,1785909905152188424,1785909905332313424,180,true,0.669342,0.705128
3277af4e-23b9-4636-9d07-84c6e38ed564,d17244fd-0b3d-4607-90cb-8c7a1de3ce43,1217,1785909905657568424,1785909905892813424,235,true,0.447173,0.671596
3277af4e-23b9-4636-9d07-84c6e38ed564,d17244fd-0b3d-4607-90cb-8c7a1de3ce43,1218,1785909905927938424,1785909906007938424,80,true,0.502542,0.505804
3277af4e-23b9-4636-9d07-84c6e38ed564,d17244fd-0b3d-4607-90cb-8c7a1de3ce43,1219,1785909906032938424,1785909906188193424,155,true,0.520083,0.433191
3277af4e-23b9-4636-9d07-84c6e38ed564,d17244fd-0b3d-4607-90cb-8c7a1de3ce43,1220,1785909906218188424,1785909906443316424,225,true,0.315514,0.653019
3277af4e-23b9-4636-9d07-84c6e38ed564,d17244fd-0b3d-4607-90cb-8c7a1de3ce43,1221,1785909906478444424,1785909906748687424,270,true,0.47343,0.612593
3277af4e-23b9-4636-9d07-84c6e38ed564,d17244fd-0b3d-4607-90cb-8c7a1de3ce43,1222,1785909906778687424,1785909907043939424,265,true,0.517186,0.435026
3277af4e-23b9-4636-9d07-84c6e38ed564,d17244fd-0b3d-4607-90cb-8c7a1de3ce43,1223,1785909907083937424,1785909907699562424,615,true,0.485585,0.560708
3277af4e-23b9-4636-9d07-84c6e38ed564,d17244fd-0b3d-4607-90cb-8c7a1de3ce43,1224,1785909907744562424,1785909907869687424,125,true,0.48364,0.315734
3277af4e-23b9-4636-9d07-84c6e38ed564,d17244fd-0b3d-4607-90cb-8c7a1de3ce43,1225,1785909907904687424,1785909908114937424,210,true,0.512028,0.111365
3277af4e-23b9-4636-9d07-84c6e38ed564,d17244fd-0b3d-4607-90cb-8c7a1de3ce43,1226,1785909908154947424,1785909908530312424,375,true,0.505304,0.455003
3277af4e-23b9-4636-9d07-84c6e38ed564,d17244fd-0b3d-4607-90cb-8c7a1de3ce43,1227,1785909908565312424,1785909908780561424,215,true,0.546782,0.586146
3277af4e-23b9-4636-9d07-84c6e38ed564,d17244fd-0b3d-4607-90cb-8c7a1de3ce43,1228,1785909908800561424,1785909909015811424,215,true,0.609754,0.518451
3277af4e-23b9-4636-9d07-84c6e38ed564,d17244fd-0b3d-4607-90cb-8c7a1de3ce43,1229,1785909909200936424,1785909909456186424,255,true,0.592697,0.339731
3277af4e-23b9-4636-9d07-84c6e38ed564,d17244fd-0b3d-4607-90cb-8c7a1de3ce43,1230,1785909909486186424,1785909909726436424,240,true,0.647176,0.364969
3277af4e-23b9-4636-9d07-84c6e38ed564,d17244fd-0b3d-4607-90cb-8c7a1de3ce43,1231,1785909909761436424,1785909909941686424,180,true,0.577608,0.363646
3277af4e-23b9-4636-9d07-84c6e38ed564,d17244fd-0b3d-4607-90cb-8c7a1de3ce43,1232,1785909909981686424,1785909910081811424,100,true,0.39644,0.334544
3277af4e-23b9-4636-9d07-84c6e38ed564,d17244fd-0b3d-4607-90cb-8c7a1de3ce43,1233,1785909910291936424,1785909910532185424,240,true,0.524169,0.60733
3277af4e-23b9-4636-9d07-84c6e38ed564,d17244fd-0b3d-4607-90cb-8c7a1de3ce43,1234,1785909910567185424,1785909910692310424,125,true,0.633822,0.490416
3277af4e-23b9-4636-9d07-84c6e38ed564,d17244fd-0b3d-4607-90cb-8c7a1de3ce43,1235,1785909910727435424,1785909910952560424,225,true,0.45522,0.651556
3277af4e-23b9-4636-9d07-84c6e38ed564,d17244fd-0b3d-4607-90cb-8c7a1de3ce43,1236,1785909911002685424,1785909911127815424,125,true,0.607139,0.470901
3277af4e-23b9-4636-9d07-84c6e38ed564,d17244fd-0b3d-4607-90cb-8c7a1de3ce43,1237,1785909911157810424,1785909911387943424,230,true,0.624327,0.351965
3277af4e-23b9-4636-9d07-84c6e38ed564,d17244fd-0b3d-4607-90cb-8c7a1de3ce43,1238,1785909911398060424,1785909911543185424,145,true,0.579847,0.346459
3277af4e-23b9-4636-9d07-84c6e38ed564,d17244fd-0b3d-4607-90cb-8c7a1de3ce43,1239,1785909911748310424,1785909911898435424,150,true,0.455357,0.535376
3277af4e-23b9-4636-9d07-84c6e38ed564,d17244fd-0b3d-4607-90cb-8c7a1de3ce43,1240,1785909911948560424,1785909912198810424,250,true,0.646359,0.529689
3277af4e-23b9-4636-9d07-84c6e38ed564,d17244fd-0b3d-4607-90cb-8c7a1de3ce43,1241,1785909912233810424,1785909912328935424,95,true,0.469588,0.622846
3277af4e-23b9-4636-9d07-84c6e38ed564,d17244fd-0b3d-4607-90cb-8c7a1de3ce43,1242,1785909912509060424,1785909912814309424,305,true,0.599911,0.041436
3277af4e-23b9-4636-9d07-84c6e38ed564,d17244fd-0b3d-4607-90cb-8c7a1de3ce43,1243,1785909912844309424,1785909914095559424,1251,true,0.516221,0.135686
3277af4e-23b9-4636-9d07-84c6e38ed564,d17244fd-0b3d-4607-90cb-8c7a1de3ce43,1244,1785909914330815424,1785909914676058424,345,true,0.484708,0.480589
3277af4e-23b9-4636-9d07-84c6e38ed564,d17244fd-0b3d-4607-90cb-8c7a1de3ce43,1245,1785909914696071424,1785909914796190424,100,true,0.442214,0.5575
3277af4e-23b9-4636-9d07-84c6e38ed564,d17244fd-0b3d-4607-90cb-8c7a1de3ce43,1246,1785909914841191424,1785909915071433424,230,true,0.674714,0.661582
3277af4e-23b9-4636-9d07-84c6e38ed564,d17244fd-0b3d-4607-90cb-8c7a1de3ce43,1247,1785909915116433424,1785909915481808424,365,true,0.54915,0.65962
3277af4e-23b9-4636-9d07-84c6e38ed564,d17244fd-0b3d-4607-90cb-8c7a1de3ce43,1248,1785909915516808424,1785909915526933424,10,true,0.465684,0.560818
e4e00ef7-3145-4c1a-9bfe-956d9defb7ed,d17244fd-0b3d-4607-90cb-8c7a1de3ce43,1276,1785909924260054424,1785909924280054424,20,true,0.54541,0.439672
e4e00ef7-3145-4c1a-9bfe-956d9defb7ed,d17244fd-0b3d-4607-90cb-8c7a1de3ce43,1277,1785909924495304424,1785909924715429424,220,true,0.42685,0.492539
e4e00ef7-3145-4c1a-9bfe-956d9defb7ed,d17244fd-0b3d-4607-90cb-8c7a1de3ce43,1278,1785909924755554424,1785909925235936424,480,true,0.598617,0.409579
e4e00ef7-3145-4c1a-9bfe-956d9defb7ed,d17244fd-0b3d-4607-90cb-8c7a1de3ce43,1279,1785909925521303424,1785909925731428424,210,true,0.526843,0.418951
e4e00ef7-3145-4c1a-9bfe-956d9defb7ed,d17244fd-0b3d-4607-90cb-8c7a1de3ce43,1280,1785909925761428424,1785909925846553424,85,true,0.501191,0.241063
e4e00ef7-3145-4c1a-9bfe-956d9defb7ed,d17244fd-0b3d-4607-90cb-8c7a1de3ce43,1281,1785909925986682424,1785909926527178424,540,true,0.51265,0.040736
e4e00ef7-3145-4c1a-9bfe-956d9defb7ed,d17244fd-0b3d-4607-90cb-8c7a1de3ce43,1282,1785909926562178424,1785909926682303424,120,true,0.475482,0.484205
e4e00ef7-3145-4c1a-9bfe-956d9defb7ed,d17244fd-0b3d-4607-90cb-8c7a1de3ce43,1283,1785909926747428424,1785909926962553424,215,true,0.324264,0.635778
e4e00ef7-3145-4c1a-9bfe-956d9defb7ed,d17244fd-0b3d-4607-90cb-8c7a1de3ce43,1284,1785909926997683424,1785909927172813424,175,true,0.500796,0.639253
e4e00ef7-3145-4c1a-9bfe-956d9defb7ed,d17244fd-0b3d-4607-90cb-8c7a1de3ce43,1285,1785909927287927424,1785909927413052424,125,true,0.403415,0.67407
e4e00ef7-3145-4c1a-9bfe-956d9defb7ed,d17244fd-0b3d-4607-90cb-8c7a1de3ce43,1286,1785909927443052424,1785909927568177424,125,true,0.460887,0.649133
e4e00ef7-3145-4c1a-9bfe-956d9defb7ed,d17244fd-0b3d-4607-90cb-8c7a1de3ce43,1287,1785909927798427424,1785909928504057424,705,true,0.497111,0.69219
e4e00ef7-3145-4c1a-9bfe-956d9defb7ed,d17244fd-0b3d-4607-90cb-8c7a1de3ce43,1288,1785909928539052424,1785909928774302424,235,true,0.514638,0.826733
e4e00ef7-3145-4c1a-9bfe-956d9defb7ed,d17244fd-0b3d-4607-90cb-8c7a1de3ce43,1289,1785909928869426424,1785909929104551424,235,true,0.426785,0.619278
e4e00ef7-3145-4c1a-9bfe-956d9defb7ed,d17244fd-0b3d-4607-90cb-8c7a1de3ce43,1290,1785909929154676424,1785909929434939424,280,true,0.530407,0.042339
e4e00ef7-3145-4c1a-9bfe-956d9defb7ed,d17244fd-0b3d-4607-90cb-8c7a1de3ce43,1291,1785909929499926424,1785909929524931424,25,true,0.480734,0.56295
e4e00ef7-3145-4c1a-9bfe-956d9defb7ed,d17244fd-0b3d-4607-90cb-8c7a1de3ce43,1292,1785909929710176424,1785909929815312424,105,true,0.493335,0.74403
e4e00ef7-3145-4c1a-9bfe-956d9defb7ed,d17244fd-0b3d-4607-90cb-8c7a1de3ce43,1293,1785909929855301424,1785909930040441424,185,true,0.297729,0.643132
e4e00ef7-3145-4c1a-9bfe-956d9defb7ed,d17244fd-0b3d-4607-90cb-8c7a1de3ce43,1294,1785909930080551424,1785909930235676424,155,true,0.53767,0.343566
e4e00ef7-3145-4c1a-9bfe-956d9defb7ed,d17244fd-0b3d-4607-90cb-8c7a1de3ce43,1295,1785909930265676424,1785909930560926424,295,true,0.59825,0.415401
e4e00ef7-3145-4c1a-9bfe-956d9defb7ed,d17244fd-0b3d-4607-90cb-8c7a1de3ce43,1296,1785909930806176424,1785909931246550424,440,true,0.586958,0.329055
e4e00ef7-3145-4c1a-9bfe-956d9defb7ed,d17244fd-0b3d-4607-90cb-8c7a1de3ce43,1297,1785909931281684424,1785909931451812424,170,true,0.688324,0.302838
e4e00ef7-3145-4c1a-9bfe-956d9defb7ed,d17244fd-0b3d-4607-90cb-8c7a1de3ce43,1298,1785909931486800424,1785909931611925424,125,true,0.61855,0.437142
e4e00ef7-3145-4c1a-9bfe-956d9defb7ed,d17244fd-0b3d-4607-90cb-8c7a1de3ce43,1299,1785909931651925424,1785909931867175424,215,true,0.436959,0.659543
e4e00ef7-3145-4c1a-9bfe-956d9defb7ed,d17244fd-0b3d-4607-90cb-8c7a1de3ce43,1300,1785909931907184424,1785909932087425424,180,true,0.523043,0.745578
e4e00ef7-3145-4c1a-9bfe-956d9defb7ed,d17244fd-0b3d-4607-90cb-8c7a1de3ce43,1301,1785909932317550424,1785909932457800424,140,true,0.643061,0.588082
e4e00ef7-3145-4c1a-9bfe-956d9defb7ed,d17244fd-0b3d-4607-90cb-8c7a1de3ce43,1302,1785909932597925424,1785909932682925424,85,true,0.550141,0.723759
e4e00ef7-3145-4c1a-9bfe-956d9defb7ed,d17244fd-0b3d-4607-90cb-8c7a1de3ce43,1303,1785909932727939424,1785909932948174424,220,true,0.396039,0.616487
e4e00ef7-3145-4c1a-9bfe-956d9defb7ed,d17244fd-0b3d-4607-90cb-8c7a1de3ce43,1304,1785909932998186424,1785909933063299424,65,true,0.635167,0.491555
e4e00ef7-3145-4c1a-9bfe-956d9defb7ed,d17244fd-0b3d-4607-90cb-8c7a1de3ce43,1305,1785909933213424424,1785909933438674424,225,true,0.608409,0.397574
e4e00ef7-3145-4c1a-9bfe-956d9defb7ed,d17244fd-0b3d-4607-90cb-8c7a1de3ce43,1306,1785909933553799424,1785909933763924424,210,true,0.641711,0.561161
e4e00ef7-3145-4c1a-9bfe-956d9defb7ed,d17244fd-0b3d-4607-90cb-8c7a1de3ce43,1307,1785909933809049424,1785909934089299424,280,true,0.583547,0.125674
e4e00ef7-3145-4c1a-9bfe-956d9defb7ed,d17244fd-0b3d-4607-90cb-8c7a1de3ce43,1308,1785909934129299424,1785909934349561424,220,true,0.469656,0.074533
e4e00ef7-3145-4c1a-9bfe-956d9defb7ed,d17244fd-0b3d-4607-90cb-8c7a1de3ce43,1309,1785909934374553424,1785909934729924424,355,true,0.507099,0.117542
e4e00ef7-3145-4c1a-9bfe-956d9defb7ed,d17244fd-0b3d-4607-90cb-8c7a1de3ce43,1310,1785909934970056424,1785909935340423424,370,true,0.498937,0.58885
e4e00ef7-3145-4c1a-9bfe-956d9defb7ed,d17244fd-0b3d-4607-90cb-8c7a1de3ce43,1311,1785909935430548424,1785909935630673424,200,true,0.530736,0.39905
e4e00ef7-3145-4c1a-9bfe-956d9defb7ed,d17244fd-0b3d-4607-90cb-8c7a1de3ce43,1312,1785909935655676424,1785909935910923424,255,true,0.513214,0.491112
e4e00ef7-3145-4c1a-9bfe-956d9defb7ed,d17244fd-0b3d-4607-90cb-8c7a1de3ce43,1313,1785909935946057424,1785909936221298424,275,true,0.354923,0.610438
e4e00ef7-3145-4c1a-9bfe-956d9defb7ed,d17244fd-0b3d-4607-90cb-8c7a1de3ce43,1314,1785909936256298424,1785909936906922424,650,true,0.516065,0.543295
e4e00ef7-3145-4c1a-9bfe-956d9defb7ed,d17244fd-0b3d-4607-90cb-8c7a1de3ce43,1315,1785909936946931424,1785909937057047424,110,true,0.392413,0.623175
e4e00ef7-3145-4c1a-9bfe-956d9defb7ed,d17244fd-0b3d-4607-90cb-8c7a1de3ce43,1316,1785909937252172424,1785909937357297424,105,true,0.592436,0.602378
e4e00ef7-3145-4c1a-9bfe-956d9defb7ed,d17244fd-0b3d-4607-90cb-8c7a1de3ce43,1317,1785909937397309424,1785909937697672424,300,true,0.704475,0.604863
e4e00ef7-3145-4c1a-9bfe-956d9defb7ed,d17244fd-0b3d-4607-90cb-8c7a1de3ce43,1318,1785909937742672424,1785909938263172424,520,true,0.540231,0.456951
e4e00ef7-3145-4c1a-9bfe-956d9defb7ed,d17244fd-0b3d-4607-90cb-8c7a1de3ce43,1319,1785909938308172424,1785909938453297424,145,true,0.719439,0.603134
e4e00ef7-3145-4c1a-9bfe-956d9defb7ed,d17244fd-0b3d-4607-90cb-8c7a1de3ce43,1320,1785909938493422424,1785909938753671424,260,true,0.526777,0.440945
e4e00ef7-3145-4c1a-9bfe-956d9defb7ed,d17244fd-0b3d-4607-90cb-8c7a1de3ce43,1321,1785909938783671424,1785909938788671424,5,true,0.500733,0.528676
e4e00ef7-3145-4c1a-9bfe-956d9defb7ed,d17244fd-0b3d-4607-90cb-8c7a1de3ce43,1322,1785909938903798424,1785909939038921424,135,true,0.649553,0.468697
e4e00ef7-3145-4c1a-9bfe-956d9defb7ed,d17244fd-0b3d-4607-90cb-8c7a1de3ce43,1323,1785909939118921424,1785909939324171424,205,true,0.608604,0.510209
e4e00ef7-3145-4c1a-9bfe-956d9defb7ed,d17244fd-0b3d-4607-90cb-8c7a1de3ce43,1324,1785909939364171424,1785909939719546424,355,true,0.609541,0.264975
e4e00ef7-3145-4c1a-9bfe-956d9defb7ed,d17244fd-0b3d-4607-90cb-8c7a1de3ce43,1325,1785909940044796424,1785909940079921424,35,true,0.620474,0.533708
e4e00ef7-3145-4c1a-9bfe-956d9defb7ed,d17244fd-0b3d-4607-90cb-8c7a1de3ce43,1326,1785909940350171424,1785909940510304424,160,true,0.240178,0.635389
e4e00ef7-3145-4c1a-9bfe-956d9defb7ed,d17244fd-0b3d-4607-90cb-8c7a1de3ce43,1330,1785909941541295424,1785909941581295424,40,true,0.62163,0.403344
e4e00ef7-3145-4c1a-9bfe-956d9defb7ed,d17244fd-0b3d-4607-90cb-8c7a1de3ce43,1333,1785909942637294424,1785909942912544424,275,false,0.51642,-0.045502
e4e00ef7-3145-4c1a-9bfe-956d9defb7ed,d17244fd-0b3d-4607-90cb-8c7a1de3ce43,1334,1785909942942544424,1785909943723294424,780,true,0.537192,0.050716
e4e00ef7-3145-4c1a-9bfe-956d9defb7ed,d17244fd-0b3d-4607-90cb-8c7a1de3ce43,1335,1785909943743294424,1785909944058556424,315,true,0.543836,0.063917
e4e00ef7-3145-4c1a-9bfe-956d9defb7ed,d17244fd-0b3d-4607-90cb-8c7a1de3ce43,1336,1785909944268793424,1785909944438928424,170,true,0.593423,0.322432
e4e00ef7-3145-4c1a-9bfe-956d9defb7ed,d17244fd-0b3d-4607-90cb-8c7a1de3ce43,1337,1785909944484044424,1785909944724294424,240,true,0.570414,0.497752
e4e00ef7-3145-4c1a-9bfe-956d9defb7ed,d17244fd-0b3d-4607-90cb-8c7a1de3ce43,1338,1785909944764293424,1785909944949418424,185,true,0.436988,0.63988
e4e00ef7-3145-4c1a-9bfe-956d9defb7ed,d17244fd-0b3d-4607-90cb-8c7a1de3ce43,1339,1785909944989543424,1785909945219679424,230,true,0.594567,0.56741
e4e00ef7-3145-4c1a-9bfe-956d9defb7ed,d17244fd-0b3d-4607-90cb-8c7a1de3ce43,1340,1785909945239668424,1785909945950418424,710,true,0.564093,0.601935
e4e00ef7-3145-4c1a-9bfe-956d9defb7ed,d17244fd-0b3d-4607-90cb-8c7a1de3ce43,1341,1785909945990418424,1785909946075554424,85,true,0.412039,0.617316
e4e00ef7-3145-4c1a-9bfe-956d9defb7ed,d17244fd-0b3d-4607-90cb-8c7a1de3ce43,1342,1785909946115542424,1785909946656042424,540,true,0.538704,0.715114
e4e00ef7-3145-4c1a-9bfe-956d9defb7ed,d17244fd-0b3d-4607-90cb-8c7a1de3ce43,1343,1785909947076417424,1785909947421792424,345,true,0.549133,0.052433
e4e00ef7-3145-4c1a-9bfe-956d9defb7ed,d17244fd-0b3d-4607-90cb-8c7a1de3ce43,1344,1785909947491792424,1785909947672042424,180,true,0.532803,0.852401
e4e00ef7-3145-4c1a-9bfe-956d9defb7ed,d17244fd-0b3d-4607-90cb-8c7a1de3ce43,1345,1785909947802167424,1785909948202541424,400,true,0.58836,0.474514
e4e00ef7-3145-4c1a-9bfe-956d9defb7ed,d17244fd-0b3d-4607-90cb-8c7a1de3ce43,1346,1785909948237541424,1785909948327666424,90,true,0.615889,0.323847
e4e00ef7-3145-4c1a-9bfe-956d9defb7ed,d17244fd-0b3d-4607-90cb-8c7a1de3ce43,1347,1785909948537797424,1785909948702916424,165,true,0.536837,0.313998
e4e00ef7-3145-4c1a-9bfe-956d9defb7ed,d17244fd-0b3d-4607-90cb-8c7a1de3ce43,1348,1785909948733041424,1785909948858166424,125,true,0.435249,0.290669
e4e00ef7-3145-4c1a-9bfe-956d9defb7ed,d17244fd-0b3d-4607-90cb-8c7a1de3ce43,1349,1785909948903166424,1785909949213416424,310,true,0.630694,0.328551
e4e00ef7-3145-4c1a-9bfe-956d9defb7ed,d17244fd-0b3d-4607-90cb-8c7a1de3ce43,1350,1785909949253416424,1785909949448666424,195,true,0.542989,0.523361
e4e00ef7-3145-4c1a-9bfe-956d9defb7ed,d17244fd-0b3d-4607-90cb-8c7a1de3ce43,1351,1785909949483666424,1785909949593791424,110,true,0.469852,0.670766
e4e00ef7-3145-4c1a-9bfe-956d9defb7ed,d17244fd-0b3d-4607-90cb-8c7a1de3ce43,1352,1785909949768916424,1785909949959165424,190,true,0.509719,0.704031
e4e00ef7-3145-4c1a-9bfe-956d9defb7ed,d17244fd-0b3d-4607-90cb-8c7a1de3ce43,1353,1785909949994172424,1785909950354540424,360,true,0.592811,0.314994
e4e00ef7-3145-4c1a-9bfe-956d9defb7ed,d17244fd-0b3d-4607-90cb-8c7a1de3ce43,1354,1785909950394547424,1785909950714790424,320,true,0.423749,0.326542
e4e00ef7-3145-4c1a-9bfe-956d9defb7ed,d17244fd-0b3d-4607-90cb-8c7a1de3ce43,1355,1785909950759915424,1785909950965040424,205,true,0.605784,0.3251
e4e00ef7-3145-4c1a-9bfe-956d9defb7ed,d17244fd-0b3d-4607-90cb-8c7a1de3ce43,1356,1785909951120165424,1785909951360415424,240,true,0.629042,0.485431
e4e00ef7-3145-4c1a-9bfe-956d9defb7ed,d17244fd-0b3d-4607-90cb-8c7a1de3ce43,1357,1785909951420540424,1785909951555670424,135,true,0.6639,0.01302
e4e00ef7-3145-4c1a-9bfe-956d9defb7ed,d17244fd-0b3d-4607-90cb-8c7a1de3ce43,1358,1785909951615665424,1785909951805914424,190,false,1.119095,0.110831
e4e00ef7-3145-4c1a-9bfe-956d9defb7ed,d17244fd-0b3d-4607-90cb-8c7a1de3ce43,1359,1785909951875916424,1785909952121164424,245,true,0.524752,0.156529
e4e00ef7-3145-4c1a-9bfe-956d9defb7ed,d17244fd-0b3d-4607-90cb-8c7a1de3ce43,1360,1785909952161165424,1785909952396414424,235,true,0.666859,0.094297
e4e00ef7-3145-4c1a-9bfe-956d9defb7ed,d17244fd-0b3d-4607-90cb-8c7a1de3ce43,1361,1785909952436414424,1785909952596664424,160,true,0.534988,0.121328
e4e00ef7-3145-4c1a-9bfe-956d9defb7ed,d17244fd-0b3d-4607-90cb-8c7a1de3ce43,1362,1785909952746789424,1785909952936914424,190,true,0.566147,0.005246
e4e00ef7-3145-4c1a-9bfe-956d9defb7ed,d17244fd-0b3d-4607-90cb-8c7a1de3ce43,1363,1785909952987039424,1785909953187164424,200,true,0.553845,0.45127
e4e00ef7-3145-4c1a-9bfe-956d9defb7ed,d17244fd-0b3d-4607-90cb-8c7a1de3ce43,1364,1785909953227164424,1785909953392414424,165,true,0.361618,0.655473
e4e00ef7-3145-4c1a-9bfe-956d9defb7ed,d17244fd-0b3d-4607-90cb-8c7a1de3ce43,1365,1785909953432418424,1785909953607538424,175,true,0.494897,0.591908
e4e00ef7-3145-4c1a-9bfe-956d9defb7ed,d17244fd-0b3d-4607-90cb-8c7a1de3ce43,1366,1785909953627538424,1785909953917788424,290,true,0.463279,0.581087
e4e00ef7-3145-4c1a-9bfe-956d9defb7ed,d17244fd-0b3d-4607-90cb-8c7a1de3ce43,1367,1785909953957913424,1785909954748663424,790,true,0.629429,0.528165
e4e00ef7-3145-4c1a-9bfe-956d9defb7ed,d17244fd-0b3d-4607-90cb-8c7a1de3ce43,1368,1785909954793663424,1785909954953788424,160,true,0.42868,0.597799
e4e00ef7-3145-4c1a-9bfe-956d9defb7ed,d17244fd-0b3d-4607-90cb-8c7a1de3ce43,1369,1785909954998913424,1785909955149037424,150,true,0.695975,0.562299
e4e00ef7-3145-4c1a-9bfe-956d9defb7ed,d17244fd-0b3d-4607-90cb-8c7a1de3ce43,1370,1785909955344175424,1785909955609412424,265,true,0.331569,0.582888
e4e00ef7-3145-4c1a-9bfe-956d9defb7ed,d17244fd-0b3d-4607-90cb-8c7a1de3ce43,1371,1785909955659537424,1785909955814662424,155,true,0.600769,0.513527
e4e00ef7-3145-4c1a-9bfe-956d9defb7ed,d17244fd-0b3d-4607-90cb-8c7a1de3ce43,1372,1785909955844662424,1785909956355162424,510,true,0.648229,0.460382
e4e00ef7-3145-4c1a-9bfe-956d9defb7ed,d17244fd-0b3d-4607-90cb-8c7a1de3ce43,1373,1785909956580287424,1785909956720546424,140,true,0.637897,0.277328
e4e00ef7-3145-4c1a-9bfe-956d9defb7ed,d17244fd-0b3d-4607-90cb-8c7a1de3ce43,1374,1785909956760541424,1785909956975661424,215,true,0.439776,0.292802
e4e00ef7-3145-4c1a-9bfe-956d9defb7ed,d17244fd-0b3d-4607-90cb-8c7a1de3ce43,1375,1785909957135911424,1785909957416161424,280,true,0.561967,0.634227
e4e00ef7-3145-4c1a-9bfe-956d9defb7ed,d17244fd-0b3d-4607-90cb-8c7a1de3ce43,1376,1785909957456161424,1785909957686411424,230,true,0.643815,0.40595
e4e00ef7-3145-4c1a-9bfe-956d9defb7ed,d17244fd-0b3d-4607-90cb-8c7a1de3ce43,1377,1785909957711411424,1785909957921661424,210,true,0.618668,0.316826
e4e00ef7-3145-4c1a-9bfe-956d9defb7ed,d17244fd-0b3d-4607-90cb-8c7a1de3ce43,1378,1785909958081786424,1785909958221913424,140,true,0.580424,0.268255
e4e00ef7-3145-4c1a-9bfe-956d9defb7ed,d17244fd-0b3d-4607-90cb-8c7a1de3ce43,1379,1785909958261911424,1785909958452036424,190,true,0.442182,0.291315
e4e00ef7-3145-4c1a-9bfe-956d9defb7ed,d17244fd-0b3d-4607-90cb-8c7a1de3ce43,1380,1785909958492161424,1785909958752415424,260,true,0.647599,0.323046
e4e00ef7-3145-4c1a-9bfe-956d9defb7ed,d17244fd-0b3d-4607-90cb-8c7a1de3ce43,1381,1785909958782411424,1785909959247785424,465,true,0.62602,0.463436
e4e00ef7-3145-4c1a-9bfe-956d9defb7ed,d17244fd-0b3d-4607-90cb-8c7a1de3ce43,1382,1785909959282910424,1785909959608165424,325,true,0.650661,0.288196
e4e00ef7-3145-4c1a-9bfe-956d9defb7ed,d17244fd-0b3d-4607-90cb-8c7a1de3ce43,1383,1785909959838410424,1785909960033535424,195,true,0.882896,-0.032607
e4e00ef7-3145-4c1a-9bfe-956d9defb7ed,d17244fd-0b3d-4607-90cb-8c7a1de3ce43,1384,1785909960093662424,1785909960408910424,315,true,0.524149,0.1596
e4e00ef7-3145-4c1a-9bfe-956d9defb7ed,d17244fd-0b3d-4607-90cb-8c7a1de3ce43,1385,1785909960443914424,1785909960564035424,120,true,0.618712,0.127676
e4e00ef7-3145-4c1a-9bfe-956d9defb7ed,d17244fd-0b3d-4607-90cb-8c7a1de3ce43,1386,1785909960599159424,1785909960929410424,330,true,0.530431,0.145616
e4e00ef7-3145-4c1a-9bfe-956d9defb7ed,d17244fd-0b3d-4607-90cb-8c7a1de3ce43,1387,1785909960984422424,1785909961369784424,385,true,0.537897,0.473688
e4e00ef7-3145-4c1a-9bfe-956d9defb7ed,d17244fd-0b3d-4607-90cb-8c7a1de3ce43,1388,1785909961409913424,1785909961560034424,150,true,0.384683,0.596999
e4e00ef7-3145-4c1a-9bfe-956d9defb7ed,d17244fd-0b3d-4607-90cb-8c7a1de3ce43,1389,1785909961600034424,1785909961750159424,150,true,0.533731,0.625216
e4e00ef7-3145-4c1a-9bfe-956d9defb7ed,d17244fd-0b3d-4607-90cb-8c7a1de3ce43,1390,1785909961785159424,1785909962090534424,305,true,0.54608,0.470325
e4e00ef7-3145-4c1a-9bfe-956d9defb7ed,d17244fd-0b3d-4607-90cb-8c7a1de3ce43,1391,1785909962125543424,1785909962946283424,820,true,0.551346,0.611107
e4e00ef7-3145-4c1a-9bfe-956d9defb7ed,d17244fd-0b3d-4607-90cb-8c7a1de3ce43,1392,1785909962976283424,1785909963071418424,95,true,0.51498,0.745485
e4e00ef7-3145-4c1a-9bfe-956d9defb7ed,d17244fd-0b3d-4607-90cb-8c7a1de3ce43,1393,1785909963241533424,1785909963426783424,185,true,0.547109,0.815872
e4e00ef7-3145-4c1a-9bfe-956d9defb7ed,d17244fd-0b3d-4607-90cb-8c7a1de3ce43,1394,1785909963476793424,1785909963662033424,185,true,0.554736,0.3299
e4e00ef7-3145-4c1a-9bfe-956d9defb7ed,d17244fd-0b3d-4607-90cb-8c7a1de3ce43,1395,1785909963692033424,1785909963982283424,290,true,0.56182,0.063369
e4e00ef7-3145-4c1a-9bfe-956d9defb7ed,d17244fd-0b3d-4607-90cb-8c7a1de3ce43,1396,1785909964032283424,1785909964222546424,190,true,0.545488,0.438957
e4e00ef7-3145-4c1a-9bfe-956d9defb7ed,d17244fd-0b3d-4607-90cb-8c7a1de3ce43,1397,1785909964252532424,1785909964622907424,370,true,0.55743,0.545043
e4e00ef7-3145-4c1a-9bfe-956d9defb7ed,d17244fd-0b3d-4607-90cb-8c7a1de3ce43,1398,1785909964818032424,1785909964863157424,45,true,0.542708,0.104585
e4e00ef7-3145-4c1a-9bfe-956d9defb7ed,d17244fd-0b3d-4607-90cb-8c7a1de3ce43,1399,1785909964893157424,1785909965093282424,200,true,0.558773,0.044345
e4e00ef7-3145-4c1a-9bfe-956d9defb7ed,d17244fd-0b3d-4607-90cb-8c7a1de3ce43,1400,1785909965173407424,1785909965388657424,215,true,0.539884,0.822082
e4e00ef7-3145-4c1a-9bfe-956d9defb7ed,d17244fd-0b3d-4607-90cb-8c7a1de3ce43,1401,1785909965428670424,1785909965733907424,305,true,0.533136,0.47032
e4e00ef7-3145-4c1a-9bfe-956d9defb7ed,d17244fd-0b3d-4607-90cb-8c7a1de3ce43,1402,1785909965768909424,1785909966019157424,250,true,0.611327,0.478644
e4e00ef7-3145-4c1a-9bfe-956d9defb7ed,d17244fd-0b3d-4607-90cb-8c7a1de3ce43,1403,1785909966249411424,1785909966609781424,360,true,0.62272,0.260803
e4e00ef7-3145-4c1a-9bfe-956d9defb7ed,d17244fd-0b3d-4607-90cb-8c7a1de3ce43,1404,1785909966804906424,1785909966935032424,130,true,0.519336,0.657238
e4e00ef7-3145-4c1a-9bfe-956d9defb7ed,d17244fd-0b3d-4607-90cb-8c7a1de3ce43,1405,1785909966955031424,1785909967225282424,270,true,0.570373,0.602498
e4e00ef7-3145-4c1a-9bfe-956d9defb7ed,d17244fd-0b3d-4607-90cb-8c7a1de3ce43,1406,1785909967270406424,1785909967455531424,185,true,0.588905,0.348678
e4e00ef7-3145-4c1a-9bfe-956d9defb7ed,d17244fd-0b3d-4607-90cb-8c7a1de3ce43,1407,1785909967495531424,1785909967800905424,305,true,0.437318,0.358418
e4e00ef7-3145-4c1a-9bfe-956d9defb7ed,d17244fd-0b3d-4607-90cb-8c7a1de3ce43,1408,1785909967845906424,1785909967976030424,130,true,0.625443,0.304329
e4e00ef7-3145-4c1a-9bfe-956d9defb7ed,d17244fd-0b3d-4607-90cb-8c7a1de3ce43,1409,1785909968156166424,1785909968511534424,355,true,0.618874,0.39584
e4e00ef7-3145-4c1a-9bfe-956d9defb7ed,d17244fd-0b3d-4607-90cb-8c7a1de3ce43,1410,1785909968546536424,1785909968706659424,160,true,0.646585,0.473887
e4e00ef7-3145-4c1a-9bfe-956d9defb7ed,d17244fd-0b3d-4607-90cb-8c7a1de3ce43,1411,1785909968721780424,1785909968866905424,145,true,0.609973,0.501609
e4e00ef7-3145-4c1a-9bfe-956d9defb7ed,d17244fd-0b3d-4607-90cb-8c7a1de3ce43,1412,1785909968896905424,1785909969057041424,160,true,0.632453,0.291779
e4e00ef7-3145-4c1a-9bfe-956d9defb7ed,d17244fd-0b3d-4607-90cb-8c7a1de3ce43,1413,1785909969072042424,1785909969252167424,180,true,0.589837,0.297934
e4e00ef7-3145-4c1a-9bfe-956d9defb7ed,d17244fd-0b3d-4607-90cb-8c7a1de3ce43,1414,1785909969442405424,1785909969852780424,410,false,0.602033,-0.036078
e4e00ef7-3145-4c1a-9bfe-956d9defb7ed,d17244fd-0b3d-4607-90cb-8c7a1de3ce43,1415,1785909969882788424,1785909970273154424,390,true,0.547395,0.089459
e4e00ef7-3145-4c1a-9bfe-956d9defb7ed,d17244fd-0b3d-4607-90cb-8c7a1de3ce43,1416,1785909970303158424,1785909970558404424,255,true,0.604713,0.086741
e4e00ef7-3145-4c1a-9bfe-956d9defb7ed,d17244fd-0b3d-4607-90cb-8c7a1de3ce43,1417,1785909970583404424,1785909971068907424,485,true,0.530561,0.107516
e4e00ef7-3145-4c1a-9bfe-956d9defb7ed,d17244fd-0b3d-4607-90cb-8c7a1de3ce43,1418,1785909971129029424,1785909971594403424,465,true,0.53442,0.523839
e4e00ef7-3145-4c1a-9bfe-956d9defb7ed,d17244fd-0b3d-4607-90cb-8c7a1de3ce43,1419,1785909971629403424,1785909971789653424,160,true,0.374753,0.578355
e4e00ef7-3145-4c1a-9bfe-956d9defb7ed,d17244fd-0b3d-4607-90cb-8c7a1de3ce43,1420,1785909971829653424,1785909971964778424,135,true,0.501642,0.682197
e4e00ef7-3145-4c1a-9bfe-956d9defb7ed,d17244fd-0b3d-4607-90cb-8c7a1de3ce43,1421,1785909972004792424,1785909972159904424,155,true,0.551179,0.766619
e4e00ef7-3145-4c1a-9bfe-956d9defb7ed,d17244fd-0b3d-4607-90cb-8c7a1de3ce43,1422,1785909972190040424,1785909972620403424,430,true,0.553239,0.592651
e4e00ef7-3145-4c1a-9bfe-956d9defb7ed,d17244fd-0b3d-4607-90cb-8c7a1de3ce43,1423,1785909972815528424,1785909973341027424,525,true,0.566132,0.500809
e4e00ef7-3145-4c1a-9bfe-956d9defb7ed,d17244fd-0b3d-4607-90cb-8c7a1de3ce43,1424,1785909973376027424,1785909974061777424,685,true,0.537323,0.679801
e4e00ef7-3145-4c1a-9bfe-956d9defb7ed,d17244fd-0b3d-4607-90cb-8c7a1de3ce43,1425,1785909974096777424,1785909974777402424,680,true,0.547276,0.525306
e4e00ef7-3145-4c1a-9bfe-956d9defb7ed,d17244fd-0b3d-4607-90cb-8c7a1de3ce43,1426,1785909974817402424,1785909975022651424,205,true,0.693823,0.559941
e4e00ef7-3145-4c1a-9bfe-956d9defb7ed,d17244fd-0b3d-4607-90cb-8c7a1de3ce43,1427,1785909975142778424,1785909975568151424,425,true,0.568394,0.393678
e4e00ef7-3145-4c1a-9bfe-956d9defb7ed,d17244fd-0b3d-4607-90cb-8c7a1de3ce43,1428,1785909975623151424,1785909975878401424,255,true,0.550386,0.729417
e4e00ef7-3145-4c1a-9bfe-956d9defb7ed,d17244fd-0b3d-4607-90cb-8c7a1de3ce43,1429,1785909975923526424,1785909976063651424,140,true,0.557416,0.369304
e4e00ef7-3145-4c1a-9bfe-956d9defb7ed,d17244fd-0b3d-4607-90cb-8c7a1de3ce43,1430,1785909976103651424,1785909976268776424,165,true,0.55693,0.069847
e4e00ef7-3145-4c1a-9bfe-956d9defb7ed,d17244fd-0b3d-4607-90cb-8c7a1de3ce43,1431,1785909976318776424,1785909976624151424,305,true,0.546751,0.449221
e4e00ef7-3145-4c1a-9bfe-956d9defb7ed,d17244fd-0b3d-4607-90cb-8c7a1de3ce43,1432,1785909976649151424,1785909976939400424,290,true,0.598532,0.38236
e4e00ef7-3145-4c1a-9bfe-956d9defb7ed,d17244fd-0b3d-4607-90cb-8c7a1de3ce43,1433,1785909976974400424,1785909977219650424,245,true,0.627318,0.45578
e4e00ef7-3145-4c1a-9bfe-956d9defb7ed,d17244fd-0b3d-4607-90cb-8c7a1de3ce43,1434,1785909977560027424,1785909977795275424,235,true,0.632002,0.335145
e4e00ef7-3145-4c1a-9bfe-956d9defb7ed,d17244fd-0b3d-4607-90cb-8c7a1de3ce43,1435,1785909977835275424,1785909978225657424,390,true,0.453691,0.296057
e4e00ef7-3145-4c1a-9bfe-956d9defb7ed,d17244fd-0b3d-4607-90cb-8c7a1de3ce43,1436,1785909978586024424,1785909978811149424,225,true,0.463308,0.597114
e4e00ef7-3145-4c1a-9bfe-956d9defb7ed,d17244fd-0b3d-4607-90cb-8c7a1de3ce43,1437,1785909979041399424,1785909979446774424,405,true,0.617609,0.445989
e4e00ef7-3145-4c1a-9bfe-956d9defb7ed,d17244fd-0b3d-4607-90cb-8c7a1de3ce43,1438,1785909979471787424,1785909979757024424,285,true,0.640744,0.349555
e4e00ef7-3145-4c1a-9bfe-956d9defb7ed,d17244fd-0b3d-4607-90cb-8c7a1de3ce43,1439,1785909979797161424,1785909979982274424,185,true,0.468879,0.282357
e4e00ef7-3145-4c1a-9bfe-956d9defb7ed,d17244fd-0b3d-4607-90cb-8c7a1de3ce43,1440,1785909980192523424,1785909980577780424,385,true,0.623994,0.304314
e4e00ef7-3145-4c1a-9bfe-956d9defb7ed,d17244fd-0b3d-4607-90cb-8c7a1de3ce43,1441,1785909980622898424,1785909980903159424,280,true,0.516635,0.014839
e4e00ef7-3145-4c1a-9bfe-956d9defb7ed,d17244fd-0b3d-4607-90cb-8c7a1de3ce43,1442,1785909980918148424,1785909981123398424,205,true,0.56243,0.008765
e4e00ef7-3145-4c1a-9bfe-956d9defb7ed,d17244fd-0b3d-4607-90cb-8c7a1de3ce43,1443,1785909981158398424,1785909981518648424,360,true,0.536406,0.139416
e4e00ef7-3145-4c1a-9bfe-956d9defb7ed,d17244fd-0b3d-4607-90cb-8c7a1de3ce43,1444,1785909981538773424,1785909981839022424,300,true,0.589022,0.13018
e4e00ef7-3145-4c1a-9bfe-956d9defb7ed,d17244fd-0b3d-4607-90cb-8c7a1de3ce43,1445,1785909981994147424,1785909982299397424,305,true,0.544704,0.052457
e4e00ef7-3145-4c1a-9bfe-956d9defb7ed,d17244fd-0b3d-4607-90cb-8c7a1de3ce43,1446,1785909982364522424,1785909982719897424,355,true,0.530405,0.553105
e4e00ef7-3145-4c1a-9bfe-956d9defb7ed,d17244fd-0b3d-4607-90cb-8c7a1de3ce43,1447,1785909982759897424,1785909983030150424,270,true,0.674224,0.575015
e4e00ef7-3145-4c1a-9bfe-956d9defb7ed,d17244fd-0b3d-4607-90cb-8c7a1de3ce43,1448,1785909983065157424,1785909983250272424,185,true,0.55418,0.535431
e4e00ef7-3145-4c1a-9bfe-956d9defb7ed,d17244fd-0b3d-4607-90cb-8c7a1de3ce43,1449,1785909983290402424,1785909983490522424,200,true,0.382445,0.571757
e4e00ef7-3145-4c1a-9bfe-956d9defb7ed,d17244fd-0b3d-4607-90cb-8c7a1de3ce43,1450,1785909983520647424,1785909983946021424,425,true,0.491755,0.55684
e4e00ef7-3145-4c1a-9bfe-956d9defb7ed,d17244fd-0b3d-4607-90cb-8c7a1de3ce43,1451,1785909983981021424,1785909984386404424,405,true,0.547648,0.467367
e4e00ef7-3145-4c1a-9bfe-956d9defb7ed,d17244fd-0b3d-4607-90cb-8c7a1de3ce43,1452,1785909984581529424,1785909984686646424,105,true,0.469842,0.58915
e4e00ef7-3145-4c1a-9bfe-956d9defb7ed,d17244fd-0b3d-4607-90cb-8c7a1de3ce43,1453,1785909984716646424,1785909985277271424,560,true,0.544199,0.539198
e4e00ef7-3145-4c1a-9bfe-956d9defb7ed,d17244fd-0b3d-4607-90cb-8c7a1de3ce43,1454,1785909985302270424,1785909985767647424,465,true,0.505658,0.567244
e4e00ef7-3145-4c1a-9bfe-956d9defb7ed,d17244fd-0b3d-4607-90cb-8c7a1de3ce43,1455,1785909985797770424,1785909986093028424,295,true,0.531068,0.428498
e4e00ef7-3145-4c1a-9bfe-956d9defb7ed,d17244fd-0b3d-4607-90cb-8c7a1de3ce43,1456,1785909986123032424,1785909986843645424,720,true,0.542597,0.515919
e4e00ef7-3145-4c1a-9bfe-956d9defb7ed,d17244fd-0b3d-4607-90cb-8c7a1de3ce43,1457,1785909986873770424,1785909987028895424,155,true,0.634309,0.430733
e4e00ef7-3145-4c1a-9bfe-956d9defb7ed,d17244fd-0b3d-4607-90cb-8c7a1de3ce43,1458,1785909987354145424,1785909987394269424,40,true,0.653346,0.340486
e4e00ef7-3145-4c1a-9bfe-956d9defb7ed,d17244fd-0b3d-4607-90cb-8c7a1de3ce43,1459,1785909987569399424,1785909987589394424,19,true,0.638019,0.271559
e4e00ef7-3145-4c1a-9bfe-956d9defb7ed,d17244fd-0b3d-4607-90cb-8c7a1de3ce43,1461,1785909988285019424,1785909988335148424,50,true,0.589632,0.59228
e4e00ef7-3145-4c1a-9bfe-956d9defb7ed,d17244fd-0b3d-4607-90cb-8c7a1de3ce43,1462,1785909988355144424,1785909988470275424,115,true,0.649068,0.581086
e4e00ef7-3145-4c1a-9bfe-956d9defb7ed,d17244fd-0b3d-4607-90cb-8c7a1de3ce43,1465,1785909989311018424,1785909989496143424,185,true,0.611146,0.301619
e4e00ef7-3145-4c1a-9bfe-956d9defb7ed,d17244fd-0b3d-4607-90cb-8c7a1de3ce43,1469,1785909990567144424,1785909990607268424,40,true,0.623965,0.045181
e4e00ef7-3145-4c1a-9bfe-956d9defb7ed,d17244fd-0b3d-4607-90cb-8c7a1de3ce43,1470,1785909990672267424,1785909990707268424,35,true,0.324006,0.073639
e4e00ef7-3145-4c1a-9bfe-956d9defb7ed,d17244fd-0b3d-4607-90cb-8c7a1de3ce43,1471,1785909990892517424,1785909991322892424,430,true,0.523477,-0.025651
e4e00ef7-3145-4c1a-9bfe-956d9defb7ed,d17244fd-0b3d-4607-90cb-8c7a1de3ce43,1472,1785909991357898424,1785909991453017424,95,true,0.508059,0.13611
e4e00ef7-3145-4c1a-9bfe-956d9defb7ed,d17244fd-0b3d-4607-90cb-8c7a1de3ce43,1473,1785909991668267424,1785909991883392424,215,true,0.535905,0.121237
e4e00ef7-3145-4c1a-9bfe-956d9defb7ed,d17244fd-0b3d-4607-90cb-8c7a1de3ce43,1474,1785909991918399424,1785909992078642424,160,true,0.527645,0.05387
e4e00ef7-3145-4c1a-9bfe-956d9defb7ed,d17244fd-0b3d-4607-90cb-8c7a1de3ce43,1475,1785909992133642424,1785909992454016424,320,true,0.50914,0.4541
e4e00ef7-3145-4c1a-9bfe-956d9defb7ed,d17244fd-0b3d-4607-90cb-8c7a1de3ce43,1476,1785909992524016424,1785909992569016424,45,true,0.508672,0.65371
e4e00ef7-3145-4c1a-9bfe-956d9defb7ed,d17244fd-0b3d-4607-90cb-8c7a1de3ce43,1477,1785909992774266424,1785909992804266424,30,true,0.542004,0.407285
e4e00ef7-3145-4c1a-9bfe-956d9defb7ed,d17244fd-0b3d-4607-90cb-8c7a1de3ce43,1479,1785909993499891424,1785909993580016424,80,true,0.50752,0.401384
e4e00ef7-3145-4c1a-9bfe-956d9defb7ed,d17244fd-0b3d-4607-90cb-8c7a1de3ce43,1480,1785909993825266424,1785909993875277424,50,true,0.508279,0.71108
e4e00ef7-3145-4c1a-9bfe-956d9defb7ed,d17244fd-0b3d-4607-90cb-8c7a1de3ce43,1482,1785909994385770424,1785909994430765424,44,true,0.53146,0.374672
e4e00ef7-3145-4c1a-9bfe-956d9defb7ed,d17244fd-0b3d-4607-90cb-8c7a1de3ce43,1483,1785909994525890424,1785909994676015424,150,true,0.529157,0.005513
e4e00ef7-3145-4c1a-9bfe-956d9defb7ed,d17244fd-0b3d-4607-90cb-8c7a1de3ce43,1484,1785909994736151424,1785909995111399424,375,true,0.529114,0.584567
e4e00ef7-3145-4c1a-9bfe-956d9defb7ed,d17244fd-0b3d-4607-90cb-8c7a1de3ce43,1485,1785909995241515424,1785909995551890424,310,true,0.552865,0.380667
e4e00ef7-3145-4c1a-9bfe-956d9defb7ed,d17244fd-0b3d-4607-90cb-8c7a1de3ce43,1486,1785909995641890424,1785909995942265424,300,true,0.538476,0.811828
e4e00ef7-3145-4c1a-9bfe-956d9defb7ed,d17244fd-0b3d-4607-90cb-8c7a1de3ce43,1487,1785909995977264424,1785909996712896424,735,true,0.533101,0.574986
e4e00ef7-3145-4c1a-9bfe-956d9defb7ed,d17244fd-0b3d-4607-90cb-8c7a1de3ce43,1488,1785909996753014424,1785909996928139424,175,true,0.564966,0.381194
e4e00ef7-3145-4c1a-9bfe-956d9defb7ed,d17244fd-0b3d-4607-90cb-8c7a1de3ce43,1489,1785909996963148424,1785909997428647424,465,true,0.544843,0.510744
e4e00ef7-3145-4c1a-9bfe-956d9defb7ed,d17244fd-0b3d-4607-90cb-8c7a1de3ce43,1490,1785909997693888424,1785909997753888424,60,true,0.54186,0.780716
e4e00ef7-3145-4c1a-9bfe-956d9defb7ed,d17244fd-0b3d-4607-90cb-8c7a1de3ce43,1491,1785909997794013424,1785909998064275424,270,true,0.547531,0.353769
e4e00ef7-3145-4c1a-9bfe-956d9defb7ed,d17244fd-0b3d-4607-90cb-8c7a1de3ce43,1492,1785909998299388424,1785909998524638424,225,true,0.54123,0.521578
e4e00ef7-3145-4c1a-9bfe-956d9defb7ed,d17244fd-0b3d-4607-90cb-8c7a1de3ce43,1493,1785909998549638424,1785909998669763424,120,true,0.578314,0.537774
e4e00ef7-3145-4c1a-9bfe-956d9defb7ed,d17244fd-0b3d-4607-90cb-8c7a1de3ce43,1494,1785909998709763424,1785909998714763424,5,true,0.637094,0.365624
e4e00ef7-3145-4c1a-9bfe-956d9defb7ed,d17244fd-0b3d-4607-90cb-8c7a1de3ce43,1498,1785909999870887424,1785909999880887424,10,false,0.640083,1.624597
e4e00ef7-3145-4c1a-9bfe-956d9defb7ed,d17244fd-0b3d-4607-90cb-8c7a1de3ce43,1499,1785910000441387424,1785910000486512424,45,true,0.441356,0.400484
e4e00ef7-3145-4c1a-9bfe-956d9defb7ed,d17244fd-0b3d-4607-90cb-8c7a1de3ce43,1500,1785910000856886424,1785910000906886424,50,false,0.31422,1.469215
e4e00ef7-3145-4c1a-9bfe-956d9defb7ed,d17244fd-0b3d-4607-90cb-8c7a1de3ce43,1502,1785910001647511424,1785910001687652424,40,true,0.589695,0.511731
e4e00ef7-3145-4c1a-9bfe-956d9defb7ed,d17244fd-0b3d-4607-90cb-8c7a1de3ce43,1503,1785910001927886424,1785910001962886424,35,true,0.40802,0.350194
e4e00ef7-3145-4c1a-9bfe-956d9defb7ed,d17244fd-0b3d-4607-90cb-8c7a1de3ce43,1504,1785910002393261424,1785910002443261424,50,false,0.552853,-0.082581
e4e00ef7-3145-4c1a-9bfe-956d9defb7ed,d17244fd-0b3d-4607-90cb-8c7a1de3ce43,1505,1785910002583385424,1785910002908760424,325,true,0.499856,0.117093
e4e00ef7-3145-4c1a-9bfe-956d9defb7ed,d17244fd-0b3d-4607-90cb-8c7a1de3ce43,1506,1785910003279135424,1785910003529385424,250,true,0.364486,0.021672
e4e00ef7-3145-4c1a-9bfe-956d9defb7ed,d17244fd-0b3d-4607-90cb-8c7a1de3ce43,1507,1785910003574385424,1785910003814635424,240,true,0.535366,0.426622
e4e00ef7-3145-4c1a-9bfe-956d9defb7ed,d17244fd-0b3d-4607-90cb-8c7a1de3ce43,1508,1785910003854635424,1785910004004760424,150,true,0.532759,0.137108
e4e00ef7-3145-4c1a-9bfe-956d9defb7ed,d17244fd-0b3d-4607-90cb-8c7a1de3ce43,1510,1785910004395139424,1785910004515264424,120,true,0.393868,0.6188
e4e00ef7-3145-4c1a-9bfe-956d9defb7ed,d17244fd-0b3d-4607-90cb-8c7a1de3ce43,1511,1785910004550259424,1785910005341009424,790,true,0.504008,0.582139
e4e00ef7-3145-4c1a-9bfe-956d9defb7ed,d17244fd-0b3d-4607-90cb-8c7a1de3ce43,1512,1785910005366009424,1785910005741384424,375,true,0.519616,0.634875
e4e00ef7-3145-4c1a-9bfe-956d9defb7ed,d17244fd-0b3d-4607-90cb-8c7a1de3ce43,1513,1785910005936640424,1785910006301883424,365,true,0.531082,0.51959
e4e00ef7-3145-4c1a-9bfe-956d9defb7ed,d17244fd-0b3d-4607-90cb-8c7a1de3ce43,1514,1785910006316883424,1785910006782385424,465,true,0.536633,0.40862
e4e00ef7-3145-4c1a-9bfe-956d9defb7ed,d17244fd-0b3d-4607-90cb-8c7a1de3ce43,1515,1785910006817383424,1785910006912518424,95,true,0.505791,0.476786
e4e00ef7-3145-4c1a-9bfe-956d9defb7ed,d17244fd-0b3d-4607-90cb-8c7a1de3ce43,1516,1785910007377883424,1785910007413008424,35,true,0.530822,0.385513
e4e00ef7-3145-4c1a-9bfe-956d9defb7ed,d17244fd-0b3d-4607-90cb-8c7a1de3ce43,1517,1785910007563142424,1785910007703257424,140,true,0.511453,0.098208
e4e00ef7-3145-4c1a-9bfe-956d9defb7ed,d17244fd-0b3d-4607-90cb-8c7a1de3ce43,1519,1785910008168639424,1785910008308757424,140,true,0.550511,0.65988
e4e00ef7-3145-4c1a-9bfe-956d9defb7ed,d17244fd-0b3d-4607-90cb-8c7a1de3ce43,1520,1785910008333884424,1785910008499007424,165,true,0.605133,0.542549
e4e00ef7-3145-4c1a-9bfe-956d9defb7ed,d17244fd-0b3d-4607-90cb-8c7a1de3ce43,1521,1785910008529007424,1785910008749257424,220,true,0.621733,0.421919
e4e00ef7-3145-4c1a-9bfe-956d9defb7ed,d17244fd-0b3d-4607-90cb-8c7a1de3ce43,1526,1785910010030381424,1785910010195631424,165,true,0.672146,0.28828
e4e00ef7-3145-4c1a-9bfe-956d9defb7ed,d17244fd-0b3d-4607-90cb-8c7a1de3ce43,1527,1785910010495881424,1785910010601010424,105,false,0.354545,2.160687
e4e00ef7-3145-4c1a-9bfe-956d9defb7ed,d17244fd-0b3d-4607-90cb-8c7a1de3ce43,1528,1785910010646006424,1785910010731131424,85,false,0.023909,2.259129
e4e00ef7-3145-4c1a-9bfe-956d9defb7ed,d17244fd-0b3d-4607-90cb-8c7a1de3ce43,1529,1785910011101380424,1785910011301637424,200,true,0.588214,0.344374
e4e00ef7-3145-4c1a-9bfe-956d9defb7ed,d17244fd-0b3d-4607-90cb-8c7a1de3ce43,1530,1785910011316630424,1785910011501755424,185,true,0.594572,0.278161
e4e00ef7-3145-4c1a-9bfe-956d9defb7ed,d17244fd-0b3d-4607-90cb-8c7a1de3ce43,1531,1785910011551880424,1785910011777005424,225,true,0.391777,0.273172
e4e00ef7-3145-4c1a-9bfe-956d9defb7ed,d17244fd-0b3d-4607-90cb-8c7a1de3ce43,1532,1785910011812130424,1785910011982255424,170,false,0.491243,-0.059034
e4e00ef7-3145-4c1a-9bfe-956d9defb7ed,d17244fd-0b3d-4607-90cb-8c7a1de3ce43,1533,1785910012007266424,1785910012492754424,485,false,0.55402,-0.062446
e4e00ef7-3145-4c1a-9bfe-956d9defb7ed,d17244fd-0b3d-4607-90cb-8c7a1de3ce43,1534,1785910012532755424,1785910012968129424,435,true,0.556901,0.11398
e4e00ef7-3145-4c1a-9bfe-956d9defb7ed,d17244fd-0b3d-4607-90cb-8c7a1de3ce43,1535,1785910013143385424,1785910013388629424,245,true,0.507882,0.023291
e4e00ef7-3145-4c1a-9bfe-956d9defb7ed,d17244fd-0b3d-4607-90cb-8c7a1de3ce43,1536,1785910013423629424,1785910013613761424,190,true,0.531563,0.236089
e4e00ef7-3145-4c1a-9bfe-956d9defb7ed,d17244fd-0b3d-4607-90cb-8c7a1de3ce43,1537,1785910013653879424,1785910013839004424,185,true,0.510279,0.408568
e4e00ef7-3145-4c1a-9bfe-956d9defb7ed,d17244fd-0b3d-4607-90cb-8c7a1de3ce43,1538,1785910013884004424,1785910013989143424,105,true,0.639327,0.580785
e4e00ef7-3145-4c1a-9bfe-956d9defb7ed,d17244fd-0b3d-4607-90cb-8c7a1de3ce43,1539,1785910014034129424,1785910014154254424,120,true,0.347847,0.571886
e4e00ef7-3145-4c1a-9bfe-956d9defb7ed,d17244fd-0b3d-4607-90cb-8c7a1de3ce43,1540,1785910014199379424,1785910014434503424,235,true,0.519652,0.313973
e4e00ef7-3145-4c1a-9bfe-956d9defb7ed,d17244fd-0b3d-4607-90cb-8c7a1de3ce43,1541,1785910014479628424,1785910014664755424,185,true,0.507609,0.561981
e4e00ef7-3145-4c1a-9bfe-956d9defb7ed,d17244fd-0b3d-4607-90cb-8c7a1de3ce43,1542,1785910014699753424,1785910015145253424,445,true,0.370049,0.57141
e4e00ef7-3145-4c1a-9bfe-956d9defb7ed,d17244fd-0b3d-4607-90cb-8c7a1de3ce43,1543,1785910015310378424,1785910015465503424,155,true,0.530123,0.483454
e4e00ef7-3145-4c1a-9bfe-956d9defb7ed,d17244fd-0b3d-4607-90cb-8c7a1de3ce43,1544,1785910015495503424,1785910015655753424,160,true,0.531516,0.555156
e4e00ef7-3145-4c1a-9bfe-956d9defb7ed,d17244fd-0b3d-4607-90cb-8c7a1de3ce43,1545,1785910015695753424,1785910015931002424,235,true,0.312764,0.623249
e4e00ef7-3145-4c1a-9bfe-956d9defb7ed,d17244fd-0b3d-4607-90cb-8c7a1de3ce43,1546,1785910015966002424,1785910016501502424,535,true,0.515139,0.696026
e4e00ef7-3145-4c1a-9bfe-956d9defb7ed,d17244fd-0b3d-4607-90cb-8c7a1de3ce43,1547,1785910016531502424,1785910016997006424,465,true,0.547681,0.430159
e4e00ef7-3145-4c1a-9bfe-956d9defb7ed,d17244fd-0b3d-4607-90cb-8c7a1de3ce43,1548,1785910017027002424,1785910017312252424,285,true,0.636822,0.480199
e4e00ef7-3145-4c1a-9bfe-956d9defb7ed,d17244fd-0b3d-4607-90cb-8c7a1de3ce43,1549,1785910017342254424,1785910017572502424,230,true,0.551626,0.574897
e4e00ef7-3145-4c1a-9bfe-956d9defb7ed,d17244fd-0b3d-4607-90cb-8c7a1de3ce43,1551,1785910018193130424,1785910018398251424,205,true,0.612155,0.520084
e4e00ef7-3145-4c1a-9bfe-956d9defb7ed,d17244fd-0b3d-4607-90cb-8c7a1de3ce43,1552,1785910018428251424,1785910018768630424,340,true,0.539185,0.431984
e4e00ef7-3145-4c1a-9bfe-956d9defb7ed,d17244fd-0b3d-4607-90cb-8c7a1de3ce43,1553,1785910018798626424,1785910019043875424,245,true,0.609679,0.429957
e4e00ef7-3145-4c1a-9bfe-956d9defb7ed,d17244fd-0b3d-4607-90cb-8c7a1de3ce43,1554,1785910019073876424,1785910019524375424,450,true,0.582662,0.31578
e4e00ef7-3145-4c1a-9bfe-956d9defb7ed,d17244fd-0b3d-4607-90cb-8c7a1de3ce43,1555,1785910019549375424,1785910019754511424,205,true,0.656859,0.290742
e4e00ef7-3145-4c1a-9bfe-956d9defb7ed,d17244fd-0b3d-4607-90cb-8c7a1de3ce43,1556,1785910019944750424,1785910020069875424,125,true,0.680548,0.29807
e4e00ef7-3145-4c1a-9bfe-956d9defb7ed,d17244fd-0b3d-4607-90cb-8c7a1de3ce43,1557,1785910020114875424,1785910020320125424,205,true,0.427454,0.309922
e4e00ef7-3145-4c1a-9bfe-956d9defb7ed,d17244fd-0b3d-4607-90cb-8c7a1de3ce43,1558,1785910020510250424,1785910020780504424,270,true,0.559435,0.629082
e4e00ef7-3145-4c1a-9bfe-956d9defb7ed,d17244fd-0b3d-4607-90cb-8c7a1de3ce43,1559,1785910020800499424,1785910021225878424,425,true,0.61433,0.582787
e4e00ef7-3145-4c1a-9bfe-956d9defb7ed,d17244fd-0b3d-4607-90cb-8c7a1de3ce43,1560,1785910021261003424,1785910021451124424,190,true,0.612967,0.337595
e4e00ef7-3145-4c1a-9bfe-956d9defb7ed,d17244fd-0b3d-4607-90cb-8c7a1de3ce43,1561,1785910021496127424,1785910021786499424,290,true,0.417162,0.341094
e4e00ef7-3145-4c1a-9bfe-956d9defb7ed,d17244fd-0b3d-4607-90cb-8c7a1de3ce43,1562,1785910021831499424,1785910021971624424,140,true,0.61233,0.300186
e4e00ef7-3145-4c1a-9bfe-956d9defb7ed,d17244fd-0b3d-4607-90cb-8c7a1de3ce43,1563,1785910022016624424,1785910022201874424,185,true,0.62879,0.518057
e4e00ef7-3145-4c1a-9bfe-956d9defb7ed,d17244fd-0b3d-4607-90cb-8c7a1de3ce43,1564,1785910022226874424,1785910022311874424,85,true,0.578452,0.559629
e4e00ef7-3145-4c1a-9bfe-956d9defb7ed,d17244fd-0b3d-4607-90cb-8c7a1de3ce43,1565,1785910022472123424,1785910022692249424,220,true,0.61794,0.135815
e4e00ef7-3145-4c1a-9bfe-956d9defb7ed,d17244fd-0b3d-4607-90cb-8c7a1de3ce43,1566,1785910022727373424,1785910022947498424,220,true,0.527055,0.021668
e4e00ef7-3145-4c1a-9bfe-956d9defb7ed,d17244fd-0b3d-4607-90cb-8c7a1de3ce43,1567,1785910022972498424,1785910023307873424,335,true,0.564979,0.122688
e4e00ef7-3145-4c1a-9bfe-956d9defb7ed,d17244fd-0b3d-4607-90cb-8c7a1de3ce43,1568,1785910023342881424,1785910023608123424,265,true,0.526698,0.038989
e4e00ef7-3145-4c1a-9bfe-956d9defb7ed,d17244fd-0b3d-4607-90cb-8c7a1de3ce43,1569,1785910023808373424,1785910024103622424,295,true,0.55785,0.4705
e4e00ef7-3145-4c1a-9bfe-956d9defb7ed,d17244fd-0b3d-4607-90cb-8c7a1de3ce43,1570,1785910024148622424,1785910024288747424,140,true,0.325493,0.58428
e4e00ef7-3145-4c1a-9bfe-956d9defb7ed,d17244fd-0b3d-4607-90cb-8c7a1de3ce43,1571,1785910024328877424,1785910024458997424,130,true,0.510159,0.712505
e4e00ef7-3145-4c1a-9bfe-956d9defb7ed,d17244fd-0b3d-4607-90cb-8c7a1de3ce43,1572,1785910024493997424,1785910024939376424,445,true,0.667633,0.556612
e4e00ef7-3145-4c1a-9bfe-956d9defb7ed,d17244fd-0b3d-4607-90cb-8c7a1de3ce43,1573,1785910024974372424,1785910025069497424,95,true,0.544451,0.548329
e4e00ef7-3145-4c1a-9bfe-956d9defb7ed,d17244fd-0b3d-4607-90cb-8c7a1de3ce43,1574,1785910025209622424,1785910025304747424,95,true,0.356523,0.574598
e4e00ef7-3145-4c1a-9bfe-956d9defb7ed,d17244fd-0b3d-4607-90cb-8c7a1de3ce43,1575,1785910025349747424,1785910025775122424,425,true,0.498759,0.631403
e4e00ef7-3145-4c1a-9bfe-956d9defb7ed,d17244fd-0b3d-4607-90cb-8c7a1de3ce43,1576,1785910025790247424,1785910026235621424,445,true,0.510989,0.726572
e4e00ef7-3145-4c1a-9bfe-956d9defb7ed,d17244fd-0b3d-4607-90cb-8c7a1de3ce43,1577,1785910026255621424,1785910026365746424,110,true,0.503401,0.627784
e4e00ef7-3145-4c1a-9bfe-956d9defb7ed,d17244fd-0b3d-4607-90cb-8c7a1de3ce43,1578,1785910026400746424,1785910026680996424,280,true,0.671149,0.541614
e4e00ef7-3145-4c1a-9bfe-956d9defb7ed,d17244fd-0b3d-4607-90cb-8c7a1de3ce43,1579,1785910026796121424,1785910027146496424,350,true,0.501055,0.501336
e4e00ef7-3145-4c1a-9bfe-956d9defb7ed,d17244fd-0b3d-4607-90cb-8c7a1de3ce43,1580,1785910027171496424,1785910027301620424,130,true,0.546963,0.45749
e4e00ef7-3145-4c1a-9bfe-956d9defb7ed,d17244fd-0b3d-4607-90cb-8c7a1de3ce43,1581,1785910027326629424,1785910027967245424,640,true,0.601189,0.393004
e4e00ef7-3145-4c1a-9bfe-956d9defb7ed,d17244fd-0b3d-4607-90cb-8c7a1de3ce43,1582,1785910028172370424,1785910028457745424,285,true,0.61404,0.281019
e4e00ef7-3145-4c1a-9bfe-956d9defb7ed,d17244fd-0b3d-4607-90cb-8c7a1de3ce43,1583,1785910028492745424,1785910028798000424,305,true,0.517893,0.628568
e4e00ef7-3145-4c1a-9bfe-956d9defb7ed,d17244fd-0b3d-4607-90cb-8c7a1de3ce43,1584,1785910028958119424,1785910029068244424,110,true,0.605959,0.546076
e4e00ef7-3145-4c1a-9bfe-956d9defb7ed,d17244fd-0b3d-4607-90cb-8c7a1de3ce43,1585,1785910029353495424,1785910029593744424,240,true,0.634531,0.262777
e4e00ef7-3145-4c1a-9bfe-956d9defb7ed,d17244fd-0b3d-4607-90cb-8c7a1de3ce43,1586,1785910029628744424,1785910029803994424,175,true,0.56058,0.309804
e4e00ef7-3145-4c1a-9bfe-956d9defb7ed,d17244fd-0b3d-4607-90cb-8c7a1de3ce43,1587,1785910029838994424,1785910030074244424,235,true,0.397464,0.316315
e4e00ef7-3145-4c1a-9bfe-956d9defb7ed,d17244fd-0b3d-4607-90cb-8c7a1de3ce43,1588,1785910030114250424,1785910030339494424,225,true,0.63281,0.273627
e4e00ef7-3145-4c1a-9bfe-956d9defb7ed,d17244fd-0b3d-4607-90cb-8c7a1de3ce43,1589,1785910030389494424,1785910030474619424,85,false,0.567456,-0.012884
e4e00ef7-3145-4c1a-9bfe-956d9defb7ed,d17244fd-0b3d-4607-90cb-8c7a1de3ce43,1590,1785910030704744424,1785910030925001424,220,true,0.582551,0.500617
e4e00ef7-3145-4c1a-9bfe-956d9defb7ed,d17244fd-0b3d-4607-90cb-8c7a1de3ce43,1591,1785910031125248424,1785910031180243424,54,true,0.591108,0.399651
e4e00ef7-3145-4c1a-9bfe-956d9defb7ed,d17244fd-0b3d-4607-90cb-8c7a1de3ce43,1592,1785910031590618424,1785910031960993424,370,true,0.569834,0.217646
e4e00ef7-3145-4c1a-9bfe-956d9defb7ed,d17244fd-0b3d-4607-90cb-8c7a1de3ce43,1593,1785910032010993424,1785910032136117424,125,true,0.544932,0.023311
e4e00ef7-3145-4c1a-9bfe-956d9defb7ed,d17244fd-0b3d-4607-90cb-8c7a1de3ce43,1594,1785910032301242424,1785910032531492424,230,true,0.534804,0.052722
e4e00ef7-3145-4c1a-9bfe-956d9defb7ed,d17244fd-0b3d-4607-90cb-8c7a1de3ce43,1595,1785910032596617424,1785910032741742424,145,true,0.56022,0.547819
e4e00ef7-3145-4c1a-9bfe-956d9defb7ed,d17244fd-0b3d-4607-90cb-8c7a1de3ce43,1596,1785910032776755424,1785910032926867424,150,true,0.67279,0.560781
e4e00ef7-3145-4c1a-9bfe-956d9defb7ed,d17244fd-0b3d-4607-90cb-8c7a1de3ce43,1597,1785910032971867424,1785910033272242424,300,true,0.520301,0.459193
e4e00ef7-3145-4c1a-9bfe-956d9defb7ed,d17244fd-0b3d-4607-90cb-8c7a1de3ce43,1598,1785910033307242424,1785910033677617424,370,true,0.510413,0.56225
e4e00ef7-3145-4c1a-9bfe-956d9defb7ed,d17244fd-0b3d-4607-90cb-8c7a1de3ce43,1599,1785910033712617424,1785910033847741424,135,true,0.654563,0.539433
e4e00ef7-3145-4c1a-9bfe-956d9defb7ed,d17244fd-0b3d-4607-90cb-8c7a1de3ce43,1600,1785910033882741424,1785910034348241424,465,true,0.527428,0.54759
e4e00ef7-3145-4c1a-9bfe-956d9defb7ed,d17244fd-0b3d-4607-90cb-8c7a1de3ce43,1601,1785910034383253424,1785910034783616424,400,true,0.675044,0.554342
e4e00ef7-3145-4c1a-9bfe-956d9defb7ed,d17244fd-0b3d-4607-90cb-8c7a1de3ce43,1602,1785910034828616424,1785910034933741424,105,true,0.526018,0.445436
e4e00ef7-3145-4c1a-9bfe-956d9defb7ed,d17244fd-0b3d-4607-90cb-8c7a1de3ce43,1603,1785910035123879424,1785910035469240424,345,true,0.534965,0.419947
e4e00ef7-3145-4c1a-9bfe-956d9defb7ed,d17244fd-0b3d-4607-90cb-8c7a1de3ce43,1604,1785910035499240424,1785910035869628424,370,true,0.605985,0.399686
e4e00ef7-3145-4c1a-9bfe-956d9defb7ed,d17244fd-0b3d-4607-90cb-8c7a1de3ce43,1605,1785910035889615424,1785910035984746424,95,true,0.5925,0.447567
e4e00ef7-3145-4c1a-9bfe-956d9defb7ed,d17244fd-0b3d-4607-90cb-8c7a1de3ce43,1606,1785910036224990424,1785910036315115424,90,true,0.480422,0.609741
e4e00ef7-3145-4c1a-9bfe-956d9defb7ed,d17244fd-0b3d-4607-90cb-8c7a1de3ce43,1607,1785910036350115424,1785910036620369424,270,true,0.613456,0.572121
e4e00ef7-3145-4c1a-9bfe-956d9defb7ed,d17244fd-0b3d-4607-90cb-8c7a1de3ce43,1608,1785910036655365424,1785910036875615424,220,true,0.63006,0.317787
e4e00ef7-3145-4c1a-9bfe-956d9defb7ed,d17244fd-0b3d-4607-90cb-8c7a1de3ce43,1609,1785910036925615424,1785910037065739424,140,true,0.411549,0.28949
e4e00ef7-3145-4c1a-9bfe-956d9defb7ed,d17244fd-0b3d-4607-90cb-8c7a1de3ce43,1610,1785910037446114424,1785910037646239424,200,true,0.620821,0.455992
e4e00ef7-3145-4c1a-9bfe-956d9defb7ed,d17244fd-0b3d-4607-90cb-8c7a1de3ce43,1611,1785910037816493424,1785910037921614424,105,false,1.053067,0.479378
e4e00ef7-3145-4c1a-9bfe-956d9defb7ed,d17244fd-0b3d-4607-90cb-8c7a1de3ce43,1612,1785910037976614424,1785910038261864424,285,true,0.561914,0.335716
e4e00ef7-3145-4c1a-9bfe-956d9defb7ed,d17244fd-0b3d-4607-90cb-8c7a1de3ce43,1613,1785910038286867424,1785910038762363424,475,true,0.608686,0.326372
e4e00ef7-3145-4c1a-9bfe-956d9defb7ed,d17244fd-0b3d-4607-90cb-8c7a1de3ce43,1614,1785910038797363424,1785910039017613424,220,true,0.488906,0.309793
e4e00ef7-3145-4c1a-9bfe-956d9defb7ed,d17244fd-0b3d-4607-90cb-8c7a1de3ce43,1615,1785910039062613424,1785910039342863424,280,true,0.629579,0.277215
e4e00ef7-3145-4c1a-9bfe-956d9defb7ed,d17244fd-0b3d-4607-90cb-8c7a1de3ce43,1616,1785910039377863424,1785910039598113424,220,true,0.519883,0.292174
e4e00ef7-3145-4c1a-9bfe-956d9defb7ed,d17244fd-0b3d-4607-90cb-8c7a1de3ce43,1617,1785910039633113424,1785910039973488424,340,true,0.522605,0.108832
e4e00ef7-3145-4c1a-9bfe-956d9defb7ed,d17244fd-0b3d-4607-90cb-8c7a1de3ce43,1618,1785910040158613424,1785910040193738424,35,true,0.578572,0.053749
e4e00ef7-3145-4c1a-9bfe-956d9defb7ed,d17244fd-0b3d-4607-90cb-8c7a1de3ce43,1619,1785910040208737424,1785910040298749424,90,true,0.520372,0.060259
e4e00ef7-3145-4c1a-9bfe-956d9defb7ed,d17244fd-0b3d-4607-90cb-8c7a1de3ce43,1620,1785910040468987424,1785910040699112424,230,true,0.527572,0.042829
e4e00ef7-3145-4c1a-9bfe-956d9defb7ed,d17244fd-0b3d-4607-90cb-8c7a1de3ce43,1621,1785910040754237424,1785910041029487424,275,true,0.55067,0.459746
e4e00ef7-3145-4c1a-9bfe-956d9defb7ed,d17244fd-0b3d-4607-90cb-8c7a1de3ce43,1622,1785910041059487424,1785910041169612424,110,true,0.580347,0.545184
e4e00ef7-3145-4c1a-9bfe-956d9defb7ed,d17244fd-0b3d-4607-90cb-8c7a1de3ce43,1623,1785910041219612424,1785910041424875424,205,true,0.314957,0.601653
e4e00ef7-3145-4c1a-9bfe-956d9defb7ed,d17244fd-0b3d-4607-90cb-8c7a1de3ce43,1624,1785910041454862424,1785910041715112424,260,true,0.431543,0.575787
e4e00ef7-3145-4c1a-9bfe-956d9defb7ed,d17244fd-0b3d-4607-90cb-8c7a1de3ce43,1625,1785910041755111424,1785910042005361424,250,true,0.538975,0.454912
e4e00ef7-3145-4c1a-9bfe-956d9defb7ed,d17244fd-0b3d-4607-90cb-8c7a1de3ce43,1626,1785910042040361424,1785910042771115424,730,true,0.50069,0.564693
e4e00ef7-3145-4c1a-9bfe-956d9defb7ed,d17244fd-0b3d-4607-90cb-8c7a1de3ce43,1627,1785910042896236424,1785910043021361424,125,true,0.51192,0.371855
e4e00ef7-3145-4c1a-9bfe-956d9defb7ed,d17244fd-0b3d-4607-90cb-8c7a1de3ce43,1628,1785910043071361424,1785910043281611424,210,true,0.52229,0.754516
e4e00ef7-3145-4c1a-9bfe-956d9defb7ed,d17244fd-0b3d-4607-90cb-8c7a1de3ce43,1629,1785910043326611424,1785910043486735424,160,true,0.609717,0.530275
e4e00ef7-3145-4c1a-9bfe-956d9defb7ed,d17244fd-0b3d-4607-90cb-8c7a1de3ce43,1630,1785910043516860424,1785910043867110424,350,true,0.65919,0.537253
e4e00ef7-3145-4c1a-9bfe-956d9defb7ed,d17244fd-0b3d-4607-90cb-8c7a1de3ce43,1631,1785910044112360424,1785910044312485424,200,true,0.626172,0.401007
e4e00ef7-3145-4c1a-9bfe-956d9defb7ed,d17244fd-0b3d-4607-90cb-8c7a1de3ce43,1632,1785910044332610424,1785910044532735424,200,true,0.63023,0.302419
e4e00ef7-3145-4c1a-9bfe-956d9defb7ed,d17244fd-0b3d-4607-90cb-8c7a1de3ce43,1633,1785910044582860424,1785910044757985424,175,true,0.397621,0.315595
e4e00ef7-3145-4c1a-9bfe-956d9defb7ed,d17244fd-0b3d-4607-90cb-8c7a1de3ce43,1634,1785910044807985424,1785910045053235424,245,true,0.617876,0.299074
e4e00ef7-3145-4c1a-9bfe-956d9defb7ed,d17244fd-0b3d-4607-90cb-8c7a1de3ce43,1635,1785910045268484424,1785910045453609424,185,true,0.59956,0.431215
e4e00ef7-3145-4c1a-9bfe-956d9defb7ed,d17244fd-0b3d-4607-90cb-8c7a1de3ce43,1636,1785910045483609424,1785910045658859424,175,true,0.642293,0.281742
e4e00ef7-3145-4c1a-9bfe-956d9defb7ed,d17244fd-0b3d-4607-90cb-8c7a1de3ce43,1637,1785910045683859424,1785910045898984424,215,true,0.590132,0.32686
e4e00ef7-3145-4c1a-9bfe-956d9defb7ed,d17244fd-0b3d-4607-90cb-8c7a1de3ce43,1638,1785910046064238424,1785910046219370424,155,true,0.68184,0.285872
e4e00ef7-3145-4c1a-9bfe-956d9defb7ed,d17244fd-0b3d-4607-90cb-8c7a1de3ce43,1639,1785910046264359424,1785910046479609424,215,true,0.510518,0.59809
e4e00ef7-3145-4c1a-9bfe-956d9defb7ed,d17244fd-0b3d-4607-90cb-8c7a1de3ce43,1640,1785910046519609424,1785910046744858424,225,true,0.598982,0.583628
e4e00ef7-3145-4c1a-9bfe-956d9defb7ed,d17244fd-0b3d-4607-90cb-8c7a1de3ce43,1641,1785910046779867424,1785910046980108424,200,true,0.554492,0.349523
e4e00ef7-3145-4c1a-9bfe-956d9defb7ed,d17244fd-0b3d-4607-90cb-8c7a1de3ce43,1642,1785910047015112424,1785910047150233424,135,true,0.462368,0.314927
e4e00ef7-3145-4c1a-9bfe-956d9defb7ed,d17244fd-0b3d-4607-90cb-8c7a1de3ce43,1643,1785910047190238424,1785910047430483424,240,true,0.618618,0.252642
e4e00ef7-3145-4c1a-9bfe-956d9defb7ed,d17244fd-0b3d-4607-90cb-8c7a1de3ce43,1644,1785910047465485424,1785910047860858424,395,true,0.564639,0.075923
e4e00ef7-3145-4c1a-9bfe-956d9defb7ed,d17244fd-0b3d-4607-90cb-8c7a1de3ce43,1645,1785910047885858424,1785910048491482424,605,true,0.540715,0.04701
e4e00ef7-3145-4c1a-9bfe-956d9defb7ed,d17244fd-0b3d-4607-90cb-8c7a1de3ce43,1646,1785910048721732424,1785910048821732424,100,true,0.530574,0.487574
e4e00ef7-3145-4c1a-9bfe-956d9defb7ed,d17244fd-0b3d-4607-90cb-8c7a1de3ce43,1647,1785910048856865424,1785910048961857424,104,true,0.605729,0.507743
e4e00ef7-3145-4c1a-9bfe-956d9defb7ed,d17244fd-0b3d-4607-90cb-8c7a1de3ce43,1648,1785910048991982424,1785910049142107424,150,true,0.692581,0.563812
e4e00ef7-3145-4c1a-9bfe-956d9defb7ed,d17244fd-0b3d-4607-90cb-8c7a1de3ce43,1649,1785910049177107424,1785910049357232424,180,true,0.509157,0.717958
e4e00ef7-3145-4c1a-9bfe-956d9defb7ed,d17244fd-0b3d-4607-90cb-8c7a1de3ce43,1650,1785910049397357424,1785910049567489424,170,true,0.653269,0.601168
e4e00ef7-3145-4c1a-9bfe-956d9defb7ed,d17244fd-0b3d-4607-90cb-8c7a1de3ce43,1651,1785910049607481424,1785910049762606424,155,true,0.548533,0.39836
e4e00ef7-3145-4c1a-9bfe-956d9defb7ed,d17244fd-0b3d-4607-90cb-8c7a1de3ce43,1652,1785910049802731424,1785910050057981424,255,true,0.338701,0.590642
e4e00ef7-3145-4c1a-9bfe-956d9defb7ed,d17244fd-0b3d-4607-90cb-8c7a1de3ce43,1653,1785910050092981424,1785910050323231424,230,true,0.519544,0.430637
e4e00ef7-3145-4c1a-9bfe-956d9defb7ed,d17244fd-0b3d-4607-90cb-8c7a1de3ce43,1654,1785910050358231424,1785910050693481424,335,true,0.503169,0.592114
e4e00ef7-3145-4c1a-9bfe-956d9defb7ed,d17244fd-0b3d-4607-90cb-8c7a1de3ce43,1655,1785910050718606424,1785910050908731424,190,true,0.512807,0.470197
e4e00ef7-3145-4c1a-9bfe-956d9defb7ed,d17244fd-0b3d-4607-90cb-8c7a1de3ce43,1656,1785910051073858424,1785910051299105424,225,true,0.50047,0.77214
e4e00ef7-3145-4c1a-9bfe-956d9defb7ed,d17244fd-0b3d-4607-90cb-8c7a1de3ce43,1657,1785910051334106424,1785910051799605424,465,true,0.506403,0.570238
e4e00ef7-3145-4c1a-9bfe-956d9defb7ed,d17244fd-0b3d-4607-90cb-8c7a1de3ce43,1658,1785910051839605424,1785910052104855424,265,true,0.683355,0.605828
e4e00ef7-3145-4c1a-9bfe-956d9defb7ed,d17244fd-0b3d-4607-90cb-8c7a1de3ce43,1659,1785910052139855424,1785910052465230424,325,true,0.519032,0.543574
e4e00ef7-3145-4c1a-9bfe-956d9defb7ed,d17244fd-0b3d-4607-90cb-8c7a1de3ce43,1660,1785910052635355424,1785910052895604424,260,true,0.512453,0.421016
e4e00ef7-3145-4c1a-9bfe-956d9defb7ed,d17244fd-0b3d-4607-90cb-8c7a1de3ce43,1661,1785910052930619424,1785910053230855424,300,true,0.514249,0.668562
e4e00ef7-3145-4c1a-9bfe-956d9defb7ed,d17244fd-0b3d-4607-90cb-8c7a1de3ce43,1662,1785910053265989424,1785910053611229424,345,true,0.524873,0.389538
e4e00ef7-3145-4c1a-9bfe-956d9defb7ed,d17244fd-0b3d-4607-90cb-8c7a1de3ce43,1663,1785910053646355424,1785910053961604424,315,true,0.520966,0.524826
e4e00ef7-3145-4c1a-9bfe-956d9defb7ed,d17244fd-0b3d-4607-90cb-8c7a1de3ce43,1664,1785910053996604424,1785910054081729424,85,true,0.490823,0.370358
e4e00ef7-3145-4c1a-9bfe-956d9defb7ed,d17244fd-0b3d-4607-90cb-8c7a1de3ce43,1665,1785910054311979424,1785910054351978424,39,true,0.505725,0.853533
e4e00ef7-3145-4c1a-9bfe-956d9defb7ed,d17244fd-0b3d-4607-90cb-8c7a1de3ce43,1666,1785910054381985424,1785910054652228424,270,true,0.517746,0.740847
e4e00ef7-3145-4c1a-9bfe-956d9defb7ed,d17244fd-0b3d-4607-90cb-8c7a1de3ce43,1667,1785910054817353424,1785910054947478424,130,true,0.547946,0.161672
e4e00ef7-3145-4c1a-9bfe-956d9defb7ed,d17244fd-0b3d-4607-90cb-8c7a1de3ce43,1668,1785910054977478424,1785910055067603424,90,true,0.507546,0.089728
e4e00ef7-3145-4c1a-9bfe-956d9defb7ed,d17244fd-0b3d-4607-90cb-8c7a1de3ce43,1669,1785910055117728424,1785910055477978424,360,true,0.60407,0.430375
e4e00ef7-3145-4c1a-9bfe-956d9defb7ed,d17244fd-0b3d-4607-90cb-8c7a1de3ce43,1670,1785910055507978424,1785910055743236424,235,true,0.587291,0.271959
e4e00ef7-3145-4c1a-9bfe-956d9defb7ed,d17244fd-0b3d-4607-90cb-8c7a1de3ce43,1671,1785910055783353424,1785910056088602424,305,true,0.680881,0.302096
e4e00ef7-3145-4c1a-9bfe-956d9defb7ed,d17244fd-0b3d-4607-90cb-8c7a1de3ce43,1672,1785910056118603424,1785910056243737424,125,true,0.591253,0.298519
e4e00ef7-3145-4c1a-9bfe-956d9defb7ed,d17244fd-0b3d-4607-90cb-8c7a1de3ce43,1673,1785910056343852424,1785910056649102424,305,true,0.425734,0.272846
e4e00ef7-3145-4c1a-9bfe-956d9defb7ed,d17244fd-0b3d-4607-90cb-8c7a1de3ce43,1674,1785910056704102424,1785910056859352424,155,true,0.502055,0.61586
e4e00ef7-3145-4c1a-9bfe-956d9defb7ed,d17244fd-0b3d-4607-90cb-8c7a1de3ce43,1675,1785910056944352424,1785910057064477424,120,false,0.341246,1.841454
e4e00ef7-3145-4c1a-9bfe-956d9defb7ed,d17244fd-0b3d-4607-90cb-8c7a1de3ce43,1676,1785910057274727424,1785910057389852424,115,true,0.535451,0.441371
e4e00ef7-3145-4c1a-9bfe-956d9defb7ed,d17244fd-0b3d-4607-90cb-8c7a1de3ce43,1677,1785910057419857424,1785910057579989424,160,true,0.617412,0.388503
e4e00ef7-3145-4c1a-9bfe-956d9defb7ed,d17244fd-0b3d-4607-90cb-8c7a1de3ce43,1678,1785910057609976424,1785910057735101424,125,true,0.636055,0.302468
e4e00ef7-3145-4c1a-9bfe-956d9defb7ed,d17244fd-0b3d-4607-90cb-8c7a1de3ce43,1679,1785910057785226424,1785910057950351424,165,true,0.484357,0.6371
e4e00ef7-3145-4c1a-9bfe-956d9defb7ed,d17244fd-0b3d-4607-90cb-8c7a1de3ce43,1680,1785910057980351424,1785910058095476424,115,true,0.543505,0.594113
e4e00ef7-3145-4c1a-9bfe-956d9defb7ed,d17244fd-0b3d-4607-90cb-8c7a1de3ce43,1681,1785910058135476424,1785910058575851424,440,true,0.617009,0.304963
e4e00ef7-3145-4c1a-9bfe-956d9defb7ed,d17244fd-0b3d-4607-90cb-8c7a1de3ce43,1682,1785910058766101424,1785910059131481424,365,false,0.537547,-0.044834
e4e00ef7-3145-4c1a-9bfe-956d9defb7ed,d17244fd-0b3d-4607-90cb-8c7a1de3ce43,1683,1785910059161475424,1785910059476733424,315,true,0.596945,0.048771
e4e00ef7-3145-4c1a-9bfe-956d9defb7ed,d17244fd-0b3d-4607-90cb-8c7a1de3ce43,1684,1785910059511852424,1785910059802100424,290,true,0.527106,0.052375
e4e00ef7-3145-4c1a-9bfe-956d9defb7ed,d17244fd-0b3d-4607-90cb-8c7a1de3ce43,1685,1785910060047235424,1785910060262485424,215,true,0.527323,0.49362
e4e00ef7-3145-4c1a-9bfe-956d9defb7ed,d17244fd-0b3d-4607-90cb-8c7a1de3ce43,1686,1785910060302475424,1785910060682850424,380,true,0.373253,0.644602
e4e00ef7-3145-4c1a-9bfe-956d9defb7ed,d17244fd-0b3d-4607-90cb-8c7a1de3ce43,1687,1785910060712975424,1785910061283474424,570,true,0.479931,0.541835
e4e00ef7-3145-4c1a-9bfe-956d9defb7ed,d17244fd-0b3d-4607-90cb-8c7a1de3ce43,1688,1785910061323474424,1785910061458613424,135,true,0.677564,0.582776
e4e00ef7-3145-4c1a-9bfe-956d9defb7ed,d17244fd-0b3d-4607-90cb-8c7a1de3ce43,1689,1785910061503599424,1785910062019099424,515,true,0.515797,0.549163
e4e00ef7-3145-4c1a-9bfe-956d9defb7ed,d17244fd-0b3d-4607-90cb-8c7a1de3ce43,1690,1785910062049224424,1785910062359473424,310,true,0.51577,0.421191
e4e00ef7-3145-4c1a-9bfe-956d9defb7ed,d17244fd-0b3d-4607-90cb-8c7a1de3ce43,1691,1785910062514603424,1785910062699723424,185,true,0.518795,0.819402
e4e00ef7-3145-4c1a-9bfe-956d9defb7ed,d17244fd-0b3d-4607-90cb-8c7a1de3ce43,1692,1785910062749848424,1785910063475473424,725,true,0.507421,0.443253
e4e00ef7-3145-4c1a-9bfe-956d9defb7ed,d17244fd-0b3d-4607-90cb-8c7a1de3ce43,1693,1785910063615598424,1785910063790848424,175,true,0.653491,0.273524
e4e00ef7-3145-4c1a-9bfe-956d9defb7ed,d17244fd-0b3d-4607-90cb-8c7a1de3ce43,1694,1785910063845847424,1785910064181222424,335,true,0.483092,0.583532
e4e00ef7-3145-4c1a-9bfe-956d9defb7ed,d17244fd-0b3d-4607-90cb-8c7a1de3ce43,1695,1785910064221222424,1785910064416351424,195,true,0.635143,0.449587
e4e00ef7-3145-4c1a-9bfe-956d9defb7ed,d17244fd-0b3d-4607-90cb-8c7a1de3ce43,1696,1785910064596597424,1785910064986972424,390,true,0.630023,0.27078
e4e00ef7-3145-4c1a-9bfe-956d9defb7ed,d17244fd-0b3d-4607-90cb-8c7a1de3ce43,1697,1785910065041972424,1785910065222097424,180,false,1.080567,0.684656
e4e00ef7-3145-4c1a-9bfe-956d9defb7ed,d17244fd-0b3d-4607-90cb-8c7a1de3ce43,1698,1785910065292222424,1785910065452346424,160,true,0.486363,0.66593
e4e00ef7-3145-4c1a-9bfe-956d9defb7ed,d17244fd-0b3d-4607-90cb-8c7a1de3ce43,1699,1785910065487347424,1785910065707606424,220,true,0.419531,0.634863
e4e00ef7-3145-4c1a-9bfe-956d9defb7ed,d17244fd-0b3d-4607-90cb-8c7a1de3ce43,1700,1785910065742596424,1785910066082984424,340,true,0.567201,0.600995
e4e00ef7-3145-4c1a-9bfe-956d9defb7ed,d17244fd-0b3d-4607-90cb-8c7a1de3ce43,1701,1785910066122971424,1785910066223096424,100,true,0.404888,0.620276
e4e00ef7-3145-4c1a-9bfe-956d9defb7ed,d17244fd-0b3d-4607-90cb-8c7a1de3ce43,1702,1785910066268096424,1785910066658471424,390,true,0.533553,0.56866
e4e00ef7-3145-4c1a-9bfe-956d9defb7ed,d17244fd-0b3d-4607-90cb-8c7a1de3ce43,1703,1785910066698471424,1785910066818596424,120,true,0.387109,0.582244
e4e00ef7-3145-4c1a-9bfe-956d9defb7ed,d17244fd-0b3d-4607-90cb-8c7a1de3ce43,1704,1785910066868721424,1785910066973721424,105,true,0.606843,0.423492
e4e00ef7-3145-4c1a-9bfe-956d9defb7ed,d17244fd-0b3d-4607-90cb-8c7a1de3ce43,1705,1785910067138972424,1785910067449220424,310,true,0.575242,0.091321
e4e00ef7-3145-4c1a-9bfe-956d9defb7ed,d17244fd-0b3d-4607-90cb-8c7a1de3ce43,1706,1785910067474221424,1785910067974720424,500,true,0.537597,0.025311
e4e00ef7-3145-4c1a-9bfe-956d9defb7ed,d17244fd-0b3d-4607-90cb-8c7a1de3ce43,1707,1785910068189982424,1785910068405095424,215,true,0.505601,0.49689
e4e00ef7-3145-4c1a-9bfe-956d9defb7ed,d17244fd-0b3d-4607-90cb-8c7a1de3ce43,1708,1785910068450104424,1785910068605345424,155,true,0.314351,0.615025
e4e00ef7-3145-4c1a-9bfe-956d9defb7ed,d17244fd-0b3d-4607-90cb-8c7a1de3ce43,1709,1785910068650345424,1785910069095719424,445,true,0.474597,0.552952
e4e00ef7-3145-4c1a-9bfe-956d9defb7ed,d17244fd-0b3d-4607-90cb-8c7a1de3ce43,1710,1785910069230844424,1785910069320973424,90,true,0.368441,0.611042
e4e00ef7-3145-4c1a-9bfe-956d9defb7ed,d17244fd-0b3d-4607-90cb-8c7a1de3ce43,1711,1785910069365974424,1785910070091719424,725,true,0.514332,0.478762
e4e00ef7-3145-4c1a-9bfe-956d9defb7ed,d17244fd-0b3d-4607-90cb-8c7a1de3ce43,1712,1785910070111719424,1785910070957470424,845,true,0.465884,0.530872
e4e00ef7-3145-4c1a-9bfe-956d9defb7ed,d17244fd-0b3d-4607-90cb-8c7a1de3ce43,1713,1785910070987593424,1785910071077604424,90,true,0.352474,0.58141
e4e00ef7-3145-4c1a-9bfe-956d9defb7ed,d17244fd-0b3d-4607-90cb-8c7a1de3ce43,1714,1785910071247843424,1785910071568093424,320,true,0.513675,0.378005
e4e00ef7-3145-4c1a-9bfe-956d9defb7ed,d17244fd-0b3d-4607-90cb-8c7a1de3ce43,1715,1785910071598093424,1785910071848354424,250,true,0.507038,0.500182
e4e00ef7-3145-4c1a-9bfe-956d9defb7ed,d17244fd-0b3d-4607-90cb-8c7a1de3ce43,1716,1785910071873342424,1785910072939342424,1066,true,0.516209,0.588517
e4e00ef7-3145-4c1a-9bfe-956d9defb7ed,d17244fd-0b3d-4607-90cb-8c7a1de3ce43,1717,1785910073124592424,1785910073414841424,290,true,0.691357,0.559577
e4e00ef7-3145-4c1a-9bfe-956d9defb7ed,d17244fd-0b3d-4607-90cb-8c7a1de3ce43,1718,1785910073775091424,1785910074005341424,230,true,0.572411,0.169792
e4e00ef7-3145-4c1a-9bfe-956d9defb7ed,d17244fd-0b3d-4607-90cb-8c7a1de3ce43,1719,1785910074050466424,1785910074510841424,460,true,0.592517,0.4577
e4e00ef7-3145-4c1a-9bfe-956d9defb7ed,d17244fd-0b3d-4607-90cb-8c7a1de3ce43,1720,1785910074535842424,1785910074736091424,200,true,0.622325,0.471022
e4e00ef7-3145-4c1a-9bfe-956d9defb7ed,d17244fd-0b3d-4607-90cb-8c7a1de3ce43,1721,1785910074771091424,1785910074936216424,165,true,0.601157,0.294664
e4e00ef7-3145-4c1a-9bfe-956d9defb7ed,d17244fd-0b3d-4607-90cb-8c7a1de3ce43,1722,1785910075181467424,1785910075726965424,545,true,0.596664,0.28671
e4e00ef7-3145-4c1a-9bfe-956d9defb7ed,d17244fd-0b3d-4607-90cb-8c7a1de3ce43,1723,1785910075766975424,1785910076047222424,280,true,0.42228,0.272984
e4e00ef7-3145-4c1a-9bfe-956d9defb7ed,d17244fd-0b3d-4607-90cb-8c7a1de3ce43,1724,1785910076092340424,1785910076232465424,140,true,0.651239,0.303748
e4e00ef7-3145-4c1a-9bfe-956d9defb7ed,d17244fd-0b3d-4607-90cb-8c7a1de3ce43,1725,1785910076277465424,1785910076602840424,325,true,0.50894,0.610716
e4e00ef7-3145-4c1a-9bfe-956d9defb7ed,d17244fd-0b3d-4607-90cb-8c7a1de3ce43,1726,1785910076712965424,1785910076938089424,225,true,0.662883,0.257281
e4e00ef7-3145-4c1a-9bfe-956d9defb7ed,d17244fd-0b3d-4607-90cb-8c7a1de3ce43,1727,1785910076963089424,1785910077213339424,250,true,0.599946,0.28198
e4e00ef7-3145-4c1a-9bfe-956d9defb7ed,d17244fd-0b3d-4607-90cb-8c7a1de3ce43,1728,1785910077243475424,1785910077458599424,215,true,0.676356,0.285702
e4e00ef7-3145-4c1a-9bfe-956d9defb7ed,d17244fd-0b3d-4607-90cb-8c7a1de3ce43,1729,1785910077488589424,1785910077583714424,95,true,0.617403,0.286688
e4e00ef7-3145-4c1a-9bfe-956d9defb7ed,d17244fd-0b3d-4607-90cb-8c7a1de3ce43,1730,1785910078059214424,1785910078264338424,205,false,0.262386,2.237591
e4e00ef7-3145-4c1a-9bfe-956d9defb7ed,d17244fd-0b3d-4607-90cb-8c7a1de3ce43,1731,1785910078664713424,1785910079195213424,530,true,0.509244,0.238232
e4e00ef7-3145-4c1a-9bfe-956d9defb7ed,d17244fd-0b3d-4607-90cb-8c7a1de3ce43,1732,1785910079240222424,1785910079440463424,200,true,0.494247,0.067394
e4e00ef7-3145-4c1a-9bfe-956d9defb7ed,d17244fd-0b3d-4607-90cb-8c7a1de3ce43,1733,1785910079470463424,1785910079775837424,305,true,0.513159,0.010557
e4e00ef7-3145-4c1a-9bfe-956d9defb7ed,d17244fd-0b3d-4607-90cb-8c7a1de3ce43,1734,1785910079830837424,1785910080191212424,360,true,0.493022,0.50451
e4e00ef7-3145-4c1a-9bfe-956d9defb7ed,d17244fd-0b3d-4607-90cb-8c7a1de3ce43,1735,1785910080216212424,1785910080431337424,215,true,0.511664,0.399975
e4e00ef7-3145-4c1a-9bfe-956d9defb7ed,d17244fd-0b3d-4607-90cb-8c7a1de3ce43,1736,1785910080471462424,1785910081487336424,1015,true,0.500233,0.603843
e4e00ef7-3145-4c1a-9bfe-956d9defb7ed,d17244fd-0b3d-4607-90cb-8c7a1de3ce43,1737,1785910081677598424,1785910082438225424,760,true,0.522117,0.307589
e4e00ef7-3145-4c1a-9bfe-956d9defb7ed,d17244fd-0b3d-4607-90cb-8c7a1de3ce43,1738,1785910082473339424,1785910082638469424,165,true,0.594574,0.453832
e4e00ef7-3145-4c1a-9bfe-956d9defb7ed,d17244fd-0b3d-4607-90cb-8c7a1de3ce43,1739,1785910082813586424,1785910082933710424,120,true,0.518106,0.678132
e4e00ef7-3145-4c1a-9bfe-956d9defb7ed,d17244fd-0b3d-4607-90cb-8c7a1de3ce43,1740,1785910082968721424,1785910083244085424,275,true,0.61601,0.322665
e4e00ef7-3145-4c1a-9bfe-956d9defb7ed,d17244fd-0b3d-4607-90cb-8c7a1de3ce43,1741,1785910083294085424,1785910083629344424,335,true,0.505176,0.623155
e4e00ef7-3145-4c1a-9bfe-956d9defb7ed,d17244fd-0b3d-4607-90cb-8c7a1de3ce43,1742,1785910083664471424,1785910083789585424,125,true,0.381546,0.595876
e4e00ef7-3145-4c1a-9bfe-956d9defb7ed,d17244fd-0b3d-4607-90cb-8c7a1de3ce43,1743,1785910083829596424,1785910084004710424,175,true,0.590805,0.573979
e4e00ef7-3145-4c1a-9bfe-956d9defb7ed,d17244fd-0b3d-4607-90cb-8c7a1de3ce43,1744,1785910084029710424,1785910084259960424,230,true,0.641569,0.597099
e4e00ef7-3145-4c1a-9bfe-956d9defb7ed,d17244fd-0b3d-4607-90cb-8c7a1de3ce43,1745,1785910084294959424,1785910085230840424,935,true,0.526154,0.623121
e4e00ef7-3145-4c1a-9bfe-956d9defb7ed,d17244fd-0b3d-4607-90cb-8c7a1de3ce43,1746,1785910085421085424,1785910085761334424,340,true,0.594782,0.262767
e4e00ef7-3145-4c1a-9bfe-956d9defb7ed,d17244fd-0b3d-4607-90cb-8c7a1de3ce43,1747,1785910085781459424,1785910086001583424,220,true,0.646564,0.278582
e4e00ef7-3145-4c1a-9bfe-956d9defb7ed,d17244fd-0b3d-4607-90cb-8c7a1de3ce43,1748,1785910086206833424,1785910086572083424,365,true,0.584579,0.308363
e4e00ef7-3145-4c1a-9bfe-956d9defb7ed,d17244fd-0b3d-4607-90cb-8c7a1de3ce43,1749,1785910086597208424,1785910086797333424,200,true,0.613994,0.230828
e4e00ef7-3145-4c1a-9bfe-956d9defb7ed,d17244fd-0b3d-4607-90cb-8c7a1de3ce43,1750,1785910086827333424,1785910087352833424,525,true,0.549531,0.141553
e4e00ef7-3145-4c1a-9bfe-956d9defb7ed,d17244fd-0b3d-4607-90cb-8c7a1de3ce43,1751,1785910087372833424,1785910087618083424,245,true,0.516973,0.122243
e4e00ef7-3145-4c1a-9bfe-956d9defb7ed,d17244fd-0b3d-4607-90cb-8c7a1de3ce43,1752,1785910087678214424,1785910088108582424,430,true,0.481715,0.552275
e4e00ef7-3145-4c1a-9bfe-956d9defb7ed,d17244fd-0b3d-4607-90cb-8c7a1de3ce43,1753,1785910088138582424,1785910088233707424,95,true,0.453325,0.478817
e4e00ef7-3145-4c1a-9bfe-956d9defb7ed,d17244fd-0b3d-4607-90cb-8c7a1de3ce43,1754,1785910088268707424,1785910088393832424,125,true,0.341894,0.59277
e4e00ef7-3145-4c1a-9bfe-956d9defb7ed,d17244fd-0b3d-4607-90cb-8c7a1de3ce43,1755,1785910088428832424,1785910088553957424,125,true,0.484682,0.571611
e4e00ef7-3145-4c1a-9bfe-956d9defb7ed,d17244fd-0b3d-4607-90cb-8c7a1de3ce43,1756,1785910088599088424,1785910088739207424,140,true,0.647648,0.586057
8cc6b01c-2051-41ab-858e-194a50e8d4f3,d17244fd-0b3d-4607-90cb-8c7a1de3ce43,1784,1785910097101963424,1785910097292201424,190,true,0.411166,0.449847
8cc6b01c-2051-41ab-858e-194a50e8d4f3,d17244fd-0b3d-4607-90cb-8c7a1de3ce43,1785,1785910097662576424,1785910097967826424,305,true,0.590559,0.123418
8cc6b01c-2051-41ab-858e-194a50e8d4f3,d17244fd-0b3d-4607-90cb-8c7a1de3ce43,1786,1785910098178076424,1785910098253080424,75,true,0.45576,0.023806
8cc6b01c-2051-41ab-858e-194a50e8d4f3,d17244fd-0b3d-4607-90cb-8c7a1de3ce43,1787,1785910098283076424,1785910098378213424,95,true,0.551231,0.131026
8cc6b01c-2051-41ab-858e-194a50e8d4f3,d17244fd-0b3d-4607-90cb-8c7a1de3ce43,1788,1785910098413200424,1785910098513325424,100,true,0.48874,0.032695
8cc6b01c-2051-41ab-858e-194a50e8d4f3,d17244fd-0b3d-4607-90cb-8c7a1de3ce43,1789,1785910098703450424,1785910099078825424,375,true,0.514585,0.431455
8cc6b01c-2051-41ab-858e-194a50e8d4f3,d17244fd-0b3d-4607-90cb-8c7a1de3ce43,1790,1785910099113952424,1785910099269075424,155,true,0.369108,0.573857
8cc6b01c-2051-41ab-858e-194a50e8d4f3,d17244fd-0b3d-4607-90cb-8c7a1de3ce43,1791,1785910099294077424,1785910099629325424,335,true,0.325294,0.599663
8cc6b01c-2051-41ab-858e-194a50e8d4f3,d17244fd-0b3d-4607-90cb-8c7a1de3ce43,1792,1785910099669450424,1785910100199949424,530,true,0.467708,0.578053
8cc6b01c-2051-41ab-858e-194a50e8d4f3,d17244fd-0b3d-4607-90cb-8c7a1de3ce43,1793,1785910100234949424,1785910100500199424,265,true,0.521702,0.783006
8cc6b01c-2051-41ab-858e-194a50e8d4f3,d17244fd-0b3d-4607-90cb-8c7a1de3ce43,1794,1785910100540199424,1785910100720449424,180,true,0.465131,0.597117
8cc6b01c-2051-41ab-858e-194a50e8d4f3,d17244fd-0b3d-4607-90cb-8c7a1de3ce43,1795,1785910100935574424,1785910101235824424,300,true,0.483694,0.37915
8cc6b01c-2051-41ab-858e-194a50e8d4f3,d17244fd-0b3d-4607-90cb-8c7a1de3ce43,1796,1785910101265949424,1785910101436074424,170,true,0.503463,0.595463
8cc6b01c-2051-41ab-858e-194a50e8d4f3,d17244fd-0b3d-4607-90cb-8c7a1de3ce43,1797,1785910101576199424,1785910101691323424,115,true,0.520345,0.080559
8cc6b01c-2051-41ab-858e-194a50e8d4f3,d17244fd-0b3d-4607-90cb-8c7a1de3ce43,1798,1785910101756323424,1785910101936573424,180,true,0.490398,0.795651
8cc6b01c-2051-41ab-858e-194a50e8d4f3,d17244fd-0b3d-4607-90cb-8c7a1de3ce43,1799,1785910101976573424,1785910102151698424,175,true,0.327891,0.622641
8cc6b01c-2051-41ab-858e-194a50e8d4f3,d17244fd-0b3d-4607-90cb-8c7a1de3ce43,1800,1785910102186827424,1785910102326948424,140,true,0.498278,0.744993
8cc6b01c-2051-41ab-858e-194a50e8d4f3,d17244fd-0b3d-4607-90cb-8c7a1de3ce43,1801,1785910102371948424,1785910102602198424,230,true,0.594784,0.349272
8cc6b01c-2051-41ab-858e-194a50e8d4f3,d17244fd-0b3d-4607-90cb-8c7a1de3ce43,1802,1785910102637204424,1785910102957447424,320,true,0.588209,0.472736
8cc6b01c-2051-41ab-858e-194a50e8d4f3,d17244fd-0b3d-4607-90cb-8c7a1de3ce43,1803,1785910102987573424,1785910103087579424,100,true,0.625416,0.37589
8cc6b01c-2051-41ab-858e-194a50e8d4f3,d17244fd-0b3d-4607-90cb-8c7a1de3ce43,1804,1785910103102573424,1785910103643197424,540,true,0.598085,0.338906
8cc6b01c-2051-41ab-858e-194a50e8d4f3,d17244fd-0b3d-4607-90cb-8c7a1de3ce43,1805,1785910103823322424,1785910103953447424,130,true,0.603586,0.289177
8cc6b01c-2051-41ab-858e-194a50e8d4f3,d17244fd-0b3d-4607-90cb-8c7a1de3ce43,1806,1785910103983447424,1785910104358824424,375,true,0.658064,0.279731
8cc6b01c-2051-41ab-858e-194a50e8d4f3,d17244fd-0b3d-4607-90cb-8c7a1de3ce43,1807,1785910104388822424,1785910104684079424,295,true,0.576665,0.30153
8cc6b01c-2051-41ab-858e-194a50e8d4f3,d17244fd-0b3d-4607-90cb-8c7a1de3ce43,1808,1785910104929321424,1785910105024446424,95,true,0.585192,0.263878
8cc6b01c-2051-41ab-858e-194a50e8d4f3,d17244fd-0b3d-4607-90cb-8c7a1de3ce43,1809,1785910105074446424,1785910105239696424,165,true,0.473411,0.630334
8cc6b01c-2051-41ab-858e-194a50e8d4f3,d17244fd-0b3d-4607-90cb-8c7a1de3ce43,1810,1785910105274696424,1785910105599946424,325,true,0.572338,0.575521
8cc6b01c-2051-41ab-858e-194a50e8d4f3,d17244fd-0b3d-4607-90cb-8c7a1de3ce43,1811,1785910105629946424,1785910105770075424,140,true,0.560624,0.429676
8cc6b01c-2051-41ab-858e-194a50e8d4f3,d17244fd-0b3d-4607-90cb-8c7a1de3ce43,1812,1785910105805196424,1785910106105445424,300,true,0.427319,0.231026
8cc6b01c-2051-41ab-858e-194a50e8d4f3,d17244fd-0b3d-4607-90cb-8c7a1de3ce43,1813,1785910106285572424,1785910106455820424,170,true,0.606133,0.370545
8cc6b01c-2051-41ab-858e-194a50e8d4f3,d17244fd-0b3d-4607-90cb-8c7a1de3ce43,1814,1785910106640947424,1785910106786070424,145,false,0.564407,-0.074032
8cc6b01c-2051-41ab-858e-194a50e8d4f3,d17244fd-0b3d-4607-90cb-8c7a1de3ce43,1815,1785910106811070424,1785910107827076424,1016,true,0.547632,0.072698
8cc6b01c-2051-41ab-858e-194a50e8d4f3,d17244fd-0b3d-4607-90cb-8c7a1de3ce43,1816,1785910107892071424,1785910108367569424,475,true,0.510036,0.578981
8cc6b01c-2051-41ab-858e-194a50e8d4f3,d17244fd-0b3d-4607-90cb-8c7a1de3ce43,1817,1785910108397569424,1785910108527694424,130,true,0.368075,0.595768
8cc6b01c-2051-41ab-858e-194a50e8d4f3,d17244fd-0b3d-4607-90cb-8c7a1de3ce43,1818,1785910108572819424,1785910108652819424,80,true,0.532781,0.461003
8cc6b01c-2051-41ab-858e-194a50e8d4f3,d17244fd-0b3d-4607-90cb-8c7a1de3ce43,1819,1785910108692831424,1785910108802944424,110,true,0.644289,0.470785
8cc6b01c-2051-41ab-858e-194a50e8d4f3,d17244fd-0b3d-4607-90cb-8c7a1de3ce43,1820,1785910108832944424,1785910108963074424,130,true,0.671305,0.566663
8cc6b01c-2051-41ab-858e-194a50e8d4f3,d17244fd-0b3d-4607-90cb-8c7a1de3ce43,1821,1785910109003198424,1785910109468569424,465,true,0.490396,0.812287
8cc6b01c-2051-41ab-858e-194a50e8d4f3,d17244fd-0b3d-4607-90cb-8c7a1de3ce43,1822,1785910109513693424,1785910109663818424,150,true,0.518268,0.407497
8cc6b01c-2051-41ab-858e-194a50e8d4f3,d17244fd-0b3d-4607-90cb-8c7a1de3ce43,1823,1785910109994075424,1785910110199318424,205,true,0.503109,0.758404
8cc6b01c-2051-41ab-858e-194a50e8d4f3,d17244fd-0b3d-4607-90cb-8c7a1de3ce43,1824,1785910110244318424,1785910110394444424,150,true,0.524507,0.384451
8cc6b01c-2051-41ab-858e-194a50e8d4f3,d17244fd-0b3d-4607-90cb-8c7a1de3ce43,1825,1785910110449580424,1785910110714821424,265,true,0.521241,0.119358
8cc6b01c-2051-41ab-858e-194a50e8d4f3,d17244fd-0b3d-4607-90cb-8c7a1de3ce43,1826,1785910110769818424,1785910111240203424,470,true,0.494988,0.608788
8cc6b01c-2051-41ab-858e-194a50e8d4f3,d17244fd-0b3d-4607-90cb-8c7a1de3ce43,1827,1785910111280317424,1785910111415442424,135,true,0.48194,0.771247
8cc6b01c-2051-41ab-858e-194a50e8d4f3,d17244fd-0b3d-4607-90cb-8c7a1de3ce43,1828,1785910111455442424,1785910111690692424,235,true,0.494459,0.578138
8cc6b01c-2051-41ab-858e-194a50e8d4f3,d17244fd-0b3d-4607-90cb-8c7a1de3ce43,1829,1785910111715702424,1785910112311316424,595,true,0.510379,0.499728
8cc6b01c-2051-41ab-858e-194a50e8d4f3,d17244fd-0b3d-4607-90cb-8c7a1de3ce43,1830,1785910112621566424,1785910112706691424,85,true,0.545572,0.068773
8cc6b01c-2051-41ab-858e-194a50e8d4f3,d17244fd-0b3d-4607-90cb-8c7a1de3ce43,1831,1785910112771700424,1785910112946816424,175,true,0.482294,0.774852
8cc6b01c-2051-41ab-858e-194a50e8d4f3,d17244fd-0b3d-4607-90cb-8c7a1de3ce43,1832,1785910113001941424,1785910113162066424,160,true,0.532439,0.313569
8cc6b01c-2051-41ab-858e-194a50e8d4f3,d17244fd-0b3d-4607-90cb-8c7a1de3ce43,1833,1785910113192070424,1785910113352194424,160,true,0.524326,0.164358
8cc6b01c-2051-41ab-858e-194a50e8d4f3,d17244fd-0b3d-4607-90cb-8c7a1de3ce43,1834,1785910113412316424,1785910113602441424,190,true,0.538686,0.484642
8cc6b01c-2051-41ab-858e-194a50e8d4f3,d17244fd-0b3d-4607-90cb-8c7a1de3ce43,1835,1785910113627441424,1785910113932821424,305,true,0.606507,0.45407
8cc6b01c-2051-41ab-858e-194a50e8d4f3,d17244fd-0b3d-4607-90cb-8c7a1de3ce43,1836,1785910114147940424,1785910114713565424,565,true,0.610962,0.269486
8cc6b01c-2051-41ab-858e-194a50e8d4f3,d17244fd-0b3d-4607-90cb-8c7a1de3ce43,1837,1785910114738565424,1785910114973815424,235,true,0.659896,0.332949
8cc6b01c-2051-41ab-858e-194a50e8d4f3,d17244fd-0b3d-4607-90cb-8c7a1de3ce43,1838,1785910115344066424,1785910115744440424,400,true,0.415784,0.28254
8cc6b01c-2051-41ab-858e-194a50e8d4f3,d17244fd-0b3d-4607-90cb-8c7a1de3ce43,1839,1785910115789564424,1785910115979699424,190,true,0.522277,0.676228
8cc6b01c-2051-41ab-858e-194a50e8d4f3,d17244fd-0b3d-4607-90cb-8c7a1de3ce43,1840,1785910116009689424,1785910116229939424,220,true,0.601478,0.602031
8cc6b01c-2051-41ab-858e-194a50e8d4f3,d17244fd-0b3d-4607-90cb-8c7a1de3ce43,1841,1785910116450189424,1785910116640327424,190,true,0.644994,0.255389
8cc6b01c-2051-41ab-858e-194a50e8d4f3,d17244fd-0b3d-4607-90cb-8c7a1de3ce43,1842,1785910116685314424,1785910117025688424,340,true,0.567935,0.521685
8cc6b01c-2051-41ab-858e-194a50e8d4f3,d17244fd-0b3d-4607-90cb-8c7a1de3ce43,1843,1785910117120813424,1785910117270938424,150,false,1.448616,0.379073
8cc6b01c-2051-41ab-858e-194a50e8d4f3,d17244fd-0b3d-4607-90cb-8c7a1de3ce43,1844,1785910117345940424,1785910117841438424,495,true,0.640339,0.377285
8cc6b01c-2051-41ab-858e-194a50e8d4f3,d17244fd-0b3d-4607-90cb-8c7a1de3ce43,1845,1785910117886438424,1785910118041688424,155,true,0.473738,0.217667
8cc6b01c-2051-41ab-858e-194a50e8d4f3,d17244fd-0b3d-4607-90cb-8c7a1de3ce43,1846,1785910118076688424,1785910118351938424,275,true,0.585017,0.229034
8cc6b01c-2051-41ab-858e-194a50e8d4f3,d17244fd-0b3d-4607-90cb-8c7a1de3ce43,1847,1785910118386938424,1785910118672188424,285,true,0.502979,0.131494
8cc6b01c-2051-41ab-858e-194a50e8d4f3,d17244fd-0b3d-4607-90cb-8c7a1de3ce43,1848,1785910118837437424,1785910119052562424,215,true,0.536028,-0.005399
8cc6b01c-2051-41ab-858e-194a50e8d4f3,d17244fd-0b3d-4607-90cb-8c7a1de3ce43,1849,1785910119112687424,1785910119477937424,365,true,0.451503,0.532401
8cc6b01c-2051-41ab-858e-194a50e8d4f3,d17244fd-0b3d-4607-90cb-8c7a1de3ce43,1850,1785910119497937424,1785910119653187424,155,true,0.50811,0.443484
8cc6b01c-2051-41ab-858e-194a50e8d4f3,d17244fd-0b3d-4607-90cb-8c7a1de3ce43,1851,1785910119693187424,1785910119783312424,90,true,0.396238,0.534627
8cc6b01c-2051-41ab-858e-194a50e8d4f3,d17244fd-0b3d-4607-90cb-8c7a1de3ce43,1852,1785910119968437424,1785910120023437424,55,true,0.511308,0.767556
8cc6b01c-2051-41ab-858e-194a50e8d4f3,d17244fd-0b3d-4607-90cb-8c7a1de3ce43,1853,1785910120063562424,1785910120433812424,370,true,0.486268,0.631309
8cc6b01c-2051-41ab-858e-194a50e8d4f3,d17244fd-0b3d-4607-90cb-8c7a1de3ce43,1854,1785910120473936424,1785910120599061424,125,true,0.526403,0.431781
8cc6b01c-2051-41ab-858e-194a50e8d4f3,d17244fd-0b3d-4607-90cb-8c7a1de3ce43,1855,1785910120654061424,1785910120789186424,135,true,0.454414,0.753766
8cc6b01c-2051-41ab-858e-194a50e8d4f3,d17244fd-0b3d-4607-90cb-8c7a1de3ce43,1856,1785910120824196424,1785910120954311424,130,true,0.368119,0.641075
8cc6b01c-2051-41ab-858e-194a50e8d4f3,d17244fd-0b3d-4607-90cb-8c7a1de3ce43,1857,1785910120984445424,1785910121449811424,465,true,0.471915,0.584878
8cc6b01c-2051-41ab-858e-194a50e8d4f3,d17244fd-0b3d-4607-90cb-8c7a1de3ce43,1858,1785910121484811424,1785910121735060424,250,true,0.501738,0.740832
8cc6b01c-2051-41ab-858e-194a50e8d4f3,d17244fd-0b3d-4607-90cb-8c7a1de3ce43,1859,1785910121905316424,1785910122355685424,450,true,0.322457,0.620551
8cc6b01c-2051-41ab-858e-194a50e8d4f3,d17244fd-0b3d-4607-90cb-8c7a1de3ce43,1860,1785910122395685424,1785910122595935424,200,true,0.506216,0.715521
8cc6b01c-2051-41ab-858e-194a50e8d4f3,d17244fd-0b3d-4607-90cb-8c7a1de3ce43,1861,1785910122635935424,1785910122846185424,210,true,0.603234,0.39168
8cc6b01c-2051-41ab-858e-194a50e8d4f3,d17244fd-0b3d-4607-90cb-8c7a1de3ce43,1862,1785910122881185424,1785910123116435424,235,true,0.565051,0.507118
8cc6b01c-2051-41ab-858e-194a50e8d4f3,d17244fd-0b3d-4607-90cb-8c7a1de3ce43,1863,1785910123136435424,1785910123291560424,155,true,0.599855,0.46557
8cc6b01c-2051-41ab-858e-194a50e8d4f3,d17244fd-0b3d-4607-90cb-8c7a1de3ce43,1864,1785910123326559424,1785910123787059424,460,true,0.595359,0.323904
8cc6b01c-2051-41ab-858e-194a50e8d4f3,d17244fd-0b3d-4607-90cb-8c7a1de3ce43,1865,1785910123807059424,1785910123982184424,175,true,0.651818,0.298116
8cc6b01c-2051-41ab-858e-194a50e8d4f3,d17244fd-0b3d-4607-90cb-8c7a1de3ce43,1866,1785910124117309424,1785910124402559424,285,true,0.646958,0.248755
8cc6b01c-2051-41ab-858e-194a50e8d4f3,d17244fd-0b3d-4607-90cb-8c7a1de3ce43,1867,1785910124442684424,1785910124993183424,550,true,0.424735,0.287803
8cc6b01c-2051-41ab-858e-194a50e8d4f3,d17244fd-0b3d-4607-90cb-8c7a1de3ce43,1868,1785910125038183424,1785910125268433424,230,true,0.534695,0.562547
8cc6b01c-2051-41ab-858e-194a50e8d4f3,d17244fd-0b3d-4607-90cb-8c7a1de3ce43,1869,1785910125298442424,1785910125433558424,135,true,0.495136,0.617793
8cc6b01c-2051-41ab-858e-194a50e8d4f3,d17244fd-0b3d-4607-90cb-8c7a1de3ce43,1870,1785910125468558424,1785910125648808424,180,true,0.595131,0.568007
8cc6b01c-2051-41ab-858e-194a50e8d4f3,d17244fd-0b3d-4607-90cb-8c7a1de3ce43,1871,1785910125883933424,1785910126414442424,530,true,0.597731,0.594291
8cc6b01c-2051-41ab-858e-194a50e8d4f3,d17244fd-0b3d-4607-90cb-8c7a1de3ce43,1872,1785910126459557424,1785910126709807424,250,true,0.618688,0.32007
8cc6b01c-2051-41ab-858e-194a50e8d4f3,d17244fd-0b3d-4607-90cb-8c7a1de3ce43,1873,1785910126884932424,1785910127290307424,405,true,0.572324,-0.032335
8cc6b01c-2051-41ab-858e-194a50e8d4f3,d17244fd-0b3d-4607-90cb-8c7a1de3ce43,1874,1785910127320307424,1785910128161057424,840,true,0.586476,0.084746
8cc6b01c-2051-41ab-858e-194a50e8d4f3,d17244fd-0b3d-4607-90cb-8c7a1de3ce43,1875,1785910128186182424,1785910128271181424,84,true,0.523404,0.096683
8cc6b01c-2051-41ab-858e-194a50e8d4f3,d17244fd-0b3d-4607-90cb-8c7a1de3ce43,1876,1785910128476431424,1785910128716681424,240,true,0.525667,0.010659
8cc6b01c-2051-41ab-858e-194a50e8d4f3,d17244fd-0b3d-4607-90cb-8c7a1de3ce43,1877,1785910128771681424,1785910128986931424,215,true,0.557816,0.431376
8cc6b01c-2051-41ab-858e-194a50e8d4f3,d17244fd-0b3d-4607-90cb-8c7a1de3ce43,1878,1785910129026931424,1785910129327187424,300,true,0.354706,0.646034
8cc6b01c-2051-41ab-858e-194a50e8d4f3,d17244fd-0b3d-4607-90cb-8c7a1de3ce43,1879,1785910129362181424,1785910129582431424,220,true,0.481163,0.418146
8cc6b01c-2051-41ab-858e-194a50e8d4f3,d17244fd-0b3d-4607-90cb-8c7a1de3ce43,1880,1785910129622430424,1785910129737555424,115,true,0.527209,0.58463
8cc6b01c-2051-41ab-858e-194a50e8d4f3,d17244fd-0b3d-4607-90cb-8c7a1de3ce43,1881,1785910129777680424,1785910129997818424,220,true,0.650126,0.571962
8cc6b01c-2051-41ab-858e-194a50e8d4f3,d17244fd-0b3d-4607-90cb-8c7a1de3ce43,1882,1785910130032805424,1785910130213055424,180,true,0.541539,0.595085
8cc6b01c-2051-41ab-858e-194a50e8d4f3,d17244fd-0b3d-4607-90cb-8c7a1de3ce43,1883,1785910130248055424,1785910130403190424,155,true,0.495965,0.386403
8cc6b01c-2051-41ab-858e-194a50e8d4f3,d17244fd-0b3d-4607-90cb-8c7a1de3ce43,1884,1785910130448305424,1785910130603441424,155,true,0.472372,0.777924
8cc6b01c-2051-41ab-858e-194a50e8d4f3,d17244fd-0b3d-4607-90cb-8c7a1de3ce43,1885,1785910130643431424,1785910130898680424,255,true,0.381393,0.654982
8cc6b01c-2051-41ab-858e-194a50e8d4f3,d17244fd-0b3d-4607-90cb-8c7a1de3ce43,1886,1785910131138930424,1785910131319065424,180,true,0.685406,0.515928
8cc6b01c-2051-41ab-858e-194a50e8d4f3,d17244fd-0b3d-4607-90cb-8c7a1de3ce43,1887,1785910131374179424,1785910132069804424,695,true,0.341288,0.642896
8cc6b01c-2051-41ab-858e-194a50e8d4f3,d17244fd-0b3d-4607-90cb-8c7a1de3ce43,1888,1785910132114804424,1785910132530179424,415,true,0.692384,0.568134
8cc6b01c-2051-41ab-858e-194a50e8d4f3,d17244fd-0b3d-4607-90cb-8c7a1de3ce43,1889,1785910132570193424,1785910132870553424,300,true,0.536917,0.382429
8cc6b01c-2051-41ab-858e-194a50e8d4f3,d17244fd-0b3d-4607-90cb-8c7a1de3ce43,1890,1785910132920553424,1785910133391053424,470,true,0.506785,0.762283
8cc6b01c-2051-41ab-858e-194a50e8d4f3,d17244fd-0b3d-4607-90cb-8c7a1de3ce43,1891,1785910133616178424,1785910133746307424,130,true,0.53018,0.094726
8cc6b01c-2051-41ab-858e-194a50e8d4f3,d17244fd-0b3d-4607-90cb-8c7a1de3ce43,1892,1785910133791428424,1785910134031553424,240,true,0.491443,0.468976
8cc6b01c-2051-41ab-858e-194a50e8d4f3,d17244fd-0b3d-4607-90cb-8c7a1de3ce43,1893,1785910134066678424,1785910134346927424,280,true,0.505457,0.627336
8cc6b01c-2051-41ab-858e-194a50e8d4f3,d17244fd-0b3d-4607-90cb-8c7a1de3ce43,1894,1785910134386927424,1785910134717302424,330,true,0.35018,0.645111
8cc6b01c-2051-41ab-858e-194a50e8d4f3,d17244fd-0b3d-4607-90cb-8c7a1de3ce43,1895,1785910134762302424,1785910135362802424,600,true,0.519501,0.527212
8cc6b01c-2051-41ab-858e-194a50e8d4f3,d17244fd-0b3d-4607-90cb-8c7a1de3ce43,1896,1785910135387927424,1785910135653177424,265,true,0.517736,0.603748
8cc6b01c-2051-41ab-858e-194a50e8d4f3,d17244fd-0b3d-4607-90cb-8c7a1de3ce43,1897,1785910135833309424,1785910136023426424,190,true,0.538311,0.078085
8cc6b01c-2051-41ab-858e-194a50e8d4f3,d17244fd-0b3d-4607-90cb-8c7a1de3ce43,1898,1785910136073555424,1785910136719176424,645,true,0.547217,0.39341
8cc6b01c-2051-41ab-858e-194a50e8d4f3,d17244fd-0b3d-4607-90cb-8c7a1de3ce43,1899,1785910136749176424,1785910136939301424,190,true,0.608276,0.431695
8cc6b01c-2051-41ab-858e-194a50e8d4f3,d17244fd-0b3d-4607-90cb-8c7a1de3ce43,1900,1785910136974314424,1785910137444800424,470,true,0.595313,0.315348
8cc6b01c-2051-41ab-858e-194a50e8d4f3,d17244fd-0b3d-4607-90cb-8c7a1de3ce43,1901,1785910137479800424,1785910137680061424,200,true,0.661921,0.34491
8cc6b01c-2051-41ab-858e-194a50e8d4f3,d17244fd-0b3d-4607-90cb-8c7a1de3ce43,1902,1785910137865179424,1785910137965300424,100,true,0.574248,0.269326
8cc6b01c-2051-41ab-858e-194a50e8d4f3,d17244fd-0b3d-4607-90cb-8c7a1de3ce43,1903,1785910138015300424,1785910138350677424,335,true,0.410826,0.294701
8cc6b01c-2051-41ab-858e-194a50e8d4f3,d17244fd-0b3d-4607-90cb-8c7a1de3ce43,1904,1785910138410681424,1785910138540800424,130,true,0.553623,0.551481
8cc6b01c-2051-41ab-858e-194a50e8d4f3,d17244fd-0b3d-4607-90cb-8c7a1de3ce43,1905,1785910138570925424,1785910138896174424,325,true,0.499411,0.601267
8cc6b01c-2051-41ab-858e-194a50e8d4f3,d17244fd-0b3d-4607-90cb-8c7a1de3ce43,1906,1785910138931174424,1785910139126424424,195,true,0.59631,0.564459
8cc6b01c-2051-41ab-858e-194a50e8d4f3,d17244fd-0b3d-4607-90cb-8c7a1de3ce43,1907,1785910139376680424,1785910139466674424,89,true,0.739035,0.227926
8cc6b01c-2051-41ab-858e-194a50e8d4f3,d17244fd-0b3d-4607-90cb-8c7a1de3ce43,1908,1785910139501800424,1785910140132298424,630,true,0.629175,0.343386
8cc6b01c-2051-41ab-858e-194a50e8d4f3,d17244fd-0b3d-4607-90cb-8c7a1de3ce43,1909,1785910140147299424,1785910140297428424,150,true,0.584493,0.329905
8cc6b01c-2051-41ab-858e-194a50e8d4f3,d17244fd-0b3d-4607-90cb-8c7a1de3ce43,1910,1785910140472673424,1785910141323779424,851,true,0.596782,0.125654
8cc6b01c-2051-41ab-858e-194a50e8d4f3,d17244fd-0b3d-4607-90cb-8c7a1de3ce43,1911,1785910141353771424,1785910141859279424,505,true,0.535508,0.115879
8cc6b01c-2051-41ab-858e-194a50e8d4f3,d17244fd-0b3d-4607-90cb-8c7a1de3ce43,1912,1785910141934392424,1785910142099517424,165,true,0.539936,0.608643
8cc6b01c-2051-41ab-858e-194a50e8d4f3,d17244fd-0b3d-4607-90cb-8c7a1de3ce43,1913,1785910142134517424,1785910142314767424,180,true,0.591182,0.491747
8cc6b01c-2051-41ab-858e-194a50e8d4f3,d17244fd-0b3d-4607-90cb-8c7a1de3ce43,1914,1785910142349780424,1785910142570017424,220,true,0.661184,0.558159
8cc6b01c-2051-41ab-858e-194a50e8d4f3,d17244fd-0b3d-4607-90cb-8c7a1de3ce43,1915,1785910142610017424,1785910142990393424,380,true,0.500157,0.808535
8cc6b01c-2051-41ab-858e-194a50e8d4f3,d17244fd-0b3d-4607-90cb-8c7a1de3ce43,1916,1785910143030392424,1785910143195517424,165,true,0.538657,0.514389
8cc6b01c-2051-41ab-858e-194a50e8d4f3,d17244fd-0b3d-4607-90cb-8c7a1de3ce43,1917,1785910143225518424,1785910143355642424,130,true,0.523675,0.395882
8cc6b01c-2051-41ab-858e-194a50e8d4f3,d17244fd-0b3d-4607-90cb-8c7a1de3ce43,1918,1785910143395767424,1785910143585892424,190,true,0.338322,0.631274
8cc6b01c-2051-41ab-858e-194a50e8d4f3,d17244fd-0b3d-4607-90cb-8c7a1de3ce43,1919,1785910143630892424,1785910143861142424,230,true,0.510405,0.548273
8cc6b01c-2051-41ab-858e-194a50e8d4f3,d17244fd-0b3d-4607-90cb-8c7a1de3ce43,1920,1785910143901147424,1785910144146396424,245,true,0.667015,0.562992
8cc6b01c-2051-41ab-858e-194a50e8d4f3,d17244fd-0b3d-4607-90cb-8c7a1de3ce43,1921,1785910144356644424,1785910144626892424,270,true,0.71728,0.531378
8cc6b01c-2051-41ab-858e-194a50e8d4f3,d17244fd-0b3d-4607-90cb-8c7a1de3ce43,1922,1785910144681892424,1785910144847142424,165,true,0.474217,0.51815
8cc6b01c-2051-41ab-858e-194a50e8d4f3,d17244fd-0b3d-4607-90cb-8c7a1de3ce43,1923,1785910144882149424,1785910145017271424,135,true,0.702476,0.591121
8cc6b01c-2051-41ab-858e-194a50e8d4f3,d17244fd-0b3d-4607-90cb-8c7a1de3ce43,1924,1785910145057267424,1785910145267517424,210,true,0.512789,0.408903
8cc6b01c-2051-41ab-858e-194a50e8d4f3,d17244fd-0b3d-4607-90cb-8c7a1de3ce43,1925,1785910145302517424,1785910146003142424,700,true,0.517458,0.510601
8cc6b01c-2051-41ab-858e-194a50e8d4f3,d17244fd-0b3d-4607-90cb-8c7a1de3ce43,1926,1785910146043267424,1785910146088267424,45,true,0.539353,0.134361
8cc6b01c-2051-41ab-858e-194a50e8d4f3,d17244fd-0b3d-4607-90cb-8c7a1de3ce43,1927,1785910146323524424,1785910146513642424,190,true,0.678932,0.536524
8cc6b01c-2051-41ab-858e-194a50e8d4f3,d17244fd-0b3d-4607-90cb-8c7a1de3ce43,1928,1785910146548651424,1785910146713892424,165,true,0.531668,0.546572
8cc6b01c-2051-41ab-858e-194a50e8d4f3,d17244fd-0b3d-4607-90cb-8c7a1de3ce43,1929,1785910146733892424,1785910147199266424,465,true,0.586992,0.468076
8cc6b01c-2051-41ab-858e-194a50e8d4f3,d17244fd-0b3d-4607-90cb-8c7a1de3ce43,1930,1785910147364391424,1785910147519641424,155,true,0.540559,0.255327
8cc6b01c-2051-41ab-858e-194a50e8d4f3,d17244fd-0b3d-4607-90cb-8c7a1de3ce43,1931,1785910147559651424,1785910147679773424,120,true,0.412664,0.313598
8cc6b01c-2051-41ab-858e-194a50e8d4f3,d17244fd-0b3d-4607-90cb-8c7a1de3ce43,1932,1785910147724774424,1785910148200266424,475,true,0.527186,0.633847
8cc6b01c-2051-41ab-858e-194a50e8d4f3,d17244fd-0b3d-4607-90cb-8c7a1de3ce43,1933,1785910148235266424,1785910148585641424,350,true,0.617726,0.427041
8cc6b01c-2051-41ab-858e-194a50e8d4f3,d17244fd-0b3d-4607-90cb-8c7a1de3ce43,1934,1785910148625641424,1785910148920891424,295,true,0.506854,0.632279
8cc6b01c-2051-41ab-858e-194a50e8d4f3,d17244fd-0b3d-4607-90cb-8c7a1de3ce43,1935,1785910149256266424,1785910149346269424,90,true,0.588539,0.310827
8cc6b01c-2051-41ab-858e-194a50e8d4f3,d17244fd-0b3d-4607-90cb-8c7a1de3ce43,1936,1785910149391403424,1785910149566516424,175,true,0.390877,0.331317
8cc6b01c-2051-41ab-858e-194a50e8d4f3,d17244fd-0b3d-4607-90cb-8c7a1de3ce43,1937,1785910149611524424,1785910149966895424,355,true,0.635569,0.366618
8cc6b01c-2051-41ab-858e-194a50e8d4f3,d17244fd-0b3d-4607-90cb-8c7a1de3ce43,1938,1785910149996891424,1785910150262141424,265,true,0.584119,0.322316
8cc6b01c-2051-41ab-858e-194a50e8d4f3,d17244fd-0b3d-4607-90cb-8c7a1de3ce43,1939,1785910150297141424,1785910150667516424,370,true,0.614945,0.437683
8cc6b01c-2051-41ab-858e-194a50e8d4f3,d17244fd-0b3d-4607-90cb-8c7a1de3ce43,1940,1785910150827641424,1785910151002891424,175,true,0.854039,0.067406
8cc6b01c-2051-41ab-858e-194a50e8d4f3,d17244fd-0b3d-4607-90cb-8c7a1de3ce43,1941,1785910151057891424,1785910151328150424,270,true,0.53932,0.372834
8cc6b01c-2051-41ab-858e-194a50e8d4f3,d17244fd-0b3d-4607-90cb-8c7a1de3ce43,1942,1785910151363144424,1785910151633516424,270,true,0.623825,0.399639
8cc6b01c-2051-41ab-858e-194a50e8d4f3,d17244fd-0b3d-4607-90cb-8c7a1de3ce43,1943,1785910151678516424,1785910151898641424,220,true,0.554999,0.479983
8cc6b01c-2051-41ab-858e-194a50e8d4f3,d17244fd-0b3d-4607-90cb-8c7a1de3ce43,1944,1785910151933780424,1785910152013766424,79,true,0.507812,0.250838
8cc6b01c-2051-41ab-858e-194a50e8d4f3,d17244fd-0b3d-4607-90cb-8c7a1de3ce43,1945,1785910152048891424,1785910152334141424,285,true,0.52535,0.106845
8cc6b01c-2051-41ab-858e-194a50e8d4f3,d17244fd-0b3d-4607-90cb-8c7a1de3ce43,1946,1785910152399141424,1785910152729516424,330,true,0.519339,0.566014
8cc6b01c-2051-41ab-858e-194a50e8d4f3,d17244fd-0b3d-4607-90cb-8c7a1de3ce43,1947,1785910152764519424,1785910152889641424,125,true,0.492097,0.435309
8cc6b01c-2051-41ab-858e-194a50e8d4f3,d17244fd-0b3d-4607-90cb-8c7a1de3ce43,1948,1785910152939641424,1785910153059766424,120,true,0.46438,0.922891
8cc6b01c-2051-41ab-858e-194a50e8d4f3,d17244fd-0b3d-4607-90cb-8c7a1de3ce43,1949,1785910153094766424,1785910153209891424,115,true,0.440698,0.759548
8cc6b01c-2051-41ab-858e-194a50e8d4f3,d17244fd-0b3d-4607-90cb-8c7a1de3ce43,1950,1785910153250016424,1785910153365016424,115,true,0.316236,0.663735
8cc6b01c-2051-41ab-858e-194a50e8d4f3,d17244fd-0b3d-4607-90cb-8c7a1de3ce43,1951,1785910153405141424,1785910153775516424,370,true,0.493217,0.602268
8cc6b01c-2051-41ab-858e-194a50e8d4f3,d17244fd-0b3d-4607-90cb-8c7a1de3ce43,1952,1785910153810516424,1785910154040766424,230,true,0.509557,0.414037
8cc6b01c-2051-41ab-858e-194a50e8d4f3,d17244fd-0b3d-4607-90cb-8c7a1de3ce43,1953,1785910154070766424,1785910154986640424,915,true,0.45586,0.623425
8cc6b01c-2051-41ab-858e-194a50e8d4f3,d17244fd-0b3d-4607-90cb-8c7a1de3ce43,1954,1785910155136770424,1785910155331891424,195,true,0.501828,0.572491
8cc6b01c-2051-41ab-858e-194a50e8d4f3,d17244fd-0b3d-4607-90cb-8c7a1de3ce43,1955,1785910155372020424,1785910155567140424,195,true,0.364623,0.576942
8cc6b01c-2051-41ab-858e-194a50e8d4f3,d17244fd-0b3d-4607-90cb-8c7a1de3ce43,1956,1785910155607141424,1785910156237777424,630,true,0.5051,0.578109
8cc6b01c-2051-41ab-858e-194a50e8d4f3,d17244fd-0b3d-4607-90cb-8c7a1de3ce43,1957,1785910156277765424,1785910156463015424,185,true,0.60582,0.487326
8cc6b01c-2051-41ab-858e-194a50e8d4f3,d17244fd-0b3d-4607-90cb-8c7a1de3ce43,1958,1785910156733265424,1785910157053525424,320,true,0.617587,0.322865
8cc6b01c-2051-41ab-858e-194a50e8d4f3,d17244fd-0b3d-4607-90cb-8c7a1de3ce43,1959,1785910157098640424,1785910157263765424,165,true,0.391548,0.302129
8cc6b01c-2051-41ab-858e-194a50e8d4f3,d17244fd-0b3d-4607-90cb-8c7a1de3ce43,1960,1785910157529015424,1785910157789265424,260,true,0.500139,0.655647
8cc6b01c-2051-41ab-858e-194a50e8d4f3,d17244fd-0b3d-4607-90cb-8c7a1de3ce43,1961,1785910157869270424,1785910157999390424,130,false,1.077158,0.650081
8cc6b01c-2051-41ab-858e-194a50e8d4f3,d17244fd-0b3d-4607-90cb-8c7a1de3ce43,1962,1785910158399765424,1785910158504890424,105,false,1.0888,0.259177
8cc6b01c-2051-41ab-858e-194a50e8d4f3,d17244fd-0b3d-4607-90cb-8c7a1de3ce43,1969,1785910160261515424,1785910160942149424,680,true,0.482566,0.081246
8cc6b01c-2051-41ab-858e-194a50e8d4f3,d17244fd-0b3d-4607-90cb-8c7a1de3ce43,1971,1785910161873020424,1785910161913140424,40,true,0.269278,0.564886
8cc6b01c-2051-41ab-858e-194a50e8d4f3,d17244fd-0b3d-4607-90cb-8c7a1de3ce43,1972,1785910161938140424,1785910162123265424,185,true,0.386431,0.557682
8cc6b01c-2051-41ab-858e-194a50e8d4f3,d17244fd-0b3d-4607-90cb-8c7a1de3ce43,1973,1785910162153265424,1785910162248390424,95,true,0.462833,0.441116
8cc6b01c-2051-41ab-858e-194a50e8d4f3,d17244fd-0b3d-4607-90cb-8c7a1de3ce43,1974,1785910162573765424,1785910163194280424,620,true,0.461167,0.523136
8cc6b01c-2051-41ab-858e-194a50e8d4f3,d17244fd-0b3d-4607-90cb-8c7a1de3ce43,1975,1785910163214265424,1785910163784889424,570,true,0.496185,0.37041
8cc6b01c-2051-41ab-858e-194a50e8d4f3,d17244fd-0b3d-4607-90cb-8c7a1de3ce43,1976,1785910163945014424,1785910164130139424,185,true,0.540927,0.096582
8cc6b01c-2051-41ab-858e-194a50e8d4f3,d17244fd-0b3d-4607-90cb-8c7a1de3ce43,1977,1785910164155139424,1785910164200264424,45,true,0.549676,0.055102
8cc6b01c-2051-41ab-858e-194a50e8d4f3,d17244fd-0b3d-4607-90cb-8c7a1de3ce43,1978,1785910164390397424,1785910164465514424,75,true,0.638919,0.611522
8cc6b01c-2051-41ab-858e-194a50e8d4f3,d17244fd-0b3d-4607-90cb-8c7a1de3ce43,1979,1785910164515514424,1785910164645639424,130,true,0.343907,0.613379
8cc6b01c-2051-41ab-858e-194a50e8d4f3,d17244fd-0b3d-4607-90cb-8c7a1de3ce43,1980,1785910164685639424,1785910164805764424,120,true,0.500723,0.692459
8cc6b01c-2051-41ab-858e-194a50e8d4f3,d17244fd-0b3d-4607-90cb-8c7a1de3ce43,1982,1785910165096014424,1785910165321264424,225,true,0.586438,0.428024
8cc6b01c-2051-41ab-858e-194a50e8d4f3,d17244fd-0b3d-4607-90cb-8c7a1de3ce43,1983,1785910165496389424,1785910165601514424,105,true,0.483731,0.773237
8cc6b01c-2051-41ab-858e-194a50e8d4f3,d17244fd-0b3d-4607-90cb-8c7a1de3ce43,1984,1785910165661639424,1785910165736643424,75,true,0.547046,0.59256
8cc6b01c-2051-41ab-858e-194a50e8d4f3,d17244fd-0b3d-4607-90cb-8c7a1de3ce43,1985,1785910165916889424,1785910165971889424,55,true,0.567347,0.265262
8cc6b01c-2051-41ab-858e-194a50e8d4f3,d17244fd-0b3d-4607-90cb-8c7a1de3ce43,1989,1785910167413264424,1785910167508389424,95,true,0.586235,0.248092
8cc6b01c-2051-41ab-858e-194a50e8d4f3,d17244fd-0b3d-4607-90cb-8c7a1de3ce43,1990,1785910167558389424,1785910167738525424,180,true,0.491788,0.558443
8cc6b01c-2051-41ab-858e-194a50e8d4f3,d17244fd-0b3d-4607-90cb-8c7a1de3ce43,1991,1785910167788646424,1785910167833639424,44,true,0.588369,0.529158
8cc6b01c-2051-41ab-858e-194a50e8d4f3,d17244fd-0b3d-4607-90cb-8c7a1de3ce43,1992,1785910168123889424,1785910168414139424,290,true,0.546334,0.348102
8cc6b01c-2051-41ab-858e-194a50e8d4f3,d17244fd-0b3d-4607-90cb-8c7a1de3ce43,1993,1785910168474264424,1785910168579389424,105,false,0.656862,-0.11425
8cc6b01c-2051-41ab-858e-194a50e8d4f3,d17244fd-0b3d-4607-90cb-8c7a1de3ce43,1994,1785910168949639424,1785910169945639424,996,true,0.518914,0.072661
8cc6b01c-2051-41ab-858e-194a50e8d4f3,d17244fd-0b3d-4607-90cb-8c7a1de3ce43,1995,1785910170165772424,1785910170381018424,215,true,0.484046,0.460647
8cc6b01c-2051-41ab-858e-194a50e8d4f3,d17244fd-0b3d-4607-90cb-8c7a1de3ce43,1996,1785910170406014424,1785910170541139424,135,true,0.55371,0.384116
8cc6b01c-2051-41ab-858e-194a50e8d4f3,d17244fd-0b3d-4607-90cb-8c7a1de3ce43,1997,1785910170571264424,1785910170731396424,160,true,0.598749,0.456986
8cc6b01c-2051-41ab-858e-194a50e8d4f3,d17244fd-0b3d-4607-90cb-8c7a1de3ce43,1998,1785910170756389424,1785910170901514424,145,true,0.643216,0.58574
8cc6b01c-2051-41ab-858e-194a50e8d4f3,d17244fd-0b3d-4607-90cb-8c7a1de3ce43,1999,1785910170941514424,1785910171161772424,220,true,0.511886,0.429288
8cc6b01c-2051-41ab-858e-194a50e8d4f3,d17244fd-0b3d-4607-90cb-8c7a1de3ce43,2000,1785910171186764424,1785910171637263424,450,true,0.497063,0.544938
8cc6b01c-2051-41ab-858e-194a50e8d4f3,d17244fd-0b3d-4607-90cb-8c7a1de3ce43,2001,1785910171677263424,1785910171912513424,235,true,0.479732,0.694518
8cc6b01c-2051-41ab-858e-194a50e8d4f3,d17244fd-0b3d-4607-90cb-8c7a1de3ce43,2002,1785910171937513424,1785910172558018424,620,true,0.483364,0.60887
8cc6b01c-2051-41ab-858e-194a50e8d4f3,d17244fd-0b3d-4607-90cb-8c7a1de3ce43,2003,1785910172768263424,1785910173128638424,360,true,0.522564,0.390973
8cc6b01c-2051-41ab-858e-194a50e8d4f3,d17244fd-0b3d-4607-90cb-8c7a1de3ce43,2004,1785910173163638424,1785910173358763424,195,true,0.557868,0.131346
8cc6b01c-2051-41ab-858e-194a50e8d4f3,d17244fd-0b3d-4607-90cb-8c7a1de3ce43,2005,1785910173408888424,1785910173574013424,165,true,0.487412,0.554096
8cc6b01c-2051-41ab-858e-194a50e8d4f3,d17244fd-0b3d-4607-90cb-8c7a1de3ce43,2006,1785910173609013424,1785910173799267424,190,true,0.588877,0.440533
8cc6b01c-2051-41ab-858e-194a50e8d4f3,d17244fd-0b3d-4607-90cb-8c7a1de3ce43,2007,1785910173944388424,1785910174234638424,290,true,0.401923,0.463967
8cc6b01c-2051-41ab-858e-194a50e8d4f3,d17244fd-0b3d-4607-90cb-8c7a1de3ce43,2008,1785910174274640424,1785910174449888424,175,true,0.407993,0.223416
8cc6b01c-2051-41ab-858e-194a50e8d4f3,d17244fd-0b3d-4607-90cb-8c7a1de3ce43,2009,1785910174484888424,1785910174680013424,195,true,0.622881,0.301601
8cc6b01c-2051-41ab-858e-194a50e8d4f3,d17244fd-0b3d-4607-90cb-8c7a1de3ce43,2010,1785910174715142424,1785910175090388424,375,true,0.578354,0.47991
8cc6b01c-2051-41ab-858e-194a50e8d4f3,d17244fd-0b3d-4607-90cb-8c7a1de3ce43,2011,1785910175120513424,1785910175440763424,320,true,0.606733,0.587166
8cc6b01c-2051-41ab-858e-194a50e8d4f3,d17244fd-0b3d-4607-90cb-8c7a1de3ce43,2012,1785910175605888424,1785910176141388424,535,true,0.603808,0.283348
8cc6b01c-2051-41ab-858e-194a50e8d4f3,d17244fd-0b3d-4607-90cb-8c7a1de3ce43,2013,1785910176181513424,1785910176331651424,150,true,0.433361,0.276264
8cc6b01c-2051-41ab-858e-194a50e8d4f3,d17244fd-0b3d-4607-90cb-8c7a1de3ce43,2014,1785910176371638424,1785910176576888424,205,true,0.599033,0.305006
8cc6b01c-2051-41ab-858e-194a50e8d4f3,d17244fd-0b3d-4607-90cb-8c7a1de3ce43,2015,1785910176757013424,1785910177122388424,365,true,0.605459,0.287191
8cc6b01c-2051-41ab-858e-194a50e8d4f3,d17244fd-0b3d-4607-90cb-8c7a1de3ce43,2016,1785910177167388424,1785910177467638424,300,true,0.517476,0.060416
8cc6b01c-2051-41ab-858e-194a50e8d4f3,d17244fd-0b3d-4607-90cb-8c7a1de3ce43,2017,1785910177492638424,1785910177677888424,185,false,0.534476,-0.010759
8cc6b01c-2051-41ab-858e-194a50e8d4f3,d17244fd-0b3d-4607-90cb-8c7a1de3ce43,2018,1785910177717888424,1785910178038263424,320,true,0.51907,0.103683
8cc6b01c-2051-41ab-858e-194a50e8d4f3,d17244fd-0b3d-4607-90cb-8c7a1de3ce43,2019,1785910178238387424,1785910178849012424,610,true,0.519589,0.033001
8cc6b01c-2051-41ab-858e-194a50e8d4f3,d17244fd-0b3d-4607-90cb-8c7a1de3ce43,2020,1785910178894012424,1785910179144262424,250,true,0.530194,0.382436
8cc6b01c-2051-41ab-858e-194a50e8d4f3,d17244fd-0b3d-4607-90cb-8c7a1de3ce43,2021,1785910179194262424,1785910179659762424,465,true,0.443912,0.712537
8cc6b01c-2051-41ab-858e-194a50e8d4f3,d17244fd-0b3d-4607-90cb-8c7a1de3ce43,2022,1785910179689762424,1785910179829896424,140,true,0.35725,0.656981
8cc6b01c-2051-41ab-858e-194a50e8d4f3,d17244fd-0b3d-4607-90cb-8c7a1de3ce43,2023,1785910179869887424,1785910179975017424,105,true,0.488885,0.564485
8cc6b01c-2051-41ab-858e-194a50e8d4f3,d17244fd-0b3d-4607-90cb-8c7a1de3ce43,2024,1785910180010012424,1785910180185262424,175,true,0.516198,0.202955
8cc6b01c-2051-41ab-858e-194a50e8d4f3,d17244fd-0b3d-4607-90cb-8c7a1de3ce43,2025,1785910180220263424,1785910180375392424,155,true,0.515735,0.47473
8cc6b01c-2051-41ab-858e-194a50e8d4f3,d17244fd-0b3d-4607-90cb-8c7a1de3ce43,2026,1785910180410387424,1785910180920887424,510,true,0.661281,0.575042
8cc6b01c-2051-41ab-858e-194a50e8d4f3,d17244fd-0b3d-4607-90cb-8c7a1de3ce43,2027,1785910181246262424,1785910181376387424,130,true,0.381799,0.572603
8cc6b01c-2051-41ab-858e-194a50e8d4f3,d17244fd-0b3d-4607-90cb-8c7a1de3ce43,2028,1785910181411387424,1785910181536515424,125,true,0.495977,0.404454
8cc6b01c-2051-41ab-858e-194a50e8d4f3,d17244fd-0b3d-4607-90cb-8c7a1de3ce43,2029,1785910181736637424,1785910182362262424,625,true,0.503255,0.507805
8cc6b01c-2051-41ab-858e-194a50e8d4f3,d17244fd-0b3d-4607-90cb-8c7a1de3ce43,2030,1785910182392262424,1785910182922762424,530,true,0.512892,0.494447
8cc6b01c-2051-41ab-858e-194a50e8d4f3,d17244fd-0b3d-4607-90cb-8c7a1de3ce43,2031,1785910183248137424,1785910183368262424,120,true,0.562654,0.330605
8cc6b01c-2051-41ab-858e-194a50e8d4f3,d17244fd-0b3d-4607-90cb-8c7a1de3ce43,2032,1785910183403262424,1785910183763637424,360,true,0.482692,0.335948
8cc6b01c-2051-41ab-858e-194a50e8d4f3,d17244fd-0b3d-4607-90cb-8c7a1de3ce43,2033,1785910183798637424,1785910184058887424,260,true,0.474603,0.572424
8cc6b01c-2051-41ab-858e-194a50e8d4f3,d17244fd-0b3d-4607-90cb-8c7a1de3ce43,2034,1785910184093887424,1785910184204012424,110,true,0.565708,0.533708
8cc6b01c-2051-41ab-858e-194a50e8d4f3,d17244fd-0b3d-4607-90cb-8c7a1de3ce43,2035,1785910184404137424,1785910184489262424,85,true,0.556837,0.453969
8cc6b01c-2051-41ab-858e-194a50e8d4f3,d17244fd-0b3d-4607-90cb-8c7a1de3ce43,2036,1785910184514271424,1785910184684387424,170,true,0.630004,0.583217
8cc6b01c-2051-41ab-858e-194a50e8d4f3,d17244fd-0b3d-4607-90cb-8c7a1de3ce43,2037,1785910184719512424,1785910184924637424,205,true,0.442309,0.59155
8cc6b01c-2051-41ab-858e-194a50e8d4f3,d17244fd-0b3d-4607-90cb-8c7a1de3ce43,2038,1785910184954637424,1785910185094891424,140,true,0.481711,0.604008
8cc6b01c-2051-41ab-858e-194a50e8d4f3,d17244fd-0b3d-4607-90cb-8c7a1de3ce43,2039,1785910185134887424,1785910185325012424,190,true,0.385698,0.653623
8cc6b01c-2051-41ab-858e-194a50e8d4f3,d17244fd-0b3d-4607-90cb-8c7a1de3ce43,2040,1785910185435137424,1785910185665387424,230,true,0.619356,0.401953
8cc6b01c-2051-41ab-858e-194a50e8d4f3,d17244fd-0b3d-4607-90cb-8c7a1de3ce43,2041,1785910185710387424,1785910186030641424,320,true,0.547066,0.561943
8cc6b01c-2051-41ab-858e-194a50e8d4f3,d17244fd-0b3d-4607-90cb-8c7a1de3ce43,2042,1785910186260886424,1785910186366012424,105,true,0.611785,0.423013
8cc6b01c-2051-41ab-858e-194a50e8d4f3,d17244fd-0b3d-4607-90cb-8c7a1de3ce43,2043,1785910186401011424,1785910186561266424,160,true,0.575941,0.552554
8cc6b01c-2051-41ab-858e-194a50e8d4f3,d17244fd-0b3d-4607-90cb-8c7a1de3ce43,2044,1785910186596262424,1785910186911511424,315,true,0.541569,0.554864
8cc6b01c-2051-41ab-858e-194a50e8d4f3,d17244fd-0b3d-4607-90cb-8c7a1de3ce43,2045,1785910186946518424,1785910187351886424,405,true,0.618016,0.566
8cc6b01c-2051-41ab-858e-194a50e8d4f3,d17244fd-0b3d-4607-90cb-8c7a1de3ce43,2046,1785910187587150424,1785910187802386424,215,true,0.555507,0.411681
8cc6b01c-2051-41ab-858e-194a50e8d4f3,d17244fd-0b3d-4607-90cb-8c7a1de3ce43,2047,1785910187842391424,1785910189338761424,1496,true,0.554141,0.102631
8cc6b01c-2051-41ab-858e-194a50e8d4f3,d17244fd-0b3d-4607-90cb-8c7a1de3ce43,2048,1785910189584011424,1785910190054514424,470,true,0.496414,0.505354
8cc6b01c-2051-41ab-858e-194a50e8d4f3,d17244fd-0b3d-4607-90cb-8c7a1de3ce43,2049,1785910190089511424,1785910190219636424,130,true,0.497696,0.392514
8cc6b01c-2051-41ab-858e-194a50e8d4f3,d17244fd-0b3d-4607-90cb-8c7a1de3ce43,2050,1785910190259636424,1785910190474886424,215,true,0.316806,0.726113
8cc6b01c-2051-41ab-858e-194a50e8d4f3,d17244fd-0b3d-4607-90cb-8c7a1de3ce43,2051,1785910190509886424,1785910190745136424,235,true,0.454183,0.758192
8cc6b01c-2051-41ab-858e-194a50e8d4f3,d17244fd-0b3d-4607-90cb-8c7a1de3ce43,2052,1785910190785141424,1785910190920261424,135,true,0.505829,0.506997
8cc6b01c-2051-41ab-858e-194a50e8d4f3,d17244fd-0b3d-4607-90cb-8c7a1de3ce43,2053,1785910190940267424,1785910191155511424,215,true,0.517295,0.393696
8cc6b01c-2051-41ab-858e-194a50e8d4f3,d17244fd-0b3d-4607-90cb-8c7a1de3ce43,2054,1785910191185511424,1785910191375761424,190,true,0.51559,0.483276
8cc6b01c-2051-41ab-858e-194a50e8d4f3,d17244fd-0b3d-4607-90cb-8c7a1de3ce43,2055,1785910191405761424,1785910191550888424,145,true,0.631945,0.557121
8cc6b01c-2051-41ab-858e-194a50e8d4f3,d17244fd-0b3d-4607-90cb-8c7a1de3ce43,2056,1785910191580886424,1785910192086391424,505,true,0.508401,0.542035
8cc6b01c-2051-41ab-858e-194a50e8d4f3,d17244fd-0b3d-4607-90cb-8c7a1de3ce43,2057,1785910192311636424,1785910192586886424,275,true,0.628712,0.520036
8cc6b01c-2051-41ab-858e-194a50e8d4f3,d17244fd-0b3d-4607-90cb-8c7a1de3ce43,2058,1785910192626886424,1785910192792011424,165,true,0.461379,0.440526
8cc6b01c-2051-41ab-858e-194a50e8d4f3,d17244fd-0b3d-4607-90cb-8c7a1de3ce43,2060,1785910193257511424,1785910193302511424,45,true,0.475625,0.475601
8cc6b01c-2051-41ab-858e-194a50e8d4f3,d17244fd-0b3d-4607-90cb-8c7a1de3ce43,2062,1785910193953135424,1785910193958135424,5,true,0.471775,0.653185
8cc6b01c-2051-41ab-858e-194a50e8d4f3,d17244fd-0b3d-4607-90cb-8c7a1de3ce43,2065,1785910194979151424,1785910195074135424,94,true,0.479023,0.668486
8cc6b01c-2051-41ab-858e-194a50e8d4f3,d17244fd-0b3d-4607-90cb-8c7a1de3ce43,2066,1785910195354398424,1785910195369510424,15,true,0.57226,0.318916
8cc6b01c-2051-41ab-858e-194a50e8d4f3,d17244fd-0b3d-4607-90cb-8c7a1de3ce43,2069,1785910196240265424,1785910196330385424,90,true,0.486492,0.296821
8cc6b01c-2051-41ab-858e-194a50e8d4f3,d17244fd-0b3d-4607-90cb-8c7a1de3ce43,2070,1785910196425385424,1785910196630635424,205,true,0.388247,0.255884
8cc6b01c-2051-41ab-858e-194a50e8d4f3,d17244fd-0b3d-4607-90cb-8c7a1de3ce43,2071,1785910196675635424,1785910196770770424,95,true,0.588308,0.256463
8cc6b01c-2051-41ab-858e-194a50e8d4f3,d17244fd-0b3d-4607-90cb-8c7a1de3ce43,2072,1785910196810760424,1785910197266269424,455,false,0.526955,-0.052245
8cc6b01c-2051-41ab-858e-194a50e8d4f3,d17244fd-0b3d-4607-90cb-8c7a1de3ce43,2073,1785910197306260424,1785910197586510424,280,true,0.507195,0.186079
8cc6b01c-2051-41ab-858e-194a50e8d4f3,d17244fd-0b3d-4607-90cb-8c7a1de3ce43,2074,1785910197636635424,1785910197721638424,85,true,0.513742,0.138205
8cc6b01c-2051-41ab-858e-194a50e8d4f3,d17244fd-0b3d-4607-90cb-8c7a1de3ce43,2075,1785910197936899424,1785910198242135424,305,true,0.510064,0.165041
8cc6b01c-2051-41ab-858e-194a50e8d4f3,d17244fd-0b3d-4607-90cb-8c7a1de3ce43,2076,1785910198282135424,1785910198607510424,325,true,0.489765,0.470885
8cc6b01c-2051-41ab-858e-194a50e8d4f3,d17244fd-0b3d-4607-90cb-8c7a1de3ce43,2077,1785910198657510424,1785910198752635424,95,true,0.311895,0.63706
8cc6b01c-2051-41ab-858e-194a50e8d4f3,d17244fd-0b3d-4607-90cb-8c7a1de3ce43,2078,1785910198897760424,1785910199032885424,135,true,0.530218,0.606386
8cc6b01c-2051-41ab-858e-194a50e8d4f3,d17244fd-0b3d-4607-90cb-8c7a1de3ce43,2079,1785910199123010424,1785910199223010424,100,true,0.539923,0.415612
8cc6b01c-2051-41ab-858e-194a50e8d4f3,d17244fd-0b3d-4607-90cb-8c7a1de3ce43,2080,1785910199263135424,1785910199598394424,335,true,0.648842,0.585739
8cc6b01c-2051-41ab-858e-194a50e8d4f3,d17244fd-0b3d-4607-90cb-8c7a1de3ce43,2081,1785910199648514424,1785910199778638424,130,true,0.440743,0.803199
8cc6b01c-2051-41ab-858e-194a50e8d4f3,d17244fd-0b3d-4607-90cb-8c7a1de3ce43,2083,1785910200229010424,1785910200244012424,15,true,0.422629,0.519077
8cc6b01c-2051-41ab-858e-194a50e8d4f3,d17244fd-0b3d-4607-90cb-8c7a1de3ce43,2084,1785910200709516424,1785910200779514424,69,true,0.657482,0.607539
8cc6b01c-2051-41ab-858e-194a50e8d4f3,d17244fd-0b3d-4607-90cb-8c7a1de3ce43,2085,1785910200814510424,1785910201315010424,500,true,0.54018,0.578993
8cc6b01c-2051-41ab-858e-194a50e8d4f3,d17244fd-0b3d-4607-90cb-8c7a1de3ce43,2086,1785910201590259424,1785910201780510424,190,true,0.707874,0.533576
8cc6b01c-2051-41ab-858e-194a50e8d4f3,d17244fd-0b3d-4607-90cb-8c7a1de3ce43,2087,1785910201870521424,1785910202386009424,515,true,0.315217,0.67801
8cc6b01c-2051-41ab-858e-194a50e8d4f3,d17244fd-0b3d-4607-90cb-8c7a1de3ce43,2088,1785910202431135424,1785910202556134424,124,true,0.535066,0.505648
8cc6b01c-2051-41ab-858e-194a50e8d4f3,d17244fd-0b3d-4607-90cb-8c7a1de3ce43,2089,1785910202601259424,1785910202736384424,135,true,0.34729,0.48911
8cc6b01c-2051-41ab-858e-194a50e8d4f3,d17244fd-0b3d-4607-90cb-8c7a1de3ce43,2090,1785910202786384424,1785910203161759424,375,true,0.578826,0.341672
8cc6b01c-2051-41ab-858e-194a50e8d4f3,d17244fd-0b3d-4607-90cb-8c7a1de3ce43,2091,1785910203206759424,1785910203647259424,440,true,0.365407,0.51379
8cc6b01c-2051-41ab-858e-194a50e8d4f3,d17244fd-0b3d-4607-90cb-8c7a1de3ce43,2092,1785910203867384424,1785910204342884424,475,true,0.387423,0.492399
8cc6b01c-2051-41ab-858e-194a50e8d4f3,d17244fd-0b3d-4607-90cb-8c7a1de3ce43,2093,1785910204382884424,1785910204573134424,190,true,0.601162,0.436382
8cc6b01c-2051-41ab-858e-194a50e8d4f3,d17244fd-0b3d-4607-90cb-8c7a1de3ce43,2094,1785910204603134424,1785910204783259424,180,true,0.632799,0.53569
8cc6b01c-2051-41ab-858e-194a50e8d4f3,d17244fd-0b3d-4607-90cb-8c7a1de3ce43,2095,1785910204828384424,1785910204943384424,115,true,0.388204,0.516508
8cc6b01c-2051-41ab-858e-194a50e8d4f3,d17244fd-0b3d-4607-90cb-8c7a1de3ce43,2096,1785910205178634424,1785910205228763424,50,true,0.545988,0.553681
8cc6b01c-2051-41ab-858e-194a50e8d4f3,d17244fd-0b3d-4607-90cb-8c7a1de3ce43,2097,1785910205263759424,1785910205418884424,155,true,0.612791,0.494389
8cc6b01c-2051-41ab-858e-194a50e8d4f3,d17244fd-0b3d-4607-90cb-8c7a1de3ce43,2098,1785910205458888424,1785910205819259424,360,true,0.404655,0.46831
8cc6b01c-2051-41ab-858e-194a50e8d4f3,d17244fd-0b3d-4607-90cb-8c7a1de3ce43,2099,1785910205879259424,1785910205954384424,75,true,0.641611,0.379611
8cc6b01c-2051-41ab-858e-194a50e8d4f3,d17244fd-0b3d-4607-90cb-8c7a1de3ce43,2100,1785910206144509424,1785910206484884424,340,true,0.594707,0.067189
8cc6b01c-2051-41ab-858e-194a50e8d4f3,d17244fd-0b3d-4607-90cb-8c7a1de3ce43,2101,1785910206575009424,1785910207095509424,520,true,0.513737,0.081787
8cc6b01c-2051-41ab-858e-194a50e8d4f3,d17244fd-0b3d-4607-90cb-8c7a1de3ce43,2102,1785910207330634424,1785910207661015424,330,true,0.502783,0.386096
8cc6b01c-2051-41ab-858e-194a50e8d4f3,d17244fd-0b3d-4607-90cb-8c7a1de3ce43,2103,1785910207701009424,1785910207921259424,220,true,0.36326,0.660872
8cc6b01c-2051-41ab-858e-194a50e8d4f3,d17244fd-0b3d-4607-90cb-8c7a1de3ce43,2104,1785910207951259424,1785910208111384424,160,true,0.445208,0.694154
8cc6b01c-2051-41ab-858e-194a50e8d4f3,d17244fd-0b3d-4607-90cb-8c7a1de3ce43,2105,1785910208146384424,1785910208256509424,110,true,0.645312,0.624067
8cc6b01c-2051-41ab-858e-194a50e8d4f3,d17244fd-0b3d-4607-90cb-8c7a1de3ce43,2106,1785910208301634424,1785910208496763424,195,true,0.30139,0.701779
8cc6b01c-2051-41ab-858e-194a50e8d4f3,d17244fd-0b3d-4607-90cb-8c7a1de3ce43,2107,1785910208546759424,1785910208747009424,200,true,0.682286,0.640936
8cc6b01c-2051-41ab-858e-194a50e8d4f3,d17244fd-0b3d-4607-90cb-8c7a1de3ce43,2108,1785910208787009424,1785910208957134424,170,true,0.320312,0.727379
8cc6b01c-2051-41ab-858e-194a50e8d4f3,d17244fd-0b3d-4607-90cb-8c7a1de3ce43,2109,1785910208997259424,1785910209137384424,140,true,0.5045,0.55521
8cc6b01c-2051-41ab-858e-194a50e8d4f3,d17244fd-0b3d-4607-90cb-8c7a1de3ce43,2110,1785910209227388424,1785910209372634424,145,true,0.639817,0.574925
8cc6b01c-2051-41ab-858e-194a50e8d4f3,d17244fd-0b3d-4607-90cb-8c7a1de3ce43,2111,1785910209407634424,1785910209833008424,425,true,0.514808,0.543775
8cc6b01c-2051-41ab-858e-194a50e8d4f3,d17244fd-0b3d-4607-90cb-8c7a1de3ce43,2113,1785910210298508424,1785910210698883424,400,true,0.509718,0.395692
8cc6b01c-2051-41ab-858e-194a50e8d4f3,d17244fd-0b3d-4607-90cb-8c7a1de3ce43,2114,1785910210733888424,1785910210944008424,210,true,0.537334,0.202291
8cc6b01c-2051-41ab-858e-194a50e8d4f3,d17244fd-0b3d-4607-90cb-8c7a1de3ce43,2115,1785910210979133424,1785910211099258424,120,true,0.465424,0.403494
8cc6b01c-2051-41ab-858e-194a50e8d4f3,d17244fd-0b3d-4607-90cb-8c7a1de3ce43,2116,1785910211134258424,1785910211249383424,115,true,0.626575,0.494139
8cc6b01c-2051-41ab-858e-194a50e8d4f3,d17244fd-0b3d-4607-90cb-8c7a1de3ce43,2117,1785910211474508424,1785910211649758424,175,true,0.467677,0.646421
8cc6b01c-2051-41ab-858e-194a50e8d4f3,d17244fd-0b3d-4607-90cb-8c7a1de3ce43,2118,1785910212070133424,1785910212205258424,135,true,0.604321,0.267623
8cc6b01c-2051-41ab-858e-194a50e8d4f3,d17244fd-0b3d-4607-90cb-8c7a1de3ce43,2119,1785910212250258424,1785910212400383424,150,true,0.367121,0.31682
8cc6b01c-2051-41ab-858e-194a50e8d4f3,d17244fd-0b3d-4607-90cb-8c7a1de3ce43,2120,1785910212435514424,1785910212800758424,365,true,0.622491,0.328759
8cc6b01c-2051-41ab-858e-194a50e8d4f3,d17244fd-0b3d-4607-90cb-8c7a1de3ce43,2121,1785910212835883424,1785910213011008424,175,true,0.556661,0.471406
8cc6b01c-2051-41ab-858e-194a50e8d4f3,d17244fd-0b3d-4607-90cb-8c7a1de3ce43,2122,1785910213211133424,1785910213326258424,115,true,0.4583,0.171211
8cc6b01c-2051-41ab-858e-194a50e8d4f3,d17244fd-0b3d-4607-90cb-8c7a1de3ce43,2123,1785910213381387424,1785910213506515424,125,true,0.370301,0.374819
8cc6b01c-2051-41ab-858e-194a50e8d4f3,d17244fd-0b3d-4607-90cb-8c7a1de3ce43,2128,1785910216214008424,1785910216549258424,335,true,0.478482,0.081337
8cc6b01c-2051-41ab-858e-194a50e8d4f3,d17244fd-0b3d-4607-90cb-8c7a1de3ce43,2129,1785910216599383424,1785910216714508424,115,true,0.404011,0.613598
8cc6b01c-2051-41ab-858e-194a50e8d4f3,d17244fd-0b3d-4607-90cb-8c7a1de3ce43,2130,1785910216749508424,1785910216919633424,170,true,0.337804,0.660887
8cc6b01c-2051-41ab-858e-194a50e8d4f3,d17244fd-0b3d-4607-90cb-8c7a1de3ce43,2133,1785910217280014424,1785910217500258424,220,true,0.519671,0.405213
8cc6b01c-2051-41ab-858e-194a50e8d4f3,d17244fd-0b3d-4607-90cb-8c7a1de3ce43,2134,1785910217535259424,1785910218421007424,885,true,0.550909,0.610994
8cc6b01c-2051-41ab-858e-194a50e8d4f3,d17244fd-0b3d-4607-90cb-8c7a1de3ce43,2135,1785910218791382424,1785910219006632424,215,true,0.51183,0.364469
8cc6b01c-2051-41ab-858e-194a50e8d4f3,d17244fd-0b3d-4607-90cb-8c7a1de3ce43,2136,1785910219041632424,1785910219276889424,235,true,0.533956,0.538794
8cc6b01c-2051-41ab-858e-194a50e8d4f3,d17244fd-0b3d-4607-90cb-8c7a1de3ce43,2137,1785910219311882424,1785910219472007424,160,true,0.492924,0.374234
8cc6b01c-2051-41ab-858e-194a50e8d4f3,d17244fd-0b3d-4607-90cb-8c7a1de3ce43,2138,1785910219502132424,1785910219712274424,210,true,0.600926,0.429116
8cc6b01c-2051-41ab-858e-194a50e8d4f3,d17244fd-0b3d-4607-90cb-8c7a1de3ce43,2139,1785910219752262424,1785910220177757424,425,true,0.402398,0.607064
8cc6b01c-2051-41ab-858e-194a50e8d4f3,d17244fd-0b3d-4607-90cb-8c7a1de3ce43,2140,1785910220402887424,1785910220753257424,350,true,0.593226,0.288772
8cc6b01c-2051-41ab-858e-194a50e8d4f3,d17244fd-0b3d-4607-90cb-8c7a1de3ce43,2141,1785910220793257424,1785910220973507424,180,true,0.436387,0.326001
8cc6b01c-2051-41ab-858e-194a50e8d4f3,d17244fd-0b3d-4607-90cb-8c7a1de3ce43,2142,1785910220998507424,1785910221168632424,170,true,0.384266,0.3543
8cc6b01c-2051-41ab-858e-194a50e8d4f3,d17244fd-0b3d-4607-90cb-8c7a1de3ce43,2143,1785910221258761424,1785910221559012424,300,false,1.123763,0.157149
8cc6b01c-2051-41ab-858e-194a50e8d4f3,d17244fd-0b3d-4607-90cb-8c7a1de3ce43,2144,1785910221639133424,1785910221864257424,225,true,0.522756,0.503482
8cc6b01c-2051-41ab-858e-194a50e8d4f3,d17244fd-0b3d-4607-90cb-8c7a1de3ce43,2145,1785910221889382424,1785910222034507424,145,true,0.582562,0.500151
8cc6b01c-2051-41ab-858e-194a50e8d4f3,d17244fd-0b3d-4607-90cb-8c7a1de3ce43,2146,1785910222074507424,1785910222484882424,410,true,0.506697,0.652726
8cc6b01c-2051-41ab-858e-194a50e8d4f3,d17244fd-0b3d-4607-90cb-8c7a1de3ce43,2147,1785910222519886424,1785910222680007424,160,true,0.601837,0.602245
8cc6b01c-2051-41ab-858e-194a50e8d4f3,d17244fd-0b3d-4607-90cb-8c7a1de3ce43,2148,1785910222890257424,1785910223040382424,150,true,0.552159,0.684463
8cc6b01c-2051-41ab-858e-194a50e8d4f3,d17244fd-0b3d-4607-90cb-8c7a1de3ce43,2149,1785910223215513424,1785910223405757424,190,true,0.697574,-0.022289
8cc6b01c-2051-41ab-858e-194a50e8d4f3,d17244fd-0b3d-4607-90cb-8c7a1de3ce43,2150,1785910223455757424,1785910223676007424,220,true,0.513482,0.011123
8cc6b01c-2051-41ab-858e-194a50e8d4f3,d17244fd-0b3d-4607-90cb-8c7a1de3ce43,2151,1785910223706007424,1785910224106382424,400,true,0.556554,0.074683
8cc6b01c-2051-41ab-858e-194a50e8d4f3,d17244fd-0b3d-4607-90cb-8c7a1de3ce43,2152,1785910224146382424,1785910224671882424,525,true,0.492414,0.026433
8cc6b01c-2051-41ab-858e-194a50e8d4f3,d17244fd-0b3d-4607-90cb-8c7a1de3ce43,2153,1785910224722007424,1785910225037257424,315,true,0.475119,0.530671
8cc6b01c-2051-41ab-858e-194a50e8d4f3,d17244fd-0b3d-4607-90cb-8c7a1de3ce43,2154,1785910225077258424,1785910225197382424,120,true,0.480607,0.39407
8cc6b01c-2051-41ab-858e-194a50e8d4f3,d17244fd-0b3d-4607-90cb-8c7a1de3ce43,2155,1785910225242507424,1785910225402632424,160,true,0.501947,0.878884
8cc6b01c-2051-41ab-858e-194a50e8d4f3,d17244fd-0b3d-4607-90cb-8c7a1de3ce43,2156,1785910225427632424,1785910225592756424,165,true,0.494457,0.688751
8cc6b01c-2051-41ab-858e-194a50e8d4f3,d17244fd-0b3d-4607-90cb-8c7a1de3ce43,2157,1785910225617757424,1785910226293506424,675,true,0.42165,0.670349
8cc6b01c-2051-41ab-858e-194a50e8d4f3,d17244fd-0b3d-4607-90cb-8c7a1de3ce43,2158,1785910226323507424,1785910226523631424,200,true,0.481112,0.544212
8cc6b01c-2051-41ab-858e-194a50e8d4f3,d17244fd-0b3d-4607-90cb-8c7a1de3ce43,2159,1785910226813891424,1785910227049131424,235,true,0.468767,0.501495
8cc6b01c-2051-41ab-858e-194a50e8d4f3,d17244fd-0b3d-4607-90cb-8c7a1de3ce43,2160,1785910227074131424,1785910227614637424,540,true,0.477833,0.564635
8cc6b01c-2051-41ab-858e-194a50e8d4f3,d17244fd-0b3d-4607-90cb-8c7a1de3ce43,2161,1785910227639756424,1785910227854889424,215,true,0.603958,0.456987
8cc6b01c-2051-41ab-858e-194a50e8d4f3,d17244fd-0b3d-4607-90cb-8c7a1de3ce43,2162,1785910228180256424,1785910228400381424,220,true,0.58883,0.273226
8cc6b01c-2051-41ab-858e-194a50e8d4f3,d17244fd-0b3d-4607-90cb-8c7a1de3ce43,2163,1785910228440506424,1785910228670631424,230,true,0.405875,0.340015
8cc6b01c-2051-41ab-858e-194a50e8d4f3,d17244fd-0b3d-4607-90cb-8c7a1de3ce43,2164,1785910228715756424,1785910228956006424,240,true,0.614604,0.338546
8cc6b01c-2051-41ab-858e-194a50e8d4f3,d17244fd-0b3d-4607-90cb-8c7a1de3ce43,2165,1785910229181143424,1785910229761756424,580,true,0.611479,0.285111
8cc6b01c-2051-41ab-858e-194a50e8d4f3,d17244fd-0b3d-4607-90cb-8c7a1de3ce43,2166,1785910229801758424,1785910229966885424,165,true,0.526619,0.498979
8cc6b01c-2051-41ab-858e-194a50e8d4f3,d17244fd-0b3d-4607-90cb-8c7a1de3ce43,2167,1785910230001881424,1785910230227131424,225,true,0.598342,0.466376
8cc6b01c-2051-41ab-858e-194a50e8d4f3,d17244fd-0b3d-4607-90cb-8c7a1de3ce43,2168,1785910230262131424,1785910230607506424,345,true,0.626278,0.33196
8cc6b01c-2051-41ab-858e-194a50e8d4f3,d17244fd-0b3d-4607-90cb-8c7a1de3ce43,2169,1785910230637506424,1785910230737631424,100,true,0.567384,0.326589
8cc6b01c-2051-41ab-858e-194a50e8d4f3,d17244fd-0b3d-4607-90cb-8c7a1de3ce43,2170,1785910230972881424,1785910231143008424,170,true,0.617257,0.363959
8cc6b01c-2051-41ab-858e-194a50e8d4f3,d17244fd-0b3d-4607-90cb-8c7a1de3ce43,2171,1785910231183006424,1785910231663506424,480,true,0.550756,0.07704
8cc6b01c-2051-41ab-858e-194a50e8d4f3,d17244fd-0b3d-4607-90cb-8c7a1de3ce43,2172,1785910231683506424,1785910232164006424,480,true,0.478198,0.080281
8cc6b01c-2051-41ab-858e-194a50e8d4f3,d17244fd-0b3d-4607-90cb-8c7a1de3ce43,2173,1785910232189006424,1785910232549256424,360,true,0.54549,0.10027
8cc6b01c-2051-41ab-858e-194a50e8d4f3,d17244fd-0b3d-4607-90cb-8c7a1de3ce43,2174,1785910232564381424,1785910232929631424,365,true,0.498445,0.075271
8cc6b01c-2051-41ab-858e-194a50e8d4f3,d17244fd-0b3d-4607-90cb-8c7a1de3ce43,2175,1785910232984756424,1785910233300012424,315,true,0.507933,0.466095
8cc6b01c-2051-41ab-858e-194a50e8d4f3,d17244fd-0b3d-4607-90cb-8c7a1de3ce43,2176,1785910233330013424,1785910233580255424,250,true,0.335249,0.596435
8cc6b01c-2051-41ab-858e-194a50e8d4f3,d17244fd-0b3d-4607-90cb-8c7a1de3ce43,2177,1785910233625387424,1785910233990631424,365,true,0.612175,0.629416
8cc6b01c-2051-41ab-858e-194a50e8d4f3,d17244fd-0b3d-4607-90cb-8c7a1de3ce43,2178,1785910234035755424,1785910234245881424,210,true,0.496283,0.796354
8cc6b01c-2051-41ab-858e-194a50e8d4f3,d17244fd-0b3d-4607-90cb-8c7a1de3ce43,2179,1785910234265881424,1785910234666258424,400,true,0.480166,0.623485
8cc6b01c-2051-41ab-858e-194a50e8d4f3,d17244fd-0b3d-4607-90cb-8c7a1de3ce43,2180,1785910235111755424,1785910235206755424,95,true,0.630582,0.451594
8cc6b01c-2051-41ab-858e-194a50e8d4f3,d17244fd-0b3d-4607-90cb-8c7a1de3ce43,2181,1785910235246880424,1785910235662256424,415,true,0.491168,0.375017
8cc6b01c-2051-41ab-858e-194a50e8d4f3,d17244fd-0b3d-4607-90cb-8c7a1de3ce43,2182,1785910235712255424,1785910235942505424,230,true,0.60763,0.610571
8cc6b01c-2051-41ab-858e-194a50e8d4f3,d17244fd-0b3d-4607-90cb-8c7a1de3ce43,2183,1785910235977511424,1785910236082630424,105,true,0.54735,0.518823
8cc6b01c-2051-41ab-858e-194a50e8d4f3,d17244fd-0b3d-4607-90cb-8c7a1de3ce43,2184,1785910236307880424,1785910236438005424,130,true,0.583505,0.268621
8cc6b01c-2051-41ab-858e-194a50e8d4f3,d17244fd-0b3d-4607-90cb-8c7a1de3ce43,2185,1785910236483019424,1785910236648130424,165,true,0.432331,0.581228
8cc6b01c-2051-41ab-858e-194a50e8d4f3,d17244fd-0b3d-4607-90cb-8c7a1de3ce43,2186,1785910236683130424,1785910236783255424,100,true,0.54051,0.634294
8cc6b01c-2051-41ab-858e-194a50e8d4f3,d17244fd-0b3d-4607-90cb-8c7a1de3ce43,2187,1785910236823380424,1785910236983505424,160,true,0.367759,0.56857
8cc6b01c-2051-41ab-858e-194a50e8d4f3,d17244fd-0b3d-4607-90cb-8c7a1de3ce43,2188,1785910237018505424,1785910237293755424,275,true,0.481272,0.601823
8cc6b01c-2051-41ab-858e-194a50e8d4f3,d17244fd-0b3d-4607-90cb-8c7a1de3ce43,2189,1785910237323755424,1785910237509005424,185,true,0.471262,0.661342
8cc6b01c-2051-41ab-858e-194a50e8d4f3,d17244fd-0b3d-4607-90cb-8c7a1de3ce43,2190,1785910237534005424,1785910237724130424,190,true,0.501048,0.671671
8cc6b01c-2051-41ab-858e-194a50e8d4f3,d17244fd-0b3d-4607-90cb-8c7a1de3ce43,2191,1785910237744130424,1785910237839255424,95,true,0.474997,0.608817
8cc6b01c-2051-41ab-858e-194a50e8d4f3,d17244fd-0b3d-4607-90cb-8c7a1de3ce43,2192,1785910238039505424,1785910238299755424,260,true,0.59256,0.438535
8cc6b01c-2051-41ab-858e-194a50e8d4f3,d17244fd-0b3d-4607-90cb-8c7a1de3ce43,2193,1785910238364755424,1785910238464880424,100,true,0.137369,0.381883
8cc6b01c-2051-41ab-858e-194a50e8d4f3,d17244fd-0b3d-4607-90cb-8c7a1de3ce43,2194,1785910238524888424,1785910238780130424,255,true,0.63936,0.399027
8cc6b01c-2051-41ab-858e-194a50e8d4f3,d17244fd-0b3d-4607-90cb-8c7a1de3ce43,2195,1785910238815130424,1785910239085380424,270,true,0.546325,0.51385
8cc6b01c-2051-41ab-858e-194a50e8d4f3,d17244fd-0b3d-4607-90cb-8c7a1de3ce43,2196,1785910239110505424,1785910239771130424,660,true,0.606798,0.43171
8cc6b01c-2051-41ab-858e-194a50e8d4f3,d17244fd-0b3d-4607-90cb-8c7a1de3ce43,2197,1785910239811130424,1785910240091380424,280,true,0.456794,0.210322
8cc6b01c-2051-41ab-858e-194a50e8d4f3,d17244fd-0b3d-4607-90cb-8c7a1de3ce43,2198,1785910240126391424,1785910240426768424,300,true,0.556684,0.135473
8cc6b01c-2051-41ab-858e-194a50e8d4f3,d17244fd-0b3d-4607-90cb-8c7a1de3ce43,2199,1785910240446760424,1785910240962255424,515,true,0.469391,0.120811
8cc6b01c-2051-41ab-858e-194a50e8d4f3,d17244fd-0b3d-4607-90cb-8c7a1de3ce43,2200,1785910241102389424,1785910241217380424,114,true,0.506927,0.068072
8cc6b01c-2051-41ab-858e-194a50e8d4f3,d17244fd-0b3d-4607-90cb-8c7a1de3ce43,2201,1785910241477643424,1785910241667880424,190,true,0.466765,0.3567
8cc6b01c-2051-41ab-858e-194a50e8d4f3,d17244fd-0b3d-4607-90cb-8c7a1de3ce43,2202,1785910241697882424,1785910241938129424,240,true,0.529769,0.437226
8cc6b01c-2051-41ab-858e-194a50e8d4f3,d17244fd-0b3d-4607-90cb-8c7a1de3ce43,2203,1785910241953130424,1785910242113255424,160,true,0.46613,0.438012
8cc6b01c-2051-41ab-858e-194a50e8d4f3,d17244fd-0b3d-4607-90cb-8c7a1de3ce43,2204,1785910242143267424,1785910242333505424,190,true,0.394424,0.570892
8cc6b01c-2051-41ab-858e-194a50e8d4f3,d17244fd-0b3d-4607-90cb-8c7a1de3ce43,2205,1785910242358512424,1785910242478630424,120,true,0.461864,0.580856
8cc6b01c-2051-41ab-858e-194a50e8d4f3,d17244fd-0b3d-4607-90cb-8c7a1de3ce43,2206,1785910242518629424,1785910242718880424,200,true,0.600954,0.584659
8cc6b01c-2051-41ab-858e-194a50e8d4f3,d17244fd-0b3d-4607-90cb-8c7a1de3ce43,2207,1785910242753879424,1785910242924004424,170,true,0.49193,0.72988
8cc6b01c-2051-41ab-858e-194a50e8d4f3,d17244fd-0b3d-4607-90cb-8c7a1de3ce43,2208,1785910242949015424,1785910243449504424,500,true,0.477467,0.634166
8cc6b01c-2051-41ab-858e-194a50e8d4f3,d17244fd-0b3d-4607-90cb-8c7a1de3ce43,2209,1785910243664765424,1785910243874895424,210,true,0.48581,0.04851
8cc6b01c-2051-41ab-858e-194a50e8d4f3,d17244fd-0b3d-4607-90cb-8c7a1de3ce43,2210,1785910243930004424,1785910244095130424,165,true,0.546989,0.548062
8cc6b01c-2051-41ab-858e-194a50e8d4f3,d17244fd-0b3d-4607-90cb-8c7a1de3ce43,2211,1785910244125129424,1785910244525504424,400,true,0.491181,0.410862
8cc6b01c-2051-41ab-858e-194a50e8d4f3,d17244fd-0b3d-4607-90cb-8c7a1de3ce43,2212,1785910244560629424,1785910244750754424,190,true,0.616106,0.469126
8cc6b01c-2051-41ab-858e-194a50e8d4f3,d17244fd-0b3d-4607-90cb-8c7a1de3ce43,2213,1785910244905879424,1785910245086129424,180,true,0.590352,0.316072
8cc6b01c-2051-41ab-858e-194a50e8d4f3,d17244fd-0b3d-4607-90cb-8c7a1de3ce43,2214,1785910245141129424,1785910245271254424,130,true,0.469446,0.617127
8cc6b01c-2051-41ab-858e-194a50e8d4f3,d17244fd-0b3d-4607-90cb-8c7a1de3ce43,2215,1785910245301254424,1785910245496504424,195,true,0.540296,0.640696
8cc6b01c-2051-41ab-858e-194a50e8d4f3,d17244fd-0b3d-4607-90cb-8c7a1de3ce43,2216,1785910245531509424,1785910245796760424,265,true,0.611438,0.50342
8cc6b01c-2051-41ab-858e-194a50e8d4f3,d17244fd-0b3d-4607-90cb-8c7a1de3ce43,2217,1785910245831768424,1785910246157013424,325,true,0.554967,0.326666
8cc6b01c-2051-41ab-858e-194a50e8d4f3,d17244fd-0b3d-4607-90cb-8c7a1de3ce43,2218,1785910246352254424,1785910246632504424,280,true,0.409991,0.33253
8cc6b01c-2051-41ab-858e-194a50e8d4f3,d17244fd-0b3d-4607-90cb-8c7a1de3ce43,2219,1785910246672504424,1785910246927759424,255,true,0.62189,0.472329
8cc6b01c-2051-41ab-858e-194a50e8d4f3,d17244fd-0b3d-4607-90cb-8c7a1de3ce43,2220,1785910246947754424,1785910247118004424,170,true,0.615565,0.531006
8cc6b01c-2051-41ab-858e-194a50e8d4f3,d17244fd-0b3d-4607-90cb-8c7a1de3ce43,2221,1785910247158004424,1785910247323129424,165,true,0.452397,0.650115
8cc6b01c-2051-41ab-858e-194a50e8d4f3,d17244fd-0b3d-4607-90cb-8c7a1de3ce43,2222,1785910247353254424,1785910247568379424,215,true,0.565884,0.66326
8cc6b01c-2051-41ab-858e-194a50e8d4f3,d17244fd-0b3d-4607-90cb-8c7a1de3ce43,2223,1785910247603379424,1785910247858629424,255,true,0.638105,0.603658
8cc6b01c-2051-41ab-858e-194a50e8d4f3,d17244fd-0b3d-4607-90cb-8c7a1de3ce43,2224,1785910248103887424,1785910248304129424,200,true,0.611463,0.308396
8cc6b01c-2051-41ab-858e-194a50e8d4f3,d17244fd-0b3d-4607-90cb-8c7a1de3ce43,2225,1785910248349129424,1785910248644379424,295,true,0.570143,0.052586
8cc6b01c-2051-41ab-858e-194a50e8d4f3,d17244fd-0b3d-4607-90cb-8c7a1de3ce43,2226,1785910248669379424,1785910249340011424,670,true,0.519557,0.077175
8cc6b01c-2051-41ab-858e-194a50e8d4f3,d17244fd-0b3d-4607-90cb-8c7a1de3ce43,2227,1785910249390129424,1785910249810504424,420,true,0.46236,0.462467
8cc6b01c-2051-41ab-858e-194a50e8d4f3,d17244fd-0b3d-4607-90cb-8c7a1de3ce43,2228,1785910249845504424,1785910249980629424,135,true,0.386641,0.650869
8cc6b01c-2051-41ab-858e-194a50e8d4f3,d17244fd-0b3d-4607-90cb-8c7a1de3ce43,2229,1785910250015629424,1785910251036628424,1020,true,0.494222,0.565783
8cc6b01c-2051-41ab-858e-194a50e8d4f3,d17244fd-0b3d-4607-90cb-8c7a1de3ce43,2230,1785910251286878424,1785910251467015424,180,true,0.681258,0.493476
8cc6b01c-2051-41ab-858e-194a50e8d4f3,d17244fd-0b3d-4607-90cb-8c7a1de3ce43,2231,1785910251487129424,1785910251687254424,200,true,0.642792,0.540098
8cc6b01c-2051-41ab-858e-194a50e8d4f3,d17244fd-0b3d-4607-90cb-8c7a1de3ce43,2232,1785910251727258424,1785910252077628424,350,true,0.477959,0.452594
8cc6b01c-2051-41ab-858e-194a50e8d4f3,d17244fd-0b3d-4607-90cb-8c7a1de3ce43,2233,1785910252117628424,1785910252227753424,110,true,0.579476,0.52095
8cc6b01c-2051-41ab-858e-194a50e8d4f3,d17244fd-0b3d-4607-90cb-8c7a1de3ce43,2234,1785910252658128424,1785910252823378424,165,true,0.676934,0.295949
8cc6b01c-2051-41ab-858e-194a50e8d4f3,d17244fd-0b3d-4607-90cb-8c7a1de3ce43,2235,1785910252848378424,1785910253058503424,210,true,0.672728,0.379515
8cc6b01c-2051-41ab-858e-194a50e8d4f3,d17244fd-0b3d-4607-90cb-8c7a1de3ce43,2236,1785910253093628424,1785910253358878424,265,true,0.594952,0.57082
8cc6b01c-2051-41ab-858e-194a50e8d4f3,d17244fd-0b3d-4607-90cb-8c7a1de3ce43,2237,1785910253393878424,1785910253699141424,305,true,0.464433,0.709353
8cc6b01c-2051-41ab-858e-194a50e8d4f3,d17244fd-0b3d-4607-90cb-8c7a1de3ce43,2238,1785910253724128424,1785910253974378424,250,true,0.502545,0.699595
8cc6b01c-2051-41ab-858e-194a50e8d4f3,d17244fd-0b3d-4607-90cb-8c7a1de3ce43,2239,1785910254009378424,1785910254159628424,150,true,0.622296,0.639452
8cc6b01c-2051-41ab-858e-194a50e8d4f3,d17244fd-0b3d-4607-90cb-8c7a1de3ce43,2240,1785910254364753424,1785910254675003424,310,true,0.586789,0.468255
8cc6b01c-2051-41ab-858e-194a50e8d4f3,d17244fd-0b3d-4607-90cb-8c7a1de3ce43,2241,1785910254855253424,1785910254965378424,110,true,0.735216,0.423417
8cc6b01c-2051-41ab-858e-194a50e8d4f3,d17244fd-0b3d-4607-90cb-8c7a1de3ce43,2242,1785910255005378424,1785910255185503424,180,true,0.579151,0.538675
8cc6b01c-2051-41ab-858e-194a50e8d4f3,d17244fd-0b3d-4607-90cb-8c7a1de3ce43,2243,1785910255215503424,1785910255470753424,255,true,0.618963,0.35194
8cc6b01c-2051-41ab-858e-194a50e8d4f3,d17244fd-0b3d-4607-90cb-8c7a1de3ce43,2244,1785910255530878424,1785910255631003424,100,true,0.461805,0.639052
8cc6b01c-2051-41ab-858e-194a50e8d4f3,d17244fd-0b3d-4607-90cb-8c7a1de3ce43,2245,1785910255796133424,1785910256056378424,260,true,0.700093,0.098451
8cc6b01c-2051-41ab-858e-194a50e8d4f3,d17244fd-0b3d-4607-90cb-8c7a1de3ce43,2246,1785910256101378424,1785910256551767424,450,true,0.544525,0.176703
8cc6b01c-2051-41ab-858e-194a50e8d4f3,d17244fd-0b3d-4607-90cb-8c7a1de3ce43,2247,1785910256576878424,1785910256697003424,120,true,0.498693,0.130255
8cc6b01c-2051-41ab-858e-194a50e8d4f3,d17244fd-0b3d-4607-90cb-8c7a1de3ce43,2248,1785910256752009424,1785910257327503424,575,true,0.490844,0.58845
8cc6b01c-2051-41ab-858e-194a50e8d4f3,d17244fd-0b3d-4607-90cb-8c7a1de3ce43,2249,1785910257357628424,1785910257447628424,90,true,0.490052,0.450459
8cc6b01c-2051-41ab-858e-194a50e8d4f3,d17244fd-0b3d-4607-90cb-8c7a1de3ce43,2250,1785910257607753424,1785910258098259424,490,true,0.48233,0.688894
51907250-679c-4801-85ee-20781f0ac08e,d17244fd-0b3d-4607-90cb-8c7a1de3ce43,2270,1785910265415127424,1785910265680389424,265,true,0.552719,0.51851
51907250-679c-4801-85ee-20781f0ac08e,d17244fd-0b3d-4607-90cb-8c7a1de3ce43,2271,1785910265910627424,1785910266501127424,590,true,0.557012,0.226035
51907250-679c-4801-85ee-20781f0ac08e,d17244fd-0b3d-4607-90cb-8c7a1de3ce43,2272,1785910266686384424,1785910266801377424,114,true,0.466182,0.171673
51907250-679c-4801-85ee-20781f0ac08e,d17244fd-0b3d-4607-90cb-8c7a1de3ce43,2273,1785910266836505424,1785910267036627424,200,true,0.579801,0.241727
51907250-679c-4801-85ee-20781f0ac08e,d17244fd-0b3d-4607-90cb-8c7a1de3ce43,2274,1785910267066627424,1785910267186752424,120,true,0.513601,0.162157
51907250-679c-4801-85ee-20781f0ac08e,d17244fd-0b3d-4607-90cb-8c7a1de3ce43,2275,1785910267377001424,1785910267387001424,10,true,0.525418,0.120111
51907250-679c-4801-85ee-20781f0ac08e,d17244fd-0b3d-4607-90cb-8c7a1de3ce43,2276,1785910267992501424,1785910268037627424,45,true,0.506501,0.419718
51907250-679c-4801-85ee-20781f0ac08e,d17244fd-0b3d-4607-90cb-8c7a1de3ce43,2279,1785910268392876424,1785910269433876424,1041,true,0.502008,0.572709
51907250-679c-4801-85ee-20781f0ac08e,d17244fd-0b3d-4607-90cb-8c7a1de3ce43,2281,1785910270229626424,1785910270404753424,175,true,0.540408,0.87715
51907250-679c-4801-85ee-20781f0ac08e,d17244fd-0b3d-4607-90cb-8c7a1de3ce43,2282,1785910270439883424,1785910270655006424,215,true,0.668587,0.564245
51907250-679c-4801-85ee-20781f0ac08e,d17244fd-0b3d-4607-90cb-8c7a1de3ce43,2283,1785910270970376424,1785910271180514424,210,true,0.559303,0.644968
51907250-679c-4801-85ee-20781f0ac08e,d17244fd-0b3d-4607-90cb-8c7a1de3ce43,2284,1785910271215626424,1785910272161509424,945,true,0.673131,0.54909
51907250-679c-4801-85ee-20781f0ac08e,d17244fd-0b3d-4607-90cb-8c7a1de3ce43,2285,1785910272216501424,1785910272371626424,155,true,0.307226,0.585998
51907250-679c-4801-85ee-20781f0ac08e,d17244fd-0b3d-4607-90cb-8c7a1de3ce43,2286,1785910272697001424,1785910272822126424,125,true,0.505396,0.570156
51907250-679c-4801-85ee-20781f0ac08e,d17244fd-0b3d-4607-90cb-8c7a1de3ce43,2287,1785910272852128424,1785910273207376424,355,true,0.528394,0.679248
51907250-679c-4801-85ee-20781f0ac08e,d17244fd-0b3d-4607-90cb-8c7a1de3ce43,2288,1785910273442626424,1785910273577751424,135,true,0.672514,0.517755
51907250-679c-4801-85ee-20781f0ac08e,d17244fd-0b3d-4607-90cb-8c7a1de3ce43,2289,1785910273617876424,1785910273953126424,335,true,0.554164,0.433862
51907250-679c-4801-85ee-20781f0ac08e,d17244fd-0b3d-4607-90cb-8c7a1de3ce43,2290,1785910274278387424,1785910274428630424,150,true,0.68211,0.559771
51907250-679c-4801-85ee-20781f0ac08e,d17244fd-0b3d-4607-90cb-8c7a1de3ce43,2291,1785910274468626424,1785910275134261424,665,true,0.537419,0.402628
51907250-679c-4801-85ee-20781f0ac08e,d17244fd-0b3d-4607-90cb-8c7a1de3ce43,2292,1785910275164251424,1785910275354383424,190,true,0.612119,0.410948
51907250-679c-4801-85ee-20781f0ac08e,d17244fd-0b3d-4607-90cb-8c7a1de3ce43,2293,1785910275374501424,1785910275494626424,120,true,0.605304,0.464007
51907250-679c-4801-85ee-20781f0ac08e,d17244fd-0b3d-4607-90cb-8c7a1de3ce43,2294,1785910275704751424,1785910276090126424,385,true,0.667957,0.287755
51907250-679c-4801-85ee-20781f0ac08e,d17244fd-0b3d-4607-90cb-8c7a1de3ce43,2295,1785910276115126424,1785910276815764424,700,true,0.57101,0.316151
51907250-679c-4801-85ee-20781f0ac08e,d17244fd-0b3d-4607-90cb-8c7a1de3ce43,2296,1785910277036005424,1785910277186126424,150,true,0.586571,0.343095
51907250-679c-4801-85ee-20781f0ac08e,d17244fd-0b3d-4607-90cb-8c7a1de3ce43,2297,1785910277211130424,1785910277846750424,635,true,0.567623,0.300376
51907250-679c-4801-85ee-20781f0ac08e,d17244fd-0b3d-4607-90cb-8c7a1de3ce43,2298,1785910277881875424,1785910278517375424,635,true,0.651414,0.297727
51907250-679c-4801-85ee-20781f0ac08e,d17244fd-0b3d-4607-90cb-8c7a1de3ce43,2299,1785910278712625424,1785910278822750424,110,true,0.5089,0.642339
51907250-679c-4801-85ee-20781f0ac08e,d17244fd-0b3d-4607-90cb-8c7a1de3ce43,2300,1785910278877750424,1785910279103000424,225,true,0.619807,0.191079
51907250-679c-4801-85ee-20781f0ac08e,d17244fd-0b3d-4607-90cb-8c7a1de3ce43,2301,1785910279143012424,1785910280043877424,900,true,0.547474,0.149824
51907250-679c-4801-85ee-20781f0ac08e,d17244fd-0b3d-4607-90cb-8c7a1de3ce43,2302,1785910280269000424,1785910280564375424,295,true,0.538936,0.012142
51907250-679c-4801-85ee-20781f0ac08e,d17244fd-0b3d-4607-90cb-8c7a1de3ce43,2303,1785910280614375424,1785910280749500424,135,true,0.546362,0.58977
51907250-679c-4801-85ee-20781f0ac08e,d17244fd-0b3d-4607-90cb-8c7a1de3ce43,2304,1785910280794500424,1785910280954750424,160,true,0.324746,0.625761
51907250-679c-4801-85ee-20781f0ac08e,d17244fd-0b3d-4607-90cb-8c7a1de3ce43,2305,1785910280999750424,1785910281144879424,145,true,0.502186,0.571775
51907250-679c-4801-85ee-20781f0ac08e,d17244fd-0b3d-4607-90cb-8c7a1de3ce43,2306,1785910281179875424,1785910281720379424,540,true,0.649284,0.570689
51907250-679c-4801-85ee-20781f0ac08e,d17244fd-0b3d-4607-90cb-8c7a1de3ce43,2307,1785910281755507424,1785910282065752424,310,true,0.534486,0.54984
51907250-679c-4801-85ee-20781f0ac08e,d17244fd-0b3d-4607-90cb-8c7a1de3ce43,2308,1785910282286000424,1785910282316000424,30,true,0.480545,0.419568
51907250-679c-4801-85ee-20781f0ac08e,d17244fd-0b3d-4607-90cb-8c7a1de3ce43,2309,1785910282331006424,1785910282751375424,420,true,0.518561,0.498846
51907250-679c-4801-85ee-20781f0ac08e,d17244fd-0b3d-4607-90cb-8c7a1de3ce43,2310,1785910282936500424,1785910283091750424,155,true,0.529761,0.584218
51907250-679c-4801-85ee-20781f0ac08e,d17244fd-0b3d-4607-90cb-8c7a1de3ce43,2311,1785910283121750424,1785910283607125424,485,true,0.508084,0.715772
51907250-679c-4801-85ee-20781f0ac08e,d17244fd-0b3d-4607-90cb-8c7a1de3ce43,2312,1785910283652251424,1785910283977500424,325,true,0.492653,0.410472
51907250-679c-4801-85ee-20781f0ac08e,d17244fd-0b3d-4607-90cb-8c7a1de3ce43,2313,1785910284027625424,1785910284327888424,300,true,0.516339,0.76822
51907250-679c-4801-85ee-20781f0ac08e,d17244fd-0b3d-4607-90cb-8c7a1de3ce43,2314,1785910284377875424,1785910284553007424,175,true,0.517258,0.421516
51907250-679c-4801-85ee-20781f0ac08e,d17244fd-0b3d-4607-90cb-8c7a1de3ce43,2315,1785910284608125424,1785910284813250424,205,true,0.508521,0.765432
51907250-679c-4801-85ee-20781f0ac08e,d17244fd-0b3d-4607-90cb-8c7a1de3ce43,2316,1785910284863375424,1785910284993499424,130,true,0.614219,0.307899
51907250-679c-4801-85ee-20781f0ac08e,d17244fd-0b3d-4607-90cb-8c7a1de3ce43,2317,1785910285023512424,1785910285303756424,280,true,0.617422,0.493419
51907250-679c-4801-85ee-20781f0ac08e,d17244fd-0b3d-4607-90cb-8c7a1de3ce43,2318,1785910285458875424,1785910285604000424,145,true,0.64141,0.400075
51907250-679c-4801-85ee-20781f0ac08e,d17244fd-0b3d-4607-90cb-8c7a1de3ce43,2319,1785910285634124424,1785910285854250424,220,true,0.620932,0.339095
51907250-679c-4801-85ee-20781f0ac08e,d17244fd-0b3d-4607-90cb-8c7a1de3ce43,2320,1785910285889378424,1785910286139500424,250,true,0.435182,0.295782
51907250-679c-4801-85ee-20781f0ac08e,d17244fd-0b3d-4607-90cb-8c7a1de3ce43,2321,1785910286179624424,1785910286309750424,130,true,0.618804,0.290072
51907250-679c-4801-85ee-20781f0ac08e,d17244fd-0b3d-4607-90cb-8c7a1de3ce43,2325,1785910287826124424,1785910287866124424,40,true,0.396975,0.581115
51907250-679c-4801-85ee-20781f0ac08e,d17244fd-0b3d-4607-90cb-8c7a1de3ce43,2326,1785910287966261424,1785910288041374424,75,true,0.597525,0.515569
51907250-679c-4801-85ee-20781f0ac08e,d17244fd-0b3d-4607-90cb-8c7a1de3ce43,2327,1785910288066374424,1785910288161503424,95,true,0.641971,0.465382
51907250-679c-4801-85ee-20781f0ac08e,d17244fd-0b3d-4607-90cb-8c7a1de3ce43,2328,1785910288431749424,1785910288571874424,140,false,0.286174,2.100873
51907250-679c-4801-85ee-20781f0ac08e,d17244fd-0b3d-4607-90cb-8c7a1de3ce43,2329,1785910288947250424,1785910288992249424,44,true,0.576317,0.023537
51907250-679c-4801-85ee-20781f0ac08e,d17244fd-0b3d-4607-90cb-8c7a1de3ce43,2330,1785910289227499424,1785910289272499424,45,false,0.46611,-0.012511
51907250-679c-4801-85ee-20781f0ac08e,d17244fd-0b3d-4607-90cb-8c7a1de3ce43,2333,1785910290158377424,1785910290298499424,140,true,0.50945,0.029779
51907250-679c-4801-85ee-20781f0ac08e,d17244fd-0b3d-4607-90cb-8c7a1de3ce43,2334,1785910290528624424,1785910290713874424,185,true,0.52361,0.428921
51907250-679c-4801-85ee-20781f0ac08e,d17244fd-0b3d-4607-90cb-8c7a1de3ce43,2335,1785910290853999424,1785910290969124424,115,true,0.322948,0.60365
51907250-679c-4801-85ee-20781f0ac08e,d17244fd-0b3d-4607-90cb-8c7a1de3ce43,2336,1785910291004124424,1785910291439499424,435,true,0.440893,0.593015
51907250-679c-4801-85ee-20781f0ac08e,d17244fd-0b3d-4607-90cb-8c7a1de3ce43,2337,1785910291479499424,1785910291724749424,245,true,0.61577,0.525706
51907250-679c-4801-85ee-20781f0ac08e,d17244fd-0b3d-4607-90cb-8c7a1de3ce43,2338,1785910291764876424,1785910292330374424,565,true,0.528423,0.519282
51907250-679c-4801-85ee-20781f0ac08e,d17244fd-0b3d-4607-90cb-8c7a1de3ce43,2339,1785910292365374424,1785910292630624424,265,true,0.678191,0.583715
51907250-679c-4801-85ee-20781f0ac08e,d17244fd-0b3d-4607-90cb-8c7a1de3ce43,2340,1785910292950885424,1785910293005999424,55,true,0.522331,0.497522
51907250-679c-4801-85ee-20781f0ac08e,d17244fd-0b3d-4607-90cb-8c7a1de3ce43,2341,1785910293050999424,1785910293296257424,245,true,0.529375,0.100754
51907250-679c-4801-85ee-20781f0ac08e,d17244fd-0b3d-4607-90cb-8c7a1de3ce43,2342,1785910293341249424,1785910293581505424,240,true,0.52703,0.501828
51907250-679c-4801-85ee-20781f0ac08e,d17244fd-0b3d-4607-90cb-8c7a1de3ce43,2343,1785910293606499424,1785910294121998424,515,true,0.598707,0.44095
51907250-679c-4801-85ee-20781f0ac08e,d17244fd-0b3d-4607-90cb-8c7a1de3ce43,2344,1785910294362248424,1785910294722623424,360,true,0.612515,0.300463
51907250-679c-4801-85ee-20781f0ac08e,d17244fd-0b3d-4607-90cb-8c7a1de3ce43,2345,1785910294767623424,1785910294917748424,150,true,0.454985,0.591251
51907250-679c-4801-85ee-20781f0ac08e,d17244fd-0b3d-4607-90cb-8c7a1de3ce43,2346,1785910294942753424,1785910295097998424,155,true,0.524649,0.601518
51907250-679c-4801-85ee-20781f0ac08e,d17244fd-0b3d-4607-90cb-8c7a1de3ce43,2347,1785910295122998424,1785910295268123424,145,true,0.580853,0.602215
51907250-679c-4801-85ee-20781f0ac08e,d17244fd-0b3d-4607-90cb-8c7a1de3ce43,2348,1785910295468248424,1785910296218998424,750,true,0.591981,0.279643
51907250-679c-4801-85ee-20781f0ac08e,d17244fd-0b3d-4607-90cb-8c7a1de3ce43,2349,1785910296253999424,1785910296479248424,225,true,0.441311,0.261889
51907250-679c-4801-85ee-20781f0ac08e,d17244fd-0b3d-4607-90cb-8c7a1de3ce43,2350,1785910296524248424,1785910296684498424,160,true,0.60147,0.311397
51907250-679c-4801-85ee-20781f0ac08e,d17244fd-0b3d-4607-90cb-8c7a1de3ce43,2351,1785910296809498424,1785910297104873424,295,true,0.567983,0.438763
51907250-679c-4801-85ee-20781f0ac08e,d17244fd-0b3d-4607-90cb-8c7a1de3ce43,2352,1785910297134873424,1785910297289998424,155,true,0.58725,0.318071
51907250-679c-4801-85ee-20781f0ac08e,d17244fd-0b3d-4607-90cb-8c7a1de3ce43,2353,1785910297465123424,1785910297615373424,150,false,0.239366,2.210287
51907250-679c-4801-85ee-20781f0ac08e,d17244fd-0b3d-4607-90cb-8c7a1de3ce43,2354,1785910297830498424,1785910298065748424,235,true,0.581894,0.21242
51907250-679c-4801-85ee-20781f0ac08e,d17244fd-0b3d-4607-90cb-8c7a1de3ce43,2355,1785910298100748424,1785910298421123424,320,true,0.528761,0.065306
51907250-679c-4801-85ee-20781f0ac08e,d17244fd-0b3d-4607-90cb-8c7a1de3ce43,2356,1785910298446123424,1785910299066637424,620,true,0.571578,0.08013
51907250-679c-4801-85ee-20781f0ac08e,d17244fd-0b3d-4607-90cb-8c7a1de3ce43,2357,1785910299086633424,1785910299266880424,180,true,0.525881,0.054801
51907250-679c-4801-85ee-20781f0ac08e,d17244fd-0b3d-4607-90cb-8c7a1de3ce43,2358,1785910299456998424,1785910299587128424,130,true,0.54498,-0.009027
51907250-679c-4801-85ee-20781f0ac08e,d17244fd-0b3d-4607-90cb-8c7a1de3ce43,2359,1785910299657248424,1785910299892498424,235,true,0.531202,0.569078
51907250-679c-4801-85ee-20781f0ac08e,d17244fd-0b3d-4607-90cb-8c7a1de3ce43,2360,1785910299927498424,1785910300262748424,335,true,0.658006,0.576285
51907250-679c-4801-85ee-20781f0ac08e,d17244fd-0b3d-4607-90cb-8c7a1de3ce43,2361,1785910300317873424,1785910300522998424,205,true,0.341758,0.654414
51907250-679c-4801-85ee-20781f0ac08e,d17244fd-0b3d-4607-90cb-8c7a1de3ce43,2362,1785910300558123424,1785910300728248424,170,true,0.481128,0.599007
51907250-679c-4801-85ee-20781f0ac08e,d17244fd-0b3d-4607-90cb-8c7a1de3ce43,2363,1785910300758248424,1785910301218632424,460,true,0.499079,0.642263
51907250-679c-4801-85ee-20781f0ac08e,d17244fd-0b3d-4607-90cb-8c7a1de3ce43,2364,1785910301333748424,1785910301523998424,190,true,0.54191,0.439987
51907250-679c-4801-85ee-20781f0ac08e,d17244fd-0b3d-4607-90cb-8c7a1de3ce43,2365,1785910301553998424,1785910301789252424,235,true,0.542615,0.550226
51907250-679c-4801-85ee-20781f0ac08e,d17244fd-0b3d-4607-90cb-8c7a1de3ce43,2366,1785910301824248424,1785910302074502424,250,true,0.675708,0.552261
51907250-679c-4801-85ee-20781f0ac08e,d17244fd-0b3d-4607-90cb-8c7a1de3ce43,2367,1785910302114498424,1785910302284750424,170,true,0.542745,0.42953
51907250-679c-4801-85ee-20781f0ac08e,d17244fd-0b3d-4607-90cb-8c7a1de3ce43,2368,1785910302324748424,1785910302640002424,315,true,0.683852,0.582323
51907250-679c-4801-85ee-20781f0ac08e,d17244fd-0b3d-4607-90cb-8c7a1de3ce43,2369,1785910302674998424,1785910303115498424,440,true,0.536477,0.656497
51907250-679c-4801-85ee-20781f0ac08e,d17244fd-0b3d-4607-90cb-8c7a1de3ce43,2370,1785910303130505424,1785910303370748424,240,true,0.497536,0.614622
51907250-679c-4801-85ee-20781f0ac08e,d17244fd-0b3d-4607-90cb-8c7a1de3ce43,2371,1785910303390747424,1785910303746129424,355,true,0.499417,0.722246
51907250-679c-4801-85ee-20781f0ac08e,d17244fd-0b3d-4607-90cb-8c7a1de3ce43,2372,1785910303786122424,1785910303991248424,205,true,0.508695,0.415016
51907250-679c-4801-85ee-20781f0ac08e,d17244fd-0b3d-4607-90cb-8c7a1de3ce43,2373,1785910304041373424,1785910304156502424,115,true,0.491103,0.780121
51907250-679c-4801-85ee-20781f0ac08e,d17244fd-0b3d-4607-90cb-8c7a1de3ce43,2374,1785910304356622424,1785910304516748424,160,true,0.50595,0.37565
51907250-679c-4801-85ee-20781f0ac08e,d17244fd-0b3d-4607-90cb-8c7a1de3ce43,2375,1785910304551872424,1785910305052247424,500,true,0.615786,0.458964
51907250-679c-4801-85ee-20781f0ac08e,d17244fd-0b3d-4607-90cb-8c7a1de3ce43,2376,1785910305087372424,1785910305197372424,110,true,0.627688,0.31796
51907250-679c-4801-85ee-20781f0ac08e,d17244fd-0b3d-4607-90cb-8c7a1de3ce43,2378,1785910305933122424,1785910306418622424,485,true,0.57795,0.291884
51907250-679c-4801-85ee-20781f0ac08e,d17244fd-0b3d-4607-90cb-8c7a1de3ce43,2379,1785910306443635424,1785910306959122424,515,true,0.644298,0.295638
51907250-679c-4801-85ee-20781f0ac08e,d17244fd-0b3d-4607-90cb-8c7a1de3ce43,2380,1785910307179247424,1785910307394497424,215,true,0.577847,0.328381
51907250-679c-4801-85ee-20781f0ac08e,d17244fd-0b3d-4607-90cb-8c7a1de3ce43,2381,1785910307439497424,1785910307649749424,210,true,0.50748,0.619196
51907250-679c-4801-85ee-20781f0ac08e,d17244fd-0b3d-4607-90cb-8c7a1de3ce43,2382,1785910307689747424,1785910307854872424,165,true,0.583266,0.391346
51907250-679c-4801-85ee-20781f0ac08e,d17244fd-0b3d-4607-90cb-8c7a1de3ce43,2383,1785910307879997424,1785910308165247424,285,true,0.60443,0.316512
51907250-679c-4801-85ee-20781f0ac08e,d17244fd-0b3d-4607-90cb-8c7a1de3ce43,2384,1785910308210247424,1785910308700747424,490,true,0.551104,0.033129
51907250-679c-4801-85ee-20781f0ac08e,d17244fd-0b3d-4607-90cb-8c7a1de3ce43,2385,1785910308720752424,1785910309531497424,810,true,0.526918,0.040969
51907250-679c-4801-85ee-20781f0ac08e,d17244fd-0b3d-4607-90cb-8c7a1de3ce43,2386,1785910309661622424,1785910310061997424,400,true,0.54197,0.066115
51907250-679c-4801-85ee-20781f0ac08e,d17244fd-0b3d-4607-90cb-8c7a1de3ce43,2387,1785910310121997424,1785910310322252424,200,true,0.512009,0.474264
51907250-679c-4801-85ee-20781f0ac08e,d17244fd-0b3d-4607-90cb-8c7a1de3ce43,2388,1785910310362251424,1785910310517372424,155,true,0.34708,0.592667
51907250-679c-4801-85ee-20781f0ac08e,d17244fd-0b3d-4607-90cb-8c7a1de3ce43,2389,1785910310557497424,1785910310817758424,260,true,0.596688,0.592678
51907250-679c-4801-85ee-20781f0ac08e,d17244fd-0b3d-4607-90cb-8c7a1de3ce43,2390,1785910310867756424,1785910311728500424,860,true,0.452164,0.574964
51907250-679c-4801-85ee-20781f0ac08e,d17244fd-0b3d-4607-90cb-8c7a1de3ce43,2391,1785910311758622424,1785910311838622424,80,true,0.317321,0.59343
51907250-679c-4801-85ee-20781f0ac08e,d17244fd-0b3d-4607-90cb-8c7a1de3ce43,2392,1785910311878626424,1785910312163996424,285,true,0.503826,0.46438
51907250-679c-4801-85ee-20781f0ac08e,d17244fd-0b3d-4607-90cb-8c7a1de3ce43,2393,1785910312334122424,1785910312694496424,360,true,0.511957,0.418719
51907250-679c-4801-85ee-20781f0ac08e,d17244fd-0b3d-4607-90cb-8c7a1de3ce43,2394,1785910312734496424,1785910312949628424,215,true,0.326608,0.588127
51907250-679c-4801-85ee-20781f0ac08e,d17244fd-0b3d-4607-90cb-8c7a1de3ce43,2395,1785910312994747424,1785910313294996424,300,true,0.528197,0.385001
51907250-679c-4801-85ee-20781f0ac08e,d17244fd-0b3d-4607-90cb-8c7a1de3ce43,2396,1785910313329996424,1785910313535246424,205,true,0.62406,0.291708
51907250-679c-4801-85ee-20781f0ac08e,d17244fd-0b3d-4607-90cb-8c7a1de3ce43,2397,1785910313565246424,1785910313705380424,140,true,0.596733,0.485961
51907250-679c-4801-85ee-20781f0ac08e,d17244fd-0b3d-4607-90cb-8c7a1de3ce43,2398,1785910313725375424,1785910314040746424,315,true,0.611137,0.428034
51907250-679c-4801-85ee-20781f0ac08e,d17244fd-0b3d-4607-90cb-8c7a1de3ce43,2399,1785910314300996424,1785910314390996424,90,true,0.563803,0.596874
51907250-679c-4801-85ee-20781f0ac08e,d17244fd-0b3d-4607-90cb-8c7a1de3ce43,2400,1785910314411121424,1785910314611246424,200,true,0.609457,0.589631
51907250-679c-4801-85ee-20781f0ac08e,d17244fd-0b3d-4607-90cb-8c7a1de3ce43,2401,1785910314646246424,1785910314651246424,5,true,0.620578,0.391578
51907250-679c-4801-85ee-20781f0ac08e,d17244fd-0b3d-4607-90cb-8c7a1de3ce43,2402,1785910314956621424,1785910315131746424,175,true,0.625032,0.272532
51907250-679c-4801-85ee-20781f0ac08e,d17244fd-0b3d-4607-90cb-8c7a1de3ce43,2403,1785910315176746424,1785910315357002424,180,true,0.54285,0.547726
51907250-679c-4801-85ee-20781f0ac08e,d17244fd-0b3d-4607-90cb-8c7a1de3ce43,2404,1785910315391996424,1785910315577125424,185,true,0.560974,0.595502
51907250-679c-4801-85ee-20781f0ac08e,d17244fd-0b3d-4607-90cb-8c7a1de3ce43,2405,1785910315612246424,1785910315972496424,360,true,0.425274,0.634614
51907250-679c-4801-85ee-20781f0ac08e,d17244fd-0b3d-4607-90cb-8c7a1de3ce43,2406,1785910316187746424,1785910316437996424,250,true,0.613515,0.401301
51907250-679c-4801-85ee-20781f0ac08e,d17244fd-0b3d-4607-90cb-8c7a1de3ce43,2407,1785910316457996424,1785910316613130424,155,true,0.619183,0.304036
51907250-679c-4801-85ee-20781f0ac08e,d17244fd-0b3d-4607-90cb-8c7a1de3ce43,2408,1785910316653121424,1785910316863371424,210,true,0.40745,0.301398
51907250-679c-4801-85ee-20781f0ac08e,d17244fd-0b3d-4607-90cb-8c7a1de3ce43,2409,1785910316913371424,1785910317233746424,320,true,0.589873,0.566697
51907250-679c-4801-85ee-20781f0ac08e,d17244fd-0b3d-4607-90cb-8c7a1de3ce43,2410,1785910317408871424,1785910317644121424,235,true,0.454762,-0.020254
51907250-679c-4801-85ee-20781f0ac08e,d17244fd-0b3d-4607-90cb-8c7a1de3ce43,2411,1785910317674121424,1785910318199621424,525,false,0.576015,-0.019317
51907250-679c-4801-85ee-20781f0ac08e,d17244fd-0b3d-4607-90cb-8c7a1de3ce43,2412,1785910318239621424,1785910318454871424,215,true,0.51227,0.207013
51907250-679c-4801-85ee-20781f0ac08e,d17244fd-0b3d-4607-90cb-8c7a1de3ce43,2413,1785910318484871424,1785910318629996424,145,true,0.528015,0.114042
51907250-679c-4801-85ee-20781f0ac08e,d17244fd-0b3d-4607-90cb-8c7a1de3ce43,2414,1785910318840246424,1785910319050371424,210,true,0.542306,0.088648
51907250-679c-4801-85ee-20781f0ac08e,d17244fd-0b3d-4607-90cb-8c7a1de3ce43,2415,1785910319105502424,1785910319265621424,160,true,0.492515,0.660767
51907250-679c-4801-85ee-20781f0ac08e,d17244fd-0b3d-4607-90cb-8c7a1de3ce43,2416,1785910319295621424,1785910319625996424,330,true,0.652114,0.614746
51907250-679c-4801-85ee-20781f0ac08e,d17244fd-0b3d-4607-90cb-8c7a1de3ce43,2417,1785910319660996424,1785910320011371424,350,true,0.521171,0.591578
51907250-679c-4801-85ee-20781f0ac08e,d17244fd-0b3d-4607-90cb-8c7a1de3ce43,2418,1785910320046379424,1785910320431758424,385,true,0.648037,0.609584
51907250-679c-4801-85ee-20781f0ac08e,d17244fd-0b3d-4607-90cb-8c7a1de3ce43,2419,1785910320461746424,1785910320756996424,295,true,0.508406,0.675007
51907250-679c-4801-85ee-20781f0ac08e,d17244fd-0b3d-4607-90cb-8c7a1de3ce43,2420,1785910320992246424,1785910321367621424,375,true,0.518054,0.40418
51907250-679c-4801-85ee-20781f0ac08e,d17244fd-0b3d-4607-90cb-8c7a1de3ce43,2421,1785910321407621424,1785910321727875424,320,true,0.670742,0.523422
51907250-679c-4801-85ee-20781f0ac08e,d17244fd-0b3d-4607-90cb-8c7a1de3ce43,2422,1785910321757996424,1785910322003121424,245,true,0.633655,0.581093
51907250-679c-4801-85ee-20781f0ac08e,d17244fd-0b3d-4607-90cb-8c7a1de3ce43,2423,1785910322048246424,1785910322268371424,220,true,0.51518,0.780465
51907250-679c-4801-85ee-20781f0ac08e,d17244fd-0b3d-4607-90cb-8c7a1de3ce43,2424,1785910322303496424,1785910322473621424,170,true,0.517146,0.672733
51907250-679c-4801-85ee-20781f0ac08e,d17244fd-0b3d-4607-90cb-8c7a1de3ce43,2425,1785910322513621424,1785910322788870424,275,true,0.667864,0.595728
51907250-679c-4801-85ee-20781f0ac08e,d17244fd-0b3d-4607-90cb-8c7a1de3ce43,2426,1785910322823996424,1785910323199245424,375,true,0.507852,0.757655
51907250-679c-4801-85ee-20781f0ac08e,d17244fd-0b3d-4607-90cb-8c7a1de3ce43,2427,1785910323239371424,1785910323624745424,385,true,0.675976,0.585319
51907250-679c-4801-85ee-20781f0ac08e,d17244fd-0b3d-4607-90cb-8c7a1de3ce43,2428,1785910323914995424,1785910324160254424,245,true,0.560632,0.114558
51907250-679c-4801-85ee-20781f0ac08e,d17244fd-0b3d-4607-90cb-8c7a1de3ce43,2429,1785910324215245424,1785910324605626424,390,true,0.545026,0.538317
51907250-679c-4801-85ee-20781f0ac08e,d17244fd-0b3d-4607-90cb-8c7a1de3ce43,2430,1785910324635620424,1785910324925870424,290,true,0.599673,0.458478
51907250-679c-4801-85ee-20781f0ac08e,d17244fd-0b3d-4607-90cb-8c7a1de3ce43,2431,1785910325146120424,1785910325306245424,160,true,0.608713,0.442248
51907250-679c-4801-85ee-20781f0ac08e,d17244fd-0b3d-4607-90cb-8c7a1de3ce43,2432,1785910325346370424,1785910325566495424,220,true,0.618024,0.274913
51907250-679c-4801-85ee-20781f0ac08e,d17244fd-0b3d-4607-90cb-8c7a1de3ce43,2433,1785910325586495424,1785910325721620424,135,true,0.571197,0.308104
51907250-679c-4801-85ee-20781f0ac08e,d17244fd-0b3d-4607-90cb-8c7a1de3ce43,2434,1785910325926870424,1785910326111995424,185,true,0.553413,0.456179
51907250-679c-4801-85ee-20781f0ac08e,d17244fd-0b3d-4607-90cb-8c7a1de3ce43,2435,1785910326141995424,1785910326302245424,160,true,0.465782,0.619101
51907250-679c-4801-85ee-20781f0ac08e,d17244fd-0b3d-4607-90cb-8c7a1de3ce43,2436,1785910326347245424,1785910326497370424,150,true,0.589221,0.568665
51907250-679c-4801-85ee-20781f0ac08e,d17244fd-0b3d-4607-90cb-8c7a1de3ce43,2437,1785910326542383424,1785910327017870424,475,true,0.611508,0.323942
51907250-679c-4801-85ee-20781f0ac08e,d17244fd-0b3d-4607-90cb-8c7a1de3ce43,2438,1785910327067870424,1785910327258122424,190,true,0.519373,0.632851
51907250-679c-4801-85ee-20781f0ac08e,d17244fd-0b3d-4607-90cb-8c7a1de3ce43,2439,1785910327288120424,1785910327468255424,180,true,0.597651,0.571112
51907250-679c-4801-85ee-20781f0ac08e,d17244fd-0b3d-4607-90cb-8c7a1de3ce43,2440,1785910327493370424,1785910327583370424,90,true,0.63026,0.45269
51907250-679c-4801-85ee-20781f0ac08e,d17244fd-0b3d-4607-90cb-8c7a1de3ce43,2441,1785910327963745424,1785910327978745424,15,false,0.120245,2.259254
51907250-679c-4801-85ee-20781f0ac08e,d17244fd-0b3d-4607-90cb-8c7a1de3ce43,2443,1785910328524245424,1785910328699495424,175,true,1.007303,0.187768
51907250-679c-4801-85ee-20781f0ac08e,d17244fd-0b3d-4607-90cb-8c7a1de3ce43,2444,1785910328764495424,1785910329495258424,730,true,0.531012,0.130657
51907250-679c-4801-85ee-20781f0ac08e,d17244fd-0b3d-4607-90cb-8c7a1de3ce43,2445,1785910329525245424,1785910329640370424,115,true,0.475055,0.061487
51907250-679c-4801-85ee-20781f0ac08e,d17244fd-0b3d-4607-90cb-8c7a1de3ce43,2446,1785910329785495424,1785910330075746424,290,true,0.506423,-0.01457
51907250-679c-4801-85ee-20781f0ac08e,d17244fd-0b3d-4607-90cb-8c7a1de3ce43,2447,1785910330090745424,1785910330351005424,260,true,0.479667,0.048486
51907250-679c-4801-85ee-20781f0ac08e,d17244fd-0b3d-4607-90cb-8c7a1de3ce43,2448,1785910330400995424,1785910330666251424,265,true,0.438593,0.444572
51907250-679c-4801-85ee-20781f0ac08e,d17244fd-0b3d-4607-90cb-8c7a1de3ce43,2449,1785910330696370424,1785910330886495424,190,true,0.327413,0.577122
51907250-679c-4801-85ee-20781f0ac08e,d17244fd-0b3d-4607-90cb-8c7a1de3ce43,2450,1785910330936500424,1785910331492124424,555,true,0.516388,0.104399
51907250-679c-4801-85ee-20781f0ac08e,d17244fd-0b3d-4607-90cb-8c7a1de3ce43,2451,1785910331542119424,1785910331812370424,270,true,0.497451,0.486285
51907250-679c-4801-85ee-20781f0ac08e,d17244fd-0b3d-4607-90cb-8c7a1de3ce43,2452,1785910331837369424,1785910332132625424,295,true,0.50198,0.577348
51907250-679c-4801-85ee-20781f0ac08e,d17244fd-0b3d-4607-90cb-8c7a1de3ce43,2453,1785910332317874424,1785910332778245424,460,true,0.487181,0.502192
51907250-679c-4801-85ee-20781f0ac08e,d17244fd-0b3d-4607-90cb-8c7a1de3ce43,2454,1785910332813382424,1785910333118619424,305,true,0.320504,0.579722
51907250-679c-4801-85ee-20781f0ac08e,d17244fd-0b3d-4607-90cb-8c7a1de3ce43,2455,1785910333158619424,1785910333333744424,175,true,0.495065,0.560733
51907250-679c-4801-85ee-20781f0ac08e,d17244fd-0b3d-4607-90cb-8c7a1de3ce43,2456,1785910333368873424,1785910333563999424,195,true,0.48266,0.412095
51907250-679c-4801-85ee-20781f0ac08e,d17244fd-0b3d-4607-90cb-8c7a1de3ce43,2457,1785910333598994424,1785910333649119424,50,true,0.536652,0.097554
51907250-679c-4801-85ee-20781f0ac08e,d17244fd-0b3d-4607-90cb-8c7a1de3ce43,2458,1785910334074494424,1785910334214619424,140,true,0.307407,0.624203
51907250-679c-4801-85ee-20781f0ac08e,d17244fd-0b3d-4607-90cb-8c7a1de3ce43,2459,1785910334264619424,1785910334614994424,350,true,0.496667,0.426235
51907250-679c-4801-85ee-20781f0ac08e,d17244fd-0b3d-4607-90cb-8c7a1de3ce43,2460,1785910334654994424,1785910334790119424,135,true,0.576311,0.549149
51907250-679c-4801-85ee-20781f0ac08e,d17244fd-0b3d-4607-90cb-8c7a1de3ce43,2461,1785910334820244424,1785910335200494424,380,true,0.591155,0.450397
51907250-679c-4801-85ee-20781f0ac08e,d17244fd-0b3d-4607-90cb-8c7a1de3ce43,2462,1785910335365744424,1785910335515876424,150,true,0.604729,0.263565
51907250-679c-4801-85ee-20781f0ac08e,d17244fd-0b3d-4607-90cb-8c7a1de3ce43,2463,1785910335565869424,1785910335821119424,255,true,0.504728,0.635816
51907250-679c-4801-85ee-20781f0ac08e,d17244fd-0b3d-4607-90cb-8c7a1de3ce43,2464,1785910335861119424,1785910336056382424,195,true,0.600964,0.278161
51907250-679c-4801-85ee-20781f0ac08e,d17244fd-0b3d-4607-90cb-8c7a1de3ce43,2465,1785910336281622424,1785910336566871424,285,true,0.645825,0.297559
51907250-679c-4801-85ee-20781f0ac08e,d17244fd-0b3d-4607-90cb-8c7a1de3ce43,2466,1785910336596869424,1785910336922119424,325,true,0.569079,0.293348
51907250-679c-4801-85ee-20781f0ac08e,d17244fd-0b3d-4607-90cb-8c7a1de3ce43,2467,1785910336997244424,1785910337072244424,75,true,-0.001418,0.420077
51907250-679c-4801-85ee-20781f0ac08e,d17244fd-0b3d-4607-90cb-8c7a1de3ce43,2468,1785910337217494424,1785910337377619424,160,true,0.565004,0.514893
51907250-679c-4801-85ee-20781f0ac08e,d17244fd-0b3d-4607-90cb-8c7a1de3ce43,2469,1785910337402619424,1785910337602744424,200,true,0.57903,0.422023
51907250-679c-4801-85ee-20781f0ac08e,d17244fd-0b3d-4607-90cb-8c7a1de3ce43,2470,1785910337632869424,1785910337837994424,205,true,0.640907,0.311901
51907250-679c-4801-85ee-20781f0ac08e,d17244fd-0b3d-4607-90cb-8c7a1de3ce43,2471,1785910337888119424,1785910338083244424,195,true,0.483176,0.680278
51907250-679c-4801-85ee-20781f0ac08e,d17244fd-0b3d-4607-90cb-8c7a1de3ce43,2472,1785910338113246424,1785910338218369424,105,true,0.554752,0.613105
51907250-679c-4801-85ee-20781f0ac08e,d17244fd-0b3d-4607-90cb-8c7a1de3ce43,2473,1785910338418628424,1785910338663744424,245,true,0.578055,0.236132
51907250-679c-4801-85ee-20781f0ac08e,d17244fd-0b3d-4607-90cb-8c7a1de3ce43,2474,1785910338708880424,1785910339209369424,500,true,0.515653,0.029394
51907250-679c-4801-85ee-20781f0ac08e,d17244fd-0b3d-4607-90cb-8c7a1de3ce43,2475,1785910339244369424,1785910339679744424,435,true,0.483605,0.230836
51907250-679c-4801-85ee-20781f0ac08e,d17244fd-0b3d-4607-90cb-8c7a1de3ce43,2476,1785910339714744424,1785910339814869424,100,true,0.520781,0.109413
51907250-679c-4801-85ee-20781f0ac08e,d17244fd-0b3d-4607-90cb-8c7a1de3ce43,2477,1785910339969994424,1785910340165252424,195,true,0.495065,0.050597
51907250-679c-4801-85ee-20781f0ac08e,d17244fd-0b3d-4607-90cb-8c7a1de3ce43,2478,1785910340230244424,1785910340440494424,210,true,0.529308,0.584993
51907250-679c-4801-85ee-20781f0ac08e,d17244fd-0b3d-4607-90cb-8c7a1de3ce43,2479,1785910340480494424,1785910340615619424,135,true,0.654025,0.597622
51907250-679c-4801-85ee-20781f0ac08e,d17244fd-0b3d-4607-90cb-8c7a1de3ce43,2480,1785910340660618424,1785910340915873424,255,true,0.484807,0.768374
51907250-679c-4801-85ee-20781f0ac08e,d17244fd-0b3d-4607-90cb-8c7a1de3ce43,2481,1785910340940994424,1785910341065994424,125,true,0.499113,0.653891
51907250-679c-4801-85ee-20781f0ac08e,d17244fd-0b3d-4607-90cb-8c7a1de3ce43,2482,1785910341096118424,1785910341261244424,165,true,0.508992,0.423513
51907250-679c-4801-85ee-20781f0ac08e,d17244fd-0b3d-4607-90cb-8c7a1de3ce43,2483,1785910341306248424,1785910341526494424,220,true,0.64251,0.555647
51907250-679c-4801-85ee-20781f0ac08e,d17244fd-0b3d-4607-90cb-8c7a1de3ce43,2484,1785910341571501424,1785910341711629424,140,true,0.339766,0.605452
51907250-679c-4801-85ee-20781f0ac08e,d17244fd-0b3d-4607-90cb-8c7a1de3ce43,2485,1785910341751744424,1785910341921869424,170,true,0.512177,0.395642
51907250-679c-4801-85ee-20781f0ac08e,d17244fd-0b3d-4607-90cb-8c7a1de3ce43,2486,1785910342046993424,1785910342282243424,235,true,0.499112,0.041241
51907250-679c-4801-85ee-20781f0ac08e,d17244fd-0b3d-4607-90cb-8c7a1de3ce43,2487,1785910342337243424,1785910342527369424,190,true,0.317951,0.595462
51907250-679c-4801-85ee-20781f0ac08e,d17244fd-0b3d-4607-90cb-8c7a1de3ce43,2488,1785910342562494424,1785910343318118424,755,true,0.458562,0.59713
51907250-679c-4801-85ee-20781f0ac08e,d17244fd-0b3d-4607-90cb-8c7a1de3ce43,2489,1785910343348246424,1785910343618493424,270,true,0.527691,0.562075
51907250-679c-4801-85ee-20781f0ac08e,d17244fd-0b3d-4607-90cb-8c7a1de3ce43,2490,1785910343653497424,1785910344078868424,425,true,0.651391,0.582163
51907250-679c-4801-85ee-20781f0ac08e,d17244fd-0b3d-4607-90cb-8c7a1de3ce43,2491,1785910344133868424,1785910344399118424,265,true,0.293355,0.587956
51907250-679c-4801-85ee-20781f0ac08e,d17244fd-0b3d-4607-90cb-8c7a1de3ce43,2492,1785910344459243424,1785910344639368424,180,true,0.684559,0.588393
51907250-679c-4801-85ee-20781f0ac08e,d17244fd-0b3d-4607-90cb-8c7a1de3ce43,2493,1785910344684493424,1785910344819618424,135,true,0.422168,0.527776
51907250-679c-4801-85ee-20781f0ac08e,d17244fd-0b3d-4607-90cb-8c7a1de3ce43,2494,1785910344854618424,1785910345159868424,305,true,0.568599,0.482337
51907250-679c-4801-85ee-20781f0ac08e,d17244fd-0b3d-4607-90cb-8c7a1de3ce43,2495,1785910345199868424,1785910345390118424,190,true,0.618338,0.412864
51907250-679c-4801-85ee-20781f0ac08e,d17244fd-0b3d-4607-90cb-8c7a1de3ce43,2496,1785910345640368424,1785910345930618424,290,true,0.401443,0.288657
51907250-679c-4801-85ee-20781f0ac08e,d17244fd-0b3d-4607-90cb-8c7a1de3ce43,2497,1785910345970618424,1785910346230868424,260,true,0.606365,0.294291
51907250-679c-4801-85ee-20781f0ac08e,d17244fd-0b3d-4607-90cb-8c7a1de3ce43,2498,1785910346270874424,1785910346511118424,240,true,0.464598,0.672077
51907250-679c-4801-85ee-20781f0ac08e,d17244fd-0b3d-4607-90cb-8c7a1de3ce43,2499,1785910346541245424,1785910346746368424,205,true,0.535221,0.618559
51907250-679c-4801-85ee-20781f0ac08e,d17244fd-0b3d-4607-90cb-8c7a1de3ce43,2500,1785910346926493424,1785910347246868424,320,true,0.600919,0.26218
51907250-679c-4801-85ee-20781f0ac08e,d17244fd-0b3d-4607-90cb-8c7a1de3ce43,2501,1785910347276868424,1785910347441993424,165,true,0.662309,0.306231
51907250-679c-4801-85ee-20781f0ac08e,d17244fd-0b3d-4607-90cb-8c7a1de3ce43,2502,1785910347477118424,1785910347817368424,340,true,0.57311,0.303718
51907250-679c-4801-85ee-20781f0ac08e,d17244fd-0b3d-4607-90cb-8c7a1de3ce43,2503,1785910347852368424,1785910348157743424,305,true,0.655849,0.283509
51907250-679c-4801-85ee-20781f0ac08e,d17244fd-0b3d-4607-90cb-8c7a1de3ce43,2504,1785910348192743424,1785910348312868424,120,true,0.576377,0.333812
51907250-679c-4801-85ee-20781f0ac08e,d17244fd-0b3d-4607-90cb-8c7a1de3ce43,2505,1785910348493004424,1785910348798243424,305,true,0.5775,0.282735
51907250-679c-4801-85ee-20781f0ac08e,d17244fd-0b3d-4607-90cb-8c7a1de3ce43,2506,1785910348843368424,1785910349063505424,220,true,0.588014,0.066454
51907250-679c-4801-85ee-20781f0ac08e,d17244fd-0b3d-4607-90cb-8c7a1de3ce43,2507,1785910349083618424,1785910349448868424,365,true,0.548793,-0.019609
51907250-679c-4801-85ee-20781f0ac08e,d17244fd-0b3d-4607-90cb-8c7a1de3ce43,2508,1785910349473993424,1785910349899368424,425,true,0.547334,0.03749
51907250-679c-4801-85ee-20781f0ac08e,d17244fd-0b3d-4607-90cb-8c7a1de3ce43,2509,1785910349919373424,1785910350109501424,190,true,0.506949,0.090517
51907250-679c-4801-85ee-20781f0ac08e,d17244fd-0b3d-4607-90cb-8c7a1de3ce43,2510,1785910350314743424,1785910350634993424,320,true,0.45431,0.49295
51907250-679c-4801-85ee-20781f0ac08e,d17244fd-0b3d-4607-90cb-8c7a1de3ce43,2511,1785910350675117424,1785910350775117424,100,true,0.632325,0.583162
51907250-679c-4801-85ee-20781f0ac08e,d17244fd-0b3d-4607-90cb-8c7a1de3ce43,2512,1785910350815242424,1785910351205497424,390,true,0.492978,0.742419
51907250-679c-4801-85ee-20781f0ac08e,d17244fd-0b3d-4607-90cb-8c7a1de3ce43,2513,1785910351230628424,1785910351525867424,295,true,0.540073,0.596136
51907250-679c-4801-85ee-20781f0ac08e,d17244fd-0b3d-4607-90cb-8c7a1de3ce43,2514,1785910351545867424,1785910352141492424,595,true,0.509872,0.617906
51907250-679c-4801-85ee-20781f0ac08e,d17244fd-0b3d-4607-90cb-8c7a1de3ce43,2515,1785910352171492424,1785910352401617424,230,true,0.661672,0.581644
51907250-679c-4801-85ee-20781f0ac08e,d17244fd-0b3d-4607-90cb-8c7a1de3ce43,2516,1785910352556867424,1785910352736992424,180,true,0.550176,0.073085
51907250-679c-4801-85ee-20781f0ac08e,d17244fd-0b3d-4607-90cb-8c7a1de3ce43,2517,1785910352792005424,1785910353047242424,255,true,0.6257,0.536246
51907250-679c-4801-85ee-20781f0ac08e,d17244fd-0b3d-4607-90cb-8c7a1de3ce43,2518,1785910353087380424,1785910353427617424,340,true,0.514037,0.529957
51907250-679c-4801-85ee-20781f0ac08e,d17244fd-0b3d-4607-90cb-8c7a1de3ce43,2519,1785910353457617424,1785910353642870424,185,true,0.594173,0.482575
51907250-679c-4801-85ee-20781f0ac08e,d17244fd-0b3d-4607-90cb-8c7a1de3ce43,2520,1785910353837992424,1785910354053242424,215,true,0.603796,0.231535
51907250-679c-4801-85ee-20781f0ac08e,d17244fd-0b3d-4607-90cb-8c7a1de3ce43,2521,1785910354113242424,1785910354308493424,195,false,1.082049,0.62283
51907250-679c-4801-85ee-20781f0ac08e,d17244fd-0b3d-4607-90cb-8c7a1de3ce43,2522,1785910354373492424,1785910354508617424,135,false,1.124314,0.239009
51907250-679c-4801-85ee-20781f0ac08e,d17244fd-0b3d-4607-90cb-8c7a1de3ce43,2523,1785910354578742424,1785910354748867424,170,true,0.547034,0.385795
51907250-679c-4801-85ee-20781f0ac08e,d17244fd-0b3d-4607-90cb-8c7a1de3ce43,2524,1785910354778877424,1785910354974133424,195,true,0.61653,0.426737
51907250-679c-4801-85ee-20781f0ac08e,d17244fd-0b3d-4607-90cb-8c7a1de3ce43,2525,1785910355154242424,1785910355339372424,185,true,0.583377,0.242426
51907250-679c-4801-85ee-20781f0ac08e,d17244fd-0b3d-4607-90cb-8c7a1de3ce43,2526,1785910355379492424,1785910355564617424,185,true,0.421131,0.33339
51907250-679c-4801-85ee-20781f0ac08e,d17244fd-0b3d-4607-90cb-8c7a1de3ce43,2527,1785910355614746424,1785910355879994424,265,true,0.524908,0.633938
51907250-679c-4801-85ee-20781f0ac08e,d17244fd-0b3d-4607-90cb-8c7a1de3ce43,2528,1785910355919992424,1785910356110117424,190,true,0.369757,0.589201
51907250-679c-4801-85ee-20781f0ac08e,d17244fd-0b3d-4607-90cb-8c7a1de3ce43,2529,1785910356160242424,1785910356300367424,140,true,0.584051,0.299515
51907250-679c-4801-85ee-20781f0ac08e,d17244fd-0b3d-4607-90cb-8c7a1de3ce43,2530,1785910356530492424,1785910356830867424,300,true,0.573967,0.189294
51907250-679c-4801-85ee-20781f0ac08e,d17244fd-0b3d-4607-90cb-8c7a1de3ce43,2531,1785910356865877424,1785910357016000424,150,true,0.427982,0.256885
51907250-679c-4801-85ee-20781f0ac08e,d17244fd-0b3d-4607-90cb-8c7a1de3ce43,2532,1785910357055992424,1785910357391367424,335,true,0.550036,0.147292
51907250-679c-4801-85ee-20781f0ac08e,d17244fd-0b3d-4607-90cb-8c7a1de3ce43,2533,1785910357406367424,1785910358197117424,790,true,0.520352,0.065903
51907250-679c-4801-85ee-20781f0ac08e,d17244fd-0b3d-4607-90cb-8c7a1de3ce43,2534,1785910358382242424,1785910358682617424,300,true,0.493674,0.49084
51907250-679c-4801-85ee-20781f0ac08e,d17244fd-0b3d-4607-90cb-8c7a1de3ce43,2535,1785910358717617424,1785910358847742424,130,true,0.578963,0.537896
51907250-679c-4801-85ee-20781f0ac08e,d17244fd-0b3d-4607-90cb-8c7a1de3ce43,2536,1785910358877742424,1785910359022867424,145,true,0.406399,0.707572
51907250-679c-4801-85ee-20781f0ac08e,d17244fd-0b3d-4607-90cb-8c7a1de3ce43,2537,1785910359052867424,1785910359233124424,180,true,0.528351,0.617732
51907250-679c-4801-85ee-20781f0ac08e,d17244fd-0b3d-4607-90cb-8c7a1de3ce43,2538,1785910359263126424,1785910359798617424,535,true,0.645778,0.611681
51907250-679c-4801-85ee-20781f0ac08e,d17244fd-0b3d-4607-90cb-8c7a1de3ce43,2539,1785910359833617424,1785910360284117424,450,true,0.513909,0.700479
51907250-679c-4801-85ee-20781f0ac08e,d17244fd-0b3d-4607-90cb-8c7a1de3ce43,2540,1785910360309117424,1785910360489242424,180,true,0.479503,0.668041
51907250-679c-4801-85ee-20781f0ac08e,d17244fd-0b3d-4607-90cb-8c7a1de3ce43,2541,1785910360529246424,1785910360984742424,455,true,0.656028,0.601234
51907250-679c-4801-85ee-20781f0ac08e,d17244fd-0b3d-4607-90cb-8c7a1de3ce43,2542,1785910361179867424,1785910361289991424,110,true,0.559183,0.053495
51907250-679c-4801-85ee-20781f0ac08e,d17244fd-0b3d-4607-90cb-8c7a1de3ce43,2543,1785910361334994424,1785910361755491424,420,true,0.516697,0.481639
51907250-679c-4801-85ee-20781f0ac08e,d17244fd-0b3d-4607-90cb-8c7a1de3ce43,2544,1785910361795491424,1785910362250867424,455,true,0.602114,0.413305
51907250-679c-4801-85ee-20781f0ac08e,d17244fd-0b3d-4607-90cb-8c7a1de3ce43,2545,1785910362441116424,1785910362796366424,355,true,0.603476,0.276389
51907250-679c-4801-85ee-20781f0ac08e,d17244fd-0b3d-4607-90cb-8c7a1de3ce43,2546,1785910362836491424,1785910363076741424,240,true,0.402511,0.319458
51907250-679c-4801-85ee-20781f0ac08e,d17244fd-0b3d-4607-90cb-8c7a1de3ce43,2547,1785910363111754424,1785910363296866424,185,true,0.530675,0.624309
51907250-679c-4801-85ee-20781f0ac08e,d17244fd-0b3d-4607-90cb-8c7a1de3ce43,2548,1785910363321866424,1785910363587117424,265,true,0.47328,0.611398
51907250-679c-4801-85ee-20781f0ac08e,d17244fd-0b3d-4607-90cb-8c7a1de3ce43,2549,1785910363717241424,1785910363882491424,165,true,0.619152,0.394891
51907250-679c-4801-85ee-20781f0ac08e,d17244fd-0b3d-4607-90cb-8c7a1de3ce43,2550,1785910364007616424,1785910364167741424,160,true,0.626118,0.229317
51907250-679c-4801-85ee-20781f0ac08e,d17244fd-0b3d-4607-90cb-8c7a1de3ce43,2551,1785910364212741424,1785910364653116424,440,true,0.398393,0.296939
51907250-679c-4801-85ee-20781f0ac08e,d17244fd-0b3d-4607-90cb-8c7a1de3ce43,2552,1785910364708252424,1785910364883370424,175,true,0.524475,0.613816
51907250-679c-4801-85ee-20781f0ac08e,d17244fd-0b3d-4607-90cb-8c7a1de3ce43,2553,1785910364913366424,1785910365093616424,180,true,0.452315,0.619494
51907250-679c-4801-85ee-20781f0ac08e,d17244fd-0b3d-4607-90cb-8c7a1de3ce43,2554,1785910365273748424,1785910365383866424,110,true,0.602119,0.359576
51907250-679c-4801-85ee-20781f0ac08e,d17244fd-0b3d-4607-90cb-8c7a1de3ce43,2555,1785910365398866424,1785910365533991424,135,true,0.590395,0.446306
51907250-679c-4801-85ee-20781f0ac08e,d17244fd-0b3d-4607-90cb-8c7a1de3ce43,2556,1785910365699116424,1785910365904366424,205,false,0.812877,-0.127754
51907250-679c-4801-85ee-20781f0ac08e,d17244fd-0b3d-4607-90cb-8c7a1de3ce43,2557,1785910365959366424,1785910366164616424,205,true,0.535182,-0.003202
51907250-679c-4801-85ee-20781f0ac08e,d17244fd-0b3d-4607-90cb-8c7a1de3ce43,2558,1785910366199616424,1785910366564991424,365,true,0.603137,0.106646
51907250-679c-4801-85ee-20781f0ac08e,d17244fd-0b3d-4607-90cb-8c7a1de3ce43,2559,1785910366599991424,1785910366705116424,105,true,0.532104,0.073372
51907250-679c-4801-85ee-20781f0ac08e,d17244fd-0b3d-4607-90cb-8c7a1de3ce43,2561,1785910367125491424,1785910367325616424,200,true,0.528832,0.421248
51907250-679c-4801-85ee-20781f0ac08e,d17244fd-0b3d-4607-90cb-8c7a1de3ce43,2562,1785910367405741424,1785910367490866424,85,true,0.322852,0.632255
51907250-679c-4801-85ee-20781f0ac08e,d17244fd-0b3d-4607-90cb-8c7a1de3ce43,2563,1785910367530866424,1785910368596875424,1066,true,0.480514,0.590541
51907250-679c-4801-85ee-20781f0ac08e,d17244fd-0b3d-4607-90cb-8c7a1de3ce43,2564,1785910368962241424,1785910369037241424,75,true,0.524832,0.395758
51907250-679c-4801-85ee-20781f0ac08e,d17244fd-0b3d-4607-90cb-8c7a1de3ce43,2571,1785910372525490424,1785910372760740424,235,true,0.466683,0.621899
51907250-679c-4801-85ee-20781f0ac08e,d17244fd-0b3d-4607-90cb-8c7a1de3ce43,2573,1785910373876875424,1785910373886865424,9,true,0.453467,0.084099
51907250-679c-4801-85ee-20781f0ac08e,d17244fd-0b3d-4607-90cb-8c7a1de3ce43,2574,1785910373921870424,1785910373971865424,49,true,0.551149,0.158218
51907250-679c-4801-85ee-20781f0ac08e,d17244fd-0b3d-4607-90cb-8c7a1de3ce43,2575,1785910374132002424,1785910374392240424,260,true,0.485603,0.062309
51907250-679c-4801-85ee-20781f0ac08e,d17244fd-0b3d-4607-90cb-8c7a1de3ce43,2576,1785910374497365424,1785910374667490424,170,true,0.48039,0.553826
51907250-679c-4801-85ee-20781f0ac08e,d17244fd-0b3d-4607-90cb-8c7a1de3ce43,2577,1785910374992865424,1785910375087990424,95,true,0.523019,0.828299
51907250-679c-4801-85ee-20781f0ac08e,d17244fd-0b3d-4607-90cb-8c7a1de3ce43,2578,1785910375183001424,1785910376078865424,895,true,0.508676,0.593246
51907250-679c-4801-85ee-20781f0ac08e,d17244fd-0b3d-4607-90cb-8c7a1de3ce43,2579,1785910376103865424,1785910376389115424,285,true,0.50641,0.415431
51907250-679c-4801-85ee-20781f0ac08e,d17244fd-0b3d-4607-90cb-8c7a1de3ce43,2580,1785910376574365424,1785910376859615424,285,true,0.516526,0.033361
51907250-679c-4801-85ee-20781f0ac08e,d17244fd-0b3d-4607-90cb-8c7a1de3ce43,2581,1785910376899627424,1785910377375115424,475,true,0.527069,0.374147
51907250-679c-4801-85ee-20781f0ac08e,d17244fd-0b3d-4607-90cb-8c7a1de3ce43,2582,1785910377410115424,1785910377505240424,95,true,0.643312,0.442014
51907250-679c-4801-85ee-20781f0ac08e,d17244fd-0b3d-4607-90cb-8c7a1de3ce43,2583,1785910377555250424,1785910377730365424,175,true,0.585937,0.452401
51907250-679c-4801-85ee-20781f0ac08e,d17244fd-0b3d-4607-90cb-8c7a1de3ce43,2584,1785910377965617424,1785910378240865424,275,true,0.620218,0.256865
51907250-679c-4801-85ee-20781f0ac08e,d17244fd-0b3d-4607-90cb-8c7a1de3ce43,2585,1785910378280990424,1785910378521115424,240,true,0.403156,0.253987
51907250-679c-4801-85ee-20781f0ac08e,d17244fd-0b3d-4607-90cb-8c7a1de3ce43,2586,1785910378571240424,1785910378701365424,130,true,0.54599,0.656367
51907250-679c-4801-85ee-20781f0ac08e,d17244fd-0b3d-4607-90cb-8c7a1de3ce43,2587,1785910378736365424,1785910378866490424,130,true,0.465205,0.636386
51907250-679c-4801-85ee-20781f0ac08e,d17244fd-0b3d-4607-90cb-8c7a1de3ce43,2588,1785910378901490424,1785910379001615424,100,true,0.576131,0.560487
51907250-679c-4801-85ee-20781f0ac08e,d17244fd-0b3d-4607-90cb-8c7a1de3ce43,2589,1785910379281865424,1785910379502115424,220,true,0.618486,0.306176
51907250-679c-4801-85ee-20781f0ac08e,d17244fd-0b3d-4607-90cb-8c7a1de3ce43,2590,1785910379547115424,1785910379712240424,165,true,0.400557,0.254835
51907250-679c-4801-85ee-20781f0ac08e,d17244fd-0b3d-4607-90cb-8c7a1de3ce43,2591,1785910379792365424,1785910380127615424,335,true,0.564244,0.617451
51907250-679c-4801-85ee-20781f0ac08e,d17244fd-0b3d-4607-90cb-8c7a1de3ce43,2592,1785910380347865424,1785910380573115424,225,true,0.597929,0.304595
51907250-679c-4801-85ee-20781f0ac08e,d17244fd-0b3d-4607-90cb-8c7a1de3ce43,2593,1785910380623114424,1785910380768247424,145,true,0.4398,0.215304
51907250-679c-4801-85ee-20781f0ac08e,d17244fd-0b3d-4607-90cb-8c7a1de3ce43,2594,1785910380908365424,1785910380988490424,80,true,0.619478,0.315494
51907250-679c-4801-85ee-20781f0ac08e,d17244fd-0b3d-4607-90cb-8c7a1de3ce43,2595,1785910381258739424,1785910381508989424,250,false,0.570207,-0.048417
51907250-679c-4801-85ee-20781f0ac08e,d17244fd-0b3d-4607-90cb-8c7a1de3ce43,2596,1785910381558989424,1785910381924365424,365,true,0.604741,0.127812
51907250-679c-4801-85ee-20781f0ac08e,d17244fd-0b3d-4607-90cb-8c7a1de3ce43,2597,1785910381954364424,1785910382384739424,430,true,0.533527,0.128234
51907250-679c-4801-85ee-20781f0ac08e,d17244fd-0b3d-4607-90cb-8c7a1de3ce43,2598,1785910382439878424,1785910382825239424,385,true,0.57535,0.514693
51907250-679c-4801-85ee-20781f0ac08e,d17244fd-0b3d-4607-90cb-8c7a1de3ce43,2599,1785910382860239424,1785910382910239424,50,true,0.518227,0.42023
51907250-679c-4801-85ee-20781f0ac08e,d17244fd-0b3d-4607-90cb-8c7a1de3ce43,2600,1785910383045364424,1785910383270614424,225,true,0.524534,0.683424
51907250-679c-4801-85ee-20781f0ac08e,d17244fd-0b3d-4607-90cb-8c7a1de3ce43,2601,1785910383310618424,1785910383530872424,220,true,0.671979,0.629328
51907250-679c-4801-85ee-20781f0ac08e,d17244fd-0b3d-4607-90cb-8c7a1de3ce43,2602,1785910383590864424,1785910383751114424,160,true,0.3376,0.583957
51907250-679c-4801-85ee-20781f0ac08e,d17244fd-0b3d-4607-90cb-8c7a1de3ce43,2603,1785910383786114424,1785910384046364424,260,true,0.447074,0.519388
51907250-679c-4801-85ee-20781f0ac08e,d17244fd-0b3d-4607-90cb-8c7a1de3ce43,2604,1785910384081368424,1785910384381614424,300,true,0.509088,0.430424
51907250-679c-4801-85ee-20781f0ac08e,d17244fd-0b3d-4607-90cb-8c7a1de3ce43,2605,1785910384401614424,1785910384481739424,80,true,0.479549,0.516731
51907250-679c-4801-85ee-20781f0ac08e,d17244fd-0b3d-4607-90cb-8c7a1de3ce43,2606,1785910384671989424,1785910384801989424,130,true,0.49382,0.780065
51907250-679c-4801-85ee-20781f0ac08e,d17244fd-0b3d-4607-90cb-8c7a1de3ce43,2607,1785910384837114424,1785910385422614424,585,true,0.506409,0.570537
51907250-679c-4801-85ee-20781f0ac08e,d17244fd-0b3d-4607-90cb-8c7a1de3ce43,2608,1785910385462622424,1785910385577739424,115,true,0.364423,0.566375
51907250-679c-4801-85ee-20781f0ac08e,d17244fd-0b3d-4607-90cb-8c7a1de3ce43,2609,1785910385617864424,1785910385998120424,380,true,0.506055,0.481714
51907250-679c-4801-85ee-20781f0ac08e,d17244fd-0b3d-4607-90cb-8c7a1de3ce43,2610,1785910386033239424,1785910386403628424,370,true,0.487204,0.409754
51907250-679c-4801-85ee-20781f0ac08e,d17244fd-0b3d-4607-90cb-8c7a1de3ce43,2611,1785910386498614424,1785910386568752424,70,true,0.293834,0.585765
51907250-679c-4801-85ee-20781f0ac08e,d17244fd-0b3d-4607-90cb-8c7a1de3ce43,2612,1785910386869002424,1785910387019114424,150,true,0.519543,0.379867
51907250-679c-4801-85ee-20781f0ac08e,d17244fd-0b3d-4607-90cb-8c7a1de3ce43,2613,1785910387049114424,1785910387749864424,700,true,0.56679,0.453096
51907250-679c-4801-85ee-20781f0ac08e,d17244fd-0b3d-4607-90cb-8c7a1de3ce43,2614,1785910387779864424,1785910388110114424,330,true,0.600558,0.304179
51907250-679c-4801-85ee-20781f0ac08e,d17244fd-0b3d-4607-90cb-8c7a1de3ce43,2615,1785910388295364424,1785910388465493424,170,true,0.624832,0.233855
51907250-679c-4801-85ee-20781f0ac08e,d17244fd-0b3d-4607-90cb-8c7a1de3ce43,2616,1785910388490489424,1785910389071118424,580,true,0.576449,0.31303
51907250-679c-4801-85ee-20781f0ac08e,d17244fd-0b3d-4607-90cb-8c7a1de3ce43,2617,1785910389106114424,1785910389641614424,535,true,0.648679,0.327043
51907250-679c-4801-85ee-20781f0ac08e,d17244fd-0b3d-4607-90cb-8c7a1de3ce43,2618,1785910389851739424,1785910389971864424,120,true,0.516832,0.470708
51907250-679c-4801-85ee-20781f0ac08e,d17244fd-0b3d-4607-90cb-8c7a1de3ce43,2619,1785910390001989424,1785910390187114424,185,true,0.654264,0.329574
51907250-679c-4801-85ee-20781f0ac08e,d17244fd-0b3d-4607-90cb-8c7a1de3ce43,2620,1785910390222114424,1785910390732626424,510,true,0.427077,0.251179
51907250-679c-4801-85ee-20781f0ac08e,d17244fd-0b3d-4607-90cb-8c7a1de3ce43,2621,1785910390777614424,1785910391032864424,255,true,0.544841,0.564879
51907250-679c-4801-85ee-20781f0ac08e,d17244fd-0b3d-4607-90cb-8c7a1de3ce43,2622,1785910391228114424,1785910391618489424,390,true,0.606967,0.104766
51907250-679c-4801-85ee-20781f0ac08e,d17244fd-0b3d-4607-90cb-8c7a1de3ce43,2623,1785910391638493424,1785910392369114424,730,true,0.541408,0.125816
51907250-679c-4801-85ee-20781f0ac08e,d17244fd-0b3d-4607-90cb-8c7a1de3ce43,2624,1785910392539363424,1785910392899626424,360,true,0.479032,0.541912
51907250-679c-4801-85ee-20781f0ac08e,d17244fd-0b3d-4607-90cb-8c7a1de3ce43,2625,1785910392929613424,1785910394225871424,1296,true,0.534071,0.628337
51907250-679c-4801-85ee-20781f0ac08e,d17244fd-0b3d-4607-90cb-8c7a1de3ce43,2627,1785910394646238424,1785910394926493424,280,true,0.655218,0.577716
51907250-679c-4801-85ee-20781f0ac08e,d17244fd-0b3d-4607-90cb-8c7a1de3ce43,2628,1785910394961613424,1785910395081746424,120,true,0.558123,0.560203
51907250-679c-4801-85ee-20781f0ac08e,d17244fd-0b3d-4607-90cb-8c7a1de3ce43,2629,1785910395131738424,1785910395286863424,155,true,0.529447,0.168554
51907250-679c-4801-85ee-20781f0ac08e,d17244fd-0b3d-4607-90cb-8c7a1de3ce43,2630,1785910395331863424,1785910395507113424,175,true,0.573115,0.422649
51907250-679c-4801-85ee-20781f0ac08e,d17244fd-0b3d-4607-90cb-8c7a1de3ce43,2631,1785910395617238424,1785910395827363424,210,true,0.651993,0.261203
51907250-679c-4801-85ee-20781f0ac08e,d17244fd-0b3d-4607-90cb-8c7a1de3ce43,2632,1785910396037613424,1785910396538113424,500,true,0.514667,0.56896
51907250-679c-4801-85ee-20781f0ac08e,d17244fd-0b3d-4607-90cb-8c7a1de3ce43,2633,1785910396558113424,1785910396693250424,135,true,0.539353,0.630561
51907250-679c-4801-85ee-20781f0ac08e,d17244fd-0b3d-4607-90cb-8c7a1de3ce43,2634,1785910396713238424,1785910397118617424,405,true,0.499433,0.636605
51907250-679c-4801-85ee-20781f0ac08e,d17244fd-0b3d-4607-90cb-8c7a1de3ce43,2635,1785910397133613424,1785910397258738424,125,true,0.535991,0.606113
51907250-679c-4801-85ee-20781f0ac08e,d17244fd-0b3d-4607-90cb-8c7a1de3ce43,2636,1785910397283738424,1785910397408875424,125,true,0.504786,0.648118
51907250-679c-4801-85ee-20781f0ac08e,d17244fd-0b3d-4607-90cb-8c7a1de3ce43,2637,1785910397438863424,1785910397573988424,135,true,0.440371,0.708474
51907250-679c-4801-85ee-20781f0ac08e,d17244fd-0b3d-4607-90cb-8c7a1de3ce43,2638,1785910397604113424,1785910397834238424,230,true,0.542638,0.632998
51907250-679c-4801-85ee-20781f0ac08e,d17244fd-0b3d-4607-90cb-8c7a1de3ce43,2639,1785910397864238424,1785910398114488424,250,true,0.46322,0.645287
51907250-679c-4801-85ee-20781f0ac08e,d17244fd-0b3d-4607-90cb-8c7a1de3ce43,2640,1785910398139613424,1785910398539988424,400,true,0.537993,0.626491
51907250-679c-4801-85ee-20781f0ac08e,d17244fd-0b3d-4607-90cb-8c7a1de3ce43,2641,1785910398730121424,1785910398825238424,95,true,0.528408,0.505631
51907250-679c-4801-85ee-20781f0ac08e,d17244fd-0b3d-4607-90cb-8c7a1de3ce43,2642,1785910399025363424,1785910399415738424,390,true,0.568409,0.092803
51907250-679c-4801-85ee-20781f0ac08e,d17244fd-0b3d-4607-90cb-8c7a1de3ce43,2643,1785910399435738424,1785910399771113424,335,true,0.58544,0.153822
51907250-679c-4801-85ee-20781f0ac08e,d17244fd-0b3d-4607-90cb-8c7a1de3ce43,2644,1785910399796113424,1785910400416738424,620,true,0.529519,0.152713
51907250-679c-4801-85ee-20781f0ac08e,d17244fd-0b3d-4607-90cb-8c7a1de3ce43,2645,1785910400796988424,1785910401207488424,410,true,0.476546,0.577082
51907250-679c-4801-85ee-20781f0ac08e,d17244fd-0b3d-4607-90cb-8c7a1de3ce43,2646,1785910401257488424,1785910401392613424,135,true,0.674013,0.672156
51907250-679c-4801-85ee-20781f0ac08e,d17244fd-0b3d-4607-90cb-8c7a1de3ce43,2647,1785910401427613424,1785910402423612424,995,true,0.500713,0.684328
51907250-679c-4801-85ee-20781f0ac08e,d17244fd-0b3d-4607-90cb-8c7a1de3ce43,2648,1785910402758863424,1785910403009112424,250,true,0.480175,0.236107
51907250-679c-4801-85ee-20781f0ac08e,d17244fd-0b3d-4607-90cb-8c7a1de3ce43,2649,1785910403039112424,1785910403484615424,445,true,0.499958,0.09339
51907250-679c-4801-85ee-20781f0ac08e,d17244fd-0b3d-4607-90cb-8c7a1de3ce43,2650,1785910403524621424,1785910403789869424,265,true,0.596541,0.41874
51907250-679c-4801-85ee-20781f0ac08e,d17244fd-0b3d-4607-90cb-8c7a1de3ce43,2651,1785910403844862424,1785910403999988424,155,true,0.463679,0.696703
51907250-679c-4801-85ee-20781f0ac08e,d17244fd-0b3d-4607-90cb-8c7a1de3ce43,2652,1785910404035112424,1785910404125112424,90,true,0.37547,0.670965
51907250-679c-4801-85ee-20781f0ac08e,d17244fd-0b3d-4607-90cb-8c7a1de3ce43,2653,1785910404385362424,1785910404650612424,265,true,0.58914,0.553203
51907250-679c-4801-85ee-20781f0ac08e,d17244fd-0b3d-4607-90cb-8c7a1de3ce43,2654,1785910404675737424,1785910404905862424,230,true,0.608022,0.469017
51907250-679c-4801-85ee-20781f0ac08e,d17244fd-0b3d-4607-90cb-8c7a1de3ce43,2655,1785910404935987424,1785910405166112424,230,true,0.608879,0.301979
51907250-679c-4801-85ee-20781f0ac08e,d17244fd-0b3d-4607-90cb-8c7a1de3ce43,2656,1785910405206237424,1785910405351362424,145,true,0.413217,0.363586
51907250-679c-4801-85ee-20781f0ac08e,d17244fd-0b3d-4607-90cb-8c7a1de3ce43,2657,1785910405556487424,1785910405746742424,190,true,0.56729,0.370134
51907250-679c-4801-85ee-20781f0ac08e,d17244fd-0b3d-4607-90cb-8c7a1de3ce43,2658,1785910405771737424,1785910406031987424,260,true,0.601404,0.534316
51907250-679c-4801-85ee-20781f0ac08e,d17244fd-0b3d-4607-90cb-8c7a1de3ce43,2659,1785910406061993424,1785910406327237424,265,true,0.621513,0.332743
51907250-679c-4801-85ee-20781f0ac08e,d17244fd-0b3d-4607-90cb-8c7a1de3ce43,2660,1785910406367237424,1785910406532362424,165,true,0.475396,0.560649
51907250-679c-4801-85ee-20781f0ac08e,d17244fd-0b3d-4607-90cb-8c7a1de3ce43,2661,1785910406567487424,1785910406707612424,140,true,0.400488,0.638562
51907250-679c-4801-85ee-20781f0ac08e,d17244fd-0b3d-4607-90cb-8c7a1de3ce43,2662,1785910406752612424,1785910406992862424,240,true,0.55742,0.602607
51907250-679c-4801-85ee-20781f0ac08e,d17244fd-0b3d-4607-90cb-8c7a1de3ce43,2663,1785910407177987424,1785910407633487424,455,true,0.599227,0.066286
51907250-679c-4801-85ee-20781f0ac08e,d17244fd-0b3d-4607-90cb-8c7a1de3ce43,2664,1785910407663487424,1785910408183987424,520,true,0.523054,0.135327
51907250-679c-4801-85ee-20781f0ac08e,d17244fd-0b3d-4607-90cb-8c7a1de3ce43,2665,1785910408238987424,1785910408699487424,460,true,0.501144,0.561303
51907250-679c-4801-85ee-20781f0ac08e,d17244fd-0b3d-4607-90cb-8c7a1de3ce43,2666,1785910408739488424,1785910408879612424,140,true,0.501756,0.822548
51907250-679c-4801-85ee-20781f0ac08e,d17244fd-0b3d-4607-90cb-8c7a1de3ce43,2667,1785910408904619424,1785910409154862424,250,true,0.493981,0.696586
51907250-679c-4801-85ee-20781f0ac08e,d17244fd-0b3d-4607-90cb-8c7a1de3ce43,2668,1785910409189862424,1785910409350125424,160,true,0.510777,0.422531
51907250-679c-4801-85ee-20781f0ac08e,d17244fd-0b3d-4607-90cb-8c7a1de3ce43,2669,1785910409390112424,1785910409985612424,595,true,0.498928,0.623469
51907250-679c-4801-85ee-20781f0ac08e,d17244fd-0b3d-4607-90cb-8c7a1de3ce43,2670,1785910410035737424,1785910410150862424,115,true,0.49568,0.386398
51907250-679c-4801-85ee-20781f0ac08e,d17244fd-0b3d-4607-90cb-8c7a1de3ce43,2671,1785910410335987424,1785910410571237424,235,true,0.51386,0.376186
51907250-679c-4801-85ee-20781f0ac08e,d17244fd-0b3d-4607-90cb-8c7a1de3ce43,2672,1785910410611237424,1785910410736366424,125,true,0.729642,0.1879
51907250-679c-4801-85ee-20781f0ac08e,d17244fd-0b3d-4607-90cb-8c7a1de3ce43,2673,1785910410781362424,1785910410981612424,200,true,0.502404,0.227501
51907250-679c-4801-85ee-20781f0ac08e,d17244fd-0b3d-4607-90cb-8c7a1de3ce43,2674,1785910411021612424,1785910411181737424,160,true,0.586482,0.450618
51907250-679c-4801-85ee-20781f0ac08e,d17244fd-0b3d-4607-90cb-8c7a1de3ce43,2675,1785910411201750424,1785910411331862424,130,true,0.608033,0.508177
51907250-679c-4801-85ee-20781f0ac08e,d17244fd-0b3d-4607-90cb-8c7a1de3ce43,2676,1785910411366987424,1785910411542112424,175,true,0.492069,0.628985
51907250-679c-4801-85ee-20781f0ac08e,d17244fd-0b3d-4607-90cb-8c7a1de3ce43,2677,1785910411577112424,1785910411662237424,85,true,0.568092,0.601083
51907250-679c-4801-85ee-20781f0ac08e,d17244fd-0b3d-4607-90cb-8c7a1de3ce43,2678,1785910411812362424,1785910412012612424,200,true,0.573084,0.28129
51907250-679c-4801-85ee-20781f0ac08e,d17244fd-0b3d-4607-90cb-8c7a1de3ce43,2679,1785910412047616424,1785910412287868424,240,true,0.421196,0.305998
51907250-679c-4801-85ee-20781f0ac08e,d17244fd-0b3d-4607-90cb-8c7a1de3ce43,2680,1785910412327862424,1785910412543112424,215,true,0.62371,0.381295
51907250-679c-4801-85ee-20781f0ac08e,d17244fd-0b3d-4607-90cb-8c7a1de3ce43,2681,1785910412778237424,1785910412973501424,195,true,0.597363,0.408947
51907250-679c-4801-85ee-20781f0ac08e,d17244fd-0b3d-4607-90cb-8c7a1de3ce43,2682,1785910413013487424,1785910413183615424,170,true,0.453635,0.613258
51907250-679c-4801-85ee-20781f0ac08e,d17244fd-0b3d-4607-90cb-8c7a1de3ce43,2683,1785910413213737424,1785910413323737424,110,true,0.56216,0.545282
51907250-679c-4801-85ee-20781f0ac08e,d17244fd-0b3d-4607-90cb-8c7a1de3ce43,2684,1785910413358862424,1785910413614119424,255,true,0.620369,0.444952
51907250-679c-4801-85ee-20781f0ac08e,d17244fd-0b3d-4607-90cb-8c7a1de3ce43,2685,1785910413639112424,1785910413644112424,5,true,0.608154,0.379053
51907250-679c-4801-85ee-20781f0ac08e,d17244fd-0b3d-4607-90cb-8c7a1de3ce43,2686,1785910413849236424,1785910414049487424,200,true,0.425928,0.326869
51907250-679c-4801-85ee-20781f0ac08e,d17244fd-0b3d-4607-90cb-8c7a1de3ce43,2687,1785910414089486424,1785910414264611424,175,true,0.581958,0.532725
51907250-679c-4801-85ee-20781f0ac08e,d17244fd-0b3d-4607-90cb-8c7a1de3ce43,2688,1785910414289736424,1785910414524862424,235,true,0.611704,0.441094
51907250-679c-4801-85ee-20781f0ac08e,d17244fd-0b3d-4607-90cb-8c7a1de3ce43,2689,1785910414649991424,1785910414935366424,285,true,0.656643,0.042065
51907250-679c-4801-85ee-20781f0ac08e,d17244fd-0b3d-4607-90cb-8c7a1de3ce43,2690,1785910414965361424,1785910416191486424,1226,true,0.528858,0.146593
51907250-679c-4801-85ee-20781f0ac08e,d17244fd-0b3d-4607-90cb-8c7a1de3ce43,2691,1785910416246486424,1785910416686986424,440,true,0.542811,0.501255
51907250-679c-4801-85ee-20781f0ac08e,d17244fd-0b3d-4607-90cb-8c7a1de3ce43,2692,1785910416736986424,1785910417037243424,300,true,0.36372,0.686563
51907250-679c-4801-85ee-20781f0ac08e,d17244fd-0b3d-4607-90cb-8c7a1de3ce43,2693,1785910417077361424,1785910417202486424,125,true,0.47442,0.594285
51907250-679c-4801-85ee-20781f0ac08e,d17244fd-0b3d-4607-90cb-8c7a1de3ce43,2694,1785910417242486424,1785910417387611424,145,true,0.615168,0.587963
51907250-679c-4801-85ee-20781f0ac08e,d17244fd-0b3d-4607-90cb-8c7a1de3ce43,2695,1785910417422621424,1785910417677861424,255,true,0.499042,0.421537
51907250-679c-4801-85ee-20781f0ac08e,d17244fd-0b3d-4607-90cb-8c7a1de3ce43,2696,1785910417712861424,1785910417832991424,120,true,0.507987,0.611652
51907250-679c-4801-85ee-20781f0ac08e,d17244fd-0b3d-4607-90cb-8c7a1de3ce43,2697,1785910417873121424,1785910418008236424,135,true,0.691819,0.617534
51907250-679c-4801-85ee-20781f0ac08e,d17244fd-0b3d-4607-90cb-8c7a1de3ce43,2698,1785910418043236424,1785910418303499424,260,true,0.556961,0.548575
51907250-679c-4801-85ee-20781f0ac08e,d17244fd-0b3d-4607-90cb-8c7a1de3ce43,2699,1785910418323486424,1785910418528611424,205,true,0.490029,0.457723
51907250-679c-4801-85ee-20781f0ac08e,d17244fd-0b3d-4607-90cb-8c7a1de3ce43,2700,1785910418543736424,1785910419274363424,730,true,0.512226,0.493849
51907250-679c-4801-85ee-20781f0ac08e,d17244fd-0b3d-4607-90cb-8c7a1de3ce43,2701,1785910419309364424,1785910419439491424,130,true,0.679973,0.563629
51907250-679c-4801-85ee-20781f0ac08e,d17244fd-0b3d-4607-90cb-8c7a1de3ce43,2702,1785910419539615424,1785910419659736424,120,true,0.499078,0.309237
51907250-679c-4801-85ee-20781f0ac08e,d17244fd-0b3d-4607-90cb-8c7a1de3ce43,2703,1785910419864861424,1785910419939986424,75,true,0.546998,0.337949
51907250-679c-4801-85ee-20781f0ac08e,d17244fd-0b3d-4607-90cb-8c7a1de3ce43,2704,1785910419954986424,1785910420175236424,220,true,0.547892,0.412544
51907250-679c-4801-85ee-20781f0ac08e,d17244fd-0b3d-4607-90cb-8c7a1de3ce43,2705,1785910420215236424,1785910420480486424,265,true,0.656042,0.519202
51907250-679c-4801-85ee-20781f0ac08e,d17244fd-0b3d-4607-90cb-8c7a1de3ce43,2706,1785910420510486424,1785910420630615424,120,true,0.576625,0.441705
51907250-679c-4801-85ee-20781f0ac08e,d17244fd-0b3d-4607-90cb-8c7a1de3ce43,2707,1785910420845862424,1785910420945986424,100,true,0.619151,0.352346
51907250-679c-4801-85ee-20781f0ac08e,d17244fd-0b3d-4607-90cb-8c7a1de3ce43,2708,1785910420990986424,1785910421101111424,110,true,0.437051,0.324022
51907250-679c-4801-85ee-20781f0ac08e,d17244fd-0b3d-4607-90cb-8c7a1de3ce43,2709,1785910421141111424,1785910421361361424,220,true,0.618968,0.373008
51907250-679c-4801-85ee-20781f0ac08e,d17244fd-0b3d-4607-90cb-8c7a1de3ce43,2710,1785910421381361424,1785910422437361424,1056,true,0.580312,0.351396
51907250-679c-4801-85ee-20781f0ac08e,d17244fd-0b3d-4607-90cb-8c7a1de3ce43,2711,1785910422462361424,1785910422537486424,75,true,0.576803,0.23826
51907250-679c-4801-85ee-20781f0ac08e,d17244fd-0b3d-4607-90cb-8c7a1de3ce43,2712,1785910422802736424,1785910422907736424,105,true,0.641876,0.25521
51907250-679c-4801-85ee-20781f0ac08e,d17244fd-0b3d-4607-90cb-8c7a1de3ce43,2713,1785910422987861424,1785910423132986424,145,true,0.658217,0.331269
51907250-679c-4801-85ee-20781f0ac08e,d17244fd-0b3d-4607-90cb-8c7a1de3ce43,2716,1785910424494236424,1785910424584361424,90,false,0.497299,-0.032054
51907250-679c-4801-85ee-20781f0ac08e,d17244fd-0b3d-4607-90cb-8c7a1de3ce43,2718,1785910425114861424,1785910425144868424,30,true,0.473902,0.15963
51907250-679c-4801-85ee-20781f0ac08e,d17244fd-0b3d-4607-90cb-8c7a1de3ce43,2720,1785910425610360424,1785910425655360424,45,true,0.466335,0.60094
51907250-679c-4801-85ee-20781f0ac08e,d17244fd-0b3d-4607-90cb-8c7a1de3ce43,2722,1785910425980611424,1785910426215866424,235,true,0.551111,0.671026
bdedf6dc-ea0b-483b-bd39-8f6d850962e7,d17244fd-0b3d-4607-90cb-8c7a1de3ce43,2761,1785910438307234424,1785910438367234424,60,true,0.532288,0.601314
bdedf6dc-ea0b-483b-bd39-8f6d850962e7,d17244fd-0b3d-4607-90cb-8c7a1de3ce43,2764,1785910439673484424,1785910439948734424,275,true,0.588973,0.150674
bdedf6dc-ea0b-483b-bd39-8f6d850962e7,d17244fd-0b3d-4607-90cb-8c7a1de3ce43,2765,1785910439983739424,1785910440043871424,60,true,0.465777,0.125627
bdedf6dc-ea0b-483b-bd39-8f6d850962e7,d17244fd-0b3d-4607-90cb-8c7a1de3ce43,2766,1785910440279109424,1785910440474234424,195,true,0.518769,0.136343
bdedf6dc-ea0b-483b-bd39-8f6d850962e7,d17244fd-0b3d-4607-90cb-8c7a1de3ce43,2767,1785910440534359424,1785910440769484424,235,true,0.532024,0.524297
bdedf6dc-ea0b-483b-bd39-8f6d850962e7,d17244fd-0b3d-4607-90cb-8c7a1de3ce43,2769,1785910441159859424,1785910441355109424,195,true,0.41123,0.722829
bdedf6dc-ea0b-483b-bd39-8f6d850962e7,d17244fd-0b3d-4607-90cb-8c7a1de3ce43,2770,1785910441390109424,1785910441565234424,175,true,0.51903,0.468166
bdedf6dc-ea0b-483b-bd39-8f6d850962e7,d17244fd-0b3d-4607-90cb-8c7a1de3ce43,2771,1785910441620359424,1785910441845484424,225,true,0.413627,0.84102
bdedf6dc-ea0b-483b-bd39-8f6d850962e7,d17244fd-0b3d-4607-90cb-8c7a1de3ce43,2772,1785910442080742424,1785910442330984424,250,true,0.543176,0.093295
bdedf6dc-ea0b-483b-bd39-8f6d850962e7,d17244fd-0b3d-4607-90cb-8c7a1de3ce43,2773,1785910442380984424,1785910442501109424,120,true,0.55998,0.542068
bdedf6dc-ea0b-483b-bd39-8f6d850962e7,d17244fd-0b3d-4607-90cb-8c7a1de3ce43,2774,1785910442546234424,1785910442701359424,155,true,0.307725,0.644049
bdedf6dc-ea0b-483b-bd39-8f6d850962e7,d17244fd-0b3d-4607-90cb-8c7a1de3ce43,2775,1785910442751362424,1785910443206859424,455,true,0.510278,0.196023
bdedf6dc-ea0b-483b-bd39-8f6d850962e7,d17244fd-0b3d-4607-90cb-8c7a1de3ce43,2776,1785910443261859424,1785910443477109424,215,true,0.460931,0.738786
bdedf6dc-ea0b-483b-bd39-8f6d850962e7,d17244fd-0b3d-4607-90cb-8c7a1de3ce43,2777,1785910443517116424,1785910443872487424,355,true,0.320059,0.639643
bdedf6dc-ea0b-483b-bd39-8f6d850962e7,d17244fd-0b3d-4607-90cb-8c7a1de3ce43,2778,1785910443907486424,1785910444392868424,485,true,0.497599,0.861514
bdedf6dc-ea0b-483b-bd39-8f6d850962e7,d17244fd-0b3d-4607-90cb-8c7a1de3ce43,2779,1785910444432984424,1785910444893359424,460,true,0.309085,0.609893
bdedf6dc-ea0b-483b-bd39-8f6d850962e7,d17244fd-0b3d-4607-90cb-8c7a1de3ce43,2780,1785910445078609424,1785910445188609424,110,true,0.431627,0.407475
bdedf6dc-ea0b-483b-bd39-8f6d850962e7,d17244fd-0b3d-4607-90cb-8c7a1de3ce43,2781,1785910445223734424,1785910445343859424,120,true,0.557244,0.574919
bdedf6dc-ea0b-483b-bd39-8f6d850962e7,d17244fd-0b3d-4607-90cb-8c7a1de3ce43,2782,1785910445378859424,1785910445629109424,250,true,0.608156,0.515667
bdedf6dc-ea0b-483b-bd39-8f6d850962e7,d17244fd-0b3d-4607-90cb-8c7a1de3ce43,2783,1785910445659109424,1785910445814241424,155,true,0.641504,0.379633
bdedf6dc-ea0b-483b-bd39-8f6d850962e7,d17244fd-0b3d-4607-90cb-8c7a1de3ce43,2784,1785910445834238424,1785910446194609424,360,true,0.585247,0.317636
bdedf6dc-ea0b-483b-bd39-8f6d850962e7,d17244fd-0b3d-4607-90cb-8c7a1de3ce43,2785,1785910446224613424,1785910446624984424,400,true,0.66023,0.365003
bdedf6dc-ea0b-483b-bd39-8f6d850962e7,d17244fd-0b3d-4607-90cb-8c7a1de3ce43,2786,1785910446805234424,1785910447115488424,310,true,0.64508,0.304729
bdedf6dc-ea0b-483b-bd39-8f6d850962e7,d17244fd-0b3d-4607-90cb-8c7a1de3ce43,2787,1785910447145484424,1785910447310609424,165,true,0.576041,0.323076
bdedf6dc-ea0b-483b-bd39-8f6d850962e7,d17244fd-0b3d-4607-90cb-8c7a1de3ce43,2788,1785910447445734424,1785910447821109424,375,true,0.400362,0.303757
bdedf6dc-ea0b-483b-bd39-8f6d850962e7,d17244fd-0b3d-4607-90cb-8c7a1de3ce43,2789,1785910447861118424,1785910448416734424,555,true,0.513134,0.651535
bdedf6dc-ea0b-483b-bd39-8f6d850962e7,d17244fd-0b3d-4607-90cb-8c7a1de3ce43,2790,1785910448606859424,1785910448887109424,280,true,0.633736,0.01605
bdedf6dc-ea0b-483b-bd39-8f6d850962e7,d17244fd-0b3d-4607-90cb-8c7a1de3ce43,2791,1785910448922109424,1785910449757984424,835,true,0.527586,0.134703
bdedf6dc-ea0b-483b-bd39-8f6d850962e7,d17244fd-0b3d-4607-90cb-8c7a1de3ce43,2792,1785910449782984424,1785910449973109424,190,true,0.504859,0.166065
bdedf6dc-ea0b-483b-bd39-8f6d850962e7,d17244fd-0b3d-4607-90cb-8c7a1de3ce43,2793,1785910450218359424,1785910450683859424,465,true,0.454058,0.575823
bdedf6dc-ea0b-483b-bd39-8f6d850962e7,d17244fd-0b3d-4607-90cb-8c7a1de3ce43,2794,1785910450713859424,1785910450934108424,220,true,0.374455,0.636703
bdedf6dc-ea0b-483b-bd39-8f6d850962e7,d17244fd-0b3d-4607-90cb-8c7a1de3ce43,2795,1785910450969109424,1785910451289359424,320,true,0.483817,0.629681
bdedf6dc-ea0b-483b-bd39-8f6d850962e7,d17244fd-0b3d-4607-90cb-8c7a1de3ce43,2796,1785910451324359424,1785910451654734424,330,true,0.47838,0.820652
bdedf6dc-ea0b-483b-bd39-8f6d850962e7,d17244fd-0b3d-4607-90cb-8c7a1de3ce43,2797,1785910451684734424,1785910451934984424,250,true,0.482178,0.681352
bdedf6dc-ea0b-483b-bd39-8f6d850962e7,d17244fd-0b3d-4607-90cb-8c7a1de3ce43,2798,1785910452175234424,1785910452345358424,170,true,0.491033,0.117148
bdedf6dc-ea0b-483b-bd39-8f6d850962e7,d17244fd-0b3d-4607-90cb-8c7a1de3ce43,2799,1785910452395358424,1785910453311233424,915,true,0.57525,0.503585
bdedf6dc-ea0b-483b-bd39-8f6d850962e7,d17244fd-0b3d-4607-90cb-8c7a1de3ce43,2800,1785910453341358424,1785910453556488424,215,true,0.588165,0.314669
bdedf6dc-ea0b-483b-bd39-8f6d850962e7,d17244fd-0b3d-4607-90cb-8c7a1de3ce43,2801,1785910453596608424,1785910453701609424,105,true,0.407436,0.338792
bdedf6dc-ea0b-483b-bd39-8f6d850962e7,d17244fd-0b3d-4607-90cb-8c7a1de3ce43,2802,1785910453911859424,1785910454021983424,110,true,0.475055,0.626231
bdedf6dc-ea0b-483b-bd39-8f6d850962e7,d17244fd-0b3d-4607-90cb-8c7a1de3ce43,2803,1785910454051989424,1785910454152108424,100,true,0.414807,0.666741
bdedf6dc-ea0b-483b-bd39-8f6d850962e7,d17244fd-0b3d-4607-90cb-8c7a1de3ce43,2804,1785910454292244424,1785910454472358424,180,true,0.591954,0.5113
bdedf6dc-ea0b-483b-bd39-8f6d850962e7,d17244fd-0b3d-4607-90cb-8c7a1de3ce43,2805,1785910454492358424,1785910454717608424,225,true,0.587687,0.439062
bdedf6dc-ea0b-483b-bd39-8f6d850962e7,d17244fd-0b3d-4607-90cb-8c7a1de3ce43,2806,1785910454747608424,1785910455077983424,330,true,0.584198,0.298914
bdedf6dc-ea0b-483b-bd39-8f6d850962e7,d17244fd-0b3d-4607-90cb-8c7a1de3ce43,2807,1785910455122983424,1785910455278108424,155,true,0.408151,0.619216
bdedf6dc-ea0b-483b-bd39-8f6d850962e7,d17244fd-0b3d-4607-90cb-8c7a1de3ce43,2808,1785910455308108424,1785910455418233424,110,true,0.478748,0.64316
bdedf6dc-ea0b-483b-bd39-8f6d850962e7,d17244fd-0b3d-4607-90cb-8c7a1de3ce43,2809,1785910455618483424,1785910455743610424,125,true,0.482319,0.611569
bdedf6dc-ea0b-483b-bd39-8f6d850962e7,d17244fd-0b3d-4607-90cb-8c7a1de3ce43,2810,1785910455773608424,1785910455933733424,160,true,0.514996,0.670832
bdedf6dc-ea0b-483b-bd39-8f6d850962e7,d17244fd-0b3d-4607-90cb-8c7a1de3ce43,2811,1785910456003858424,1785910456123858424,120,false,-0.020618,0.556542
bdedf6dc-ea0b-483b-bd39-8f6d850962e7,d17244fd-0b3d-4607-90cb-8c7a1de3ce43,2812,1785910456183983424,1785910456379108424,195,true,0.538393,0.434833
bdedf6dc-ea0b-483b-bd39-8f6d850962e7,d17244fd-0b3d-4607-90cb-8c7a1de3ce43,2813,1785910456414233424,1785910456529244424,115,true,0.598097,0.456647
bdedf6dc-ea0b-483b-bd39-8f6d850962e7,d17244fd-0b3d-4607-90cb-8c7a1de3ce43,2814,1785910456779491424,1785910456939738424,160,false,0.577775,-0.064905
bdedf6dc-ea0b-483b-bd39-8f6d850962e7,d17244fd-0b3d-4607-90cb-8c7a1de3ce43,2815,1785910456979733424,1785910457179858424,200,true,0.521066,0.234057
bdedf6dc-ea0b-483b-bd39-8f6d850962e7,d17244fd-0b3d-4607-90cb-8c7a1de3ce43,2816,1785910457194871424,1785910458265983424,1071,true,0.52146,0.150745
bdedf6dc-ea0b-483b-bd39-8f6d850962e7,d17244fd-0b3d-4607-90cb-8c7a1de3ce43,2817,1785910458295983424,1785910458396108424,100,true,0.482683,0.098902
bdedf6dc-ea0b-483b-bd39-8f6d850962e7,d17244fd-0b3d-4607-90cb-8c7a1de3ce43,2818,1785910458616233424,1785910459071733424,455,true,0.446715,0.5782
bdedf6dc-ea0b-483b-bd39-8f6d850962e7,d17244fd-0b3d-4607-90cb-8c7a1de3ce43,2819,1785910459106733424,1785910459371983424,265,true,0.515625,0.714998
bdedf6dc-ea0b-483b-bd39-8f6d850962e7,d17244fd-0b3d-4607-90cb-8c7a1de3ce43,2820,1785910459386983424,1785910459737358424,350,true,0.468567,0.63454
bdedf6dc-ea0b-483b-bd39-8f6d850962e7,d17244fd-0b3d-4607-90cb-8c7a1de3ce43,2821,1785910459772358424,1785910460007620424,235,true,0.476606,0.428745
bdedf6dc-ea0b-483b-bd39-8f6d850962e7,d17244fd-0b3d-4607-90cb-8c7a1de3ce43,2822,1785910460047608424,1785910460487983424,440,true,0.493726,0.582856
bdedf6dc-ea0b-483b-bd39-8f6d850962e7,d17244fd-0b3d-4607-90cb-8c7a1de3ce43,2823,1785910460703245424,1785910460983483424,280,true,0.515733,0.327257
bdedf6dc-ea0b-483b-bd39-8f6d850962e7,d17244fd-0b3d-4607-90cb-8c7a1de3ce43,2824,1785910461018483424,1785910461283733424,265,true,0.479394,0.523125
bdedf6dc-ea0b-483b-bd39-8f6d850962e7,d17244fd-0b3d-4607-90cb-8c7a1de3ce43,2825,1785910461328858424,1785910461468983424,140,true,0.33537,0.621778
bdedf6dc-ea0b-483b-bd39-8f6d850962e7,d17244fd-0b3d-4607-90cb-8c7a1de3ce43,2826,1785910461513983424,1785910461744233424,230,true,0.599158,0.472539
bdedf6dc-ea0b-483b-bd39-8f6d850962e7,d17244fd-0b3d-4607-90cb-8c7a1de3ce43,2827,1785910461764235424,1785910461864358424,100,true,0.581784,0.401776
bdedf6dc-ea0b-483b-bd39-8f6d850962e7,d17244fd-0b3d-4607-90cb-8c7a1de3ce43,2828,1785910462044483424,1785910462194608424,150,true,0.793127,0.452169
bdedf6dc-ea0b-483b-bd39-8f6d850962e7,d17244fd-0b3d-4607-90cb-8c7a1de3ce43,2829,1785910462249608424,1785910462439858424,190,true,0.441158,0.541938
bdedf6dc-ea0b-483b-bd39-8f6d850962e7,d17244fd-0b3d-4607-90cb-8c7a1de3ce43,2830,1785910462474858424,1785910462489858424,15,true,0.413902,0.690435
bdedf6dc-ea0b-483b-bd39-8f6d850962e7,d17244fd-0b3d-4607-90cb-8c7a1de3ce43,2831,1785910462675108424,1785910462935358424,260,true,0.552172,0.637405
bdedf6dc-ea0b-483b-bd39-8f6d850962e7,d17244fd-0b3d-4607-90cb-8c7a1de3ce43,2832,1785910462955358424,1785910463085483424,130,true,0.51557,0.670345
bdedf6dc-ea0b-483b-bd39-8f6d850962e7,d17244fd-0b3d-4607-90cb-8c7a1de3ce43,2833,1785910463290608424,1785910463530858424,240,true,0.591746,0.394061
bdedf6dc-ea0b-483b-bd39-8f6d850962e7,d17244fd-0b3d-4607-90cb-8c7a1de3ce43,2834,1785910463550858424,1785910463941238424,390,true,0.61176,0.494686
bdedf6dc-ea0b-483b-bd39-8f6d850962e7,d17244fd-0b3d-4607-90cb-8c7a1de3ce43,2835,1785910463961233424,1785910464411742424,450,true,0.567791,0.412237
bdedf6dc-ea0b-483b-bd39-8f6d850962e7,d17244fd-0b3d-4607-90cb-8c7a1de3ce43,2836,1785910464516735424,1785910464676983424,160,false,0.748329,1.927512
bdedf6dc-ea0b-483b-bd39-8f6d850962e7,d17244fd-0b3d-4607-90cb-8c7a1de3ce43,2837,1785910464847107424,1785910465107357424,260,true,0.515452,0.324095
bdedf6dc-ea0b-483b-bd39-8f6d850962e7,d17244fd-0b3d-4607-90cb-8c7a1de3ce43,2838,1785910465357607424,1785910465567732424,210,true,0.456319,0.028651
bdedf6dc-ea0b-483b-bd39-8f6d850962e7,d17244fd-0b3d-4607-90cb-8c7a1de3ce43,2839,1785910465592733424,1785910465883108424,290,true,0.529153,0.033579
bdedf6dc-ea0b-483b-bd39-8f6d850962e7,d17244fd-0b3d-4607-90cb-8c7a1de3ce43,2840,1785910465918107424,1785910466518607424,600,true,0.551162,0.167611
bdedf6dc-ea0b-483b-bd39-8f6d850962e7,d17244fd-0b3d-4607-90cb-8c7a1de3ce43,2841,1785910466733857424,1785910467019107424,285,true,0.458081,0.602299
bdedf6dc-ea0b-483b-bd39-8f6d850962e7,d17244fd-0b3d-4607-90cb-8c7a1de3ce43,2842,1785910467059107424,1785910467199366424,140,true,0.542506,0.427411
bdedf6dc-ea0b-483b-bd39-8f6d850962e7,d17244fd-0b3d-4607-90cb-8c7a1de3ce43,2843,1785910467239357424,1785910467424493424,185,true,0.343979,0.605542
bdedf6dc-ea0b-483b-bd39-8f6d850962e7,d17244fd-0b3d-4607-90cb-8c7a1de3ce43,2844,1785910467449482424,1785910467674742424,225,true,0.439567,0.641925
bdedf6dc-ea0b-483b-bd39-8f6d850962e7,d17244fd-0b3d-4607-90cb-8c7a1de3ce43,2845,1785910467714733424,1785910467864982424,150,true,0.498131,0.451838
bdedf6dc-ea0b-483b-bd39-8f6d850962e7,d17244fd-0b3d-4607-90cb-8c7a1de3ce43,2846,1785910467899982424,1785910468125107424,225,true,0.559309,0.652145
bdedf6dc-ea0b-483b-bd39-8f6d850962e7,d17244fd-0b3d-4607-90cb-8c7a1de3ce43,2847,1785910468160232424,1785910468245241424,85,true,0.481177,0.601532
bdedf6dc-ea0b-483b-bd39-8f6d850962e7,d17244fd-0b3d-4607-90cb-8c7a1de3ce43,2848,1785910468285357424,1785910468500482424,215,true,0.698523,0.640239
bdedf6dc-ea0b-483b-bd39-8f6d850962e7,d17244fd-0b3d-4607-90cb-8c7a1de3ce43,2849,1785910468545615424,1785910469436357424,890,true,0.496938,0.615598
bdedf6dc-ea0b-483b-bd39-8f6d850962e7,d17244fd-0b3d-4607-90cb-8c7a1de3ce43,2850,1785910469471482424,1785910469676607424,205,true,0.687181,0.622062
bdedf6dc-ea0b-483b-bd39-8f6d850962e7,d17244fd-0b3d-4607-90cb-8c7a1de3ce43,2851,1785910469886857424,1785910469976857424,90,true,0.50755,0.333564
bdedf6dc-ea0b-483b-bd39-8f6d850962e7,d17244fd-0b3d-4607-90cb-8c7a1de3ce43,2852,1785910470016982424,1785910470157111424,140,true,0.570462,0.571336
bdedf6dc-ea0b-483b-bd39-8f6d850962e7,d17244fd-0b3d-4607-90cb-8c7a1de3ce43,2853,1785910470202107424,1785910470292232424,90,true,0.689842,0.620369
bdedf6dc-ea0b-483b-bd39-8f6d850962e7,d17244fd-0b3d-4607-90cb-8c7a1de3ce43,2854,1785910470337232424,1785910470627482424,290,true,0.487578,0.753392
bdedf6dc-ea0b-483b-bd39-8f6d850962e7,d17244fd-0b3d-4607-90cb-8c7a1de3ce43,2855,1785910470687607424,1785910470842732424,155,true,0.647206,0.441508
bdedf6dc-ea0b-483b-bd39-8f6d850962e7,d17244fd-0b3d-4607-90cb-8c7a1de3ce43,2856,1785910470862740424,1785910471037857424,175,true,0.576009,0.474479
bdedf6dc-ea0b-483b-bd39-8f6d850962e7,d17244fd-0b3d-4607-90cb-8c7a1de3ce43,2857,1785910471067982424,1785910471202992424,135,true,0.633889,0.318203
bdedf6dc-ea0b-483b-bd39-8f6d850962e7,d17244fd-0b3d-4607-90cb-8c7a1de3ce43,2858,1785910471228107424,1785910472083861424,855,true,0.573845,0.287698
bdedf6dc-ea0b-483b-bd39-8f6d850962e7,d17244fd-0b3d-4607-90cb-8c7a1de3ce43,2859,1785910472349107424,1785910472474232424,125,true,0.603641,0.273567
bdedf6dc-ea0b-483b-bd39-8f6d850962e7,d17244fd-0b3d-4607-90cb-8c7a1de3ce43,2860,1785910472494232424,1785910473194862424,700,true,0.653059,0.285861
bdedf6dc-ea0b-483b-bd39-8f6d850962e7,d17244fd-0b3d-4607-90cb-8c7a1de3ce43,2861,1785910473229982424,1785910473480232424,250,true,0.567292,0.286971
bdedf6dc-ea0b-483b-bd39-8f6d850962e7,d17244fd-0b3d-4607-90cb-8c7a1de3ce43,2862,1785910473755482424,1785910474300982424,545,true,0.551596,0.260548
bdedf6dc-ea0b-483b-bd39-8f6d850962e7,d17244fd-0b3d-4607-90cb-8c7a1de3ce43,2863,1785910474526109424,1785910474911493424,385,false,0.602575,-0.04697
bdedf6dc-ea0b-483b-bd39-8f6d850962e7,d17244fd-0b3d-4607-90cb-8c7a1de3ce43,2864,1785910474951607424,1785910475266857424,315,true,0.49698,0.121566
bdedf6dc-ea0b-483b-bd39-8f6d850962e7,d17244fd-0b3d-4607-90cb-8c7a1de3ce43,2865,1785910475386982424,1785910475502107424,115,true,0.620182,0.163713
bdedf6dc-ea0b-483b-bd39-8f6d850962e7,d17244fd-0b3d-4607-90cb-8c7a1de3ce43,2866,1785910475727361424,1785910476172732424,445,true,0.652215,0.166213
bdedf6dc-ea0b-483b-bd39-8f6d850962e7,d17244fd-0b3d-4607-90cb-8c7a1de3ce43,2867,1785910476202732424,1785910476347857424,145,true,0.722346,0.255909
bdedf6dc-ea0b-483b-bd39-8f6d850962e7,d17244fd-0b3d-4607-90cb-8c7a1de3ce43,2868,1785910476397986424,1785910476578107424,180,true,0.512256,0.396507
bdedf6dc-ea0b-483b-bd39-8f6d850962e7,d17244fd-0b3d-4607-90cb-8c7a1de3ce43,2869,1785910476638107424,1785910476753236424,115,true,0.534493,0.143427
bdedf6dc-ea0b-483b-bd39-8f6d850962e7,d17244fd-0b3d-4607-90cb-8c7a1de3ce43,2870,1785910476808365424,1785910476948482424,140,true,0.435325,0.600013
bdedf6dc-ea0b-483b-bd39-8f6d850962e7,d17244fd-0b3d-4607-90cb-8c7a1de3ce43,2871,1785910476983482424,1785910477123607424,140,true,0.455384,0.458559
bdedf6dc-ea0b-483b-bd39-8f6d850962e7,d17244fd-0b3d-4607-90cb-8c7a1de3ce43,2872,1785910477163611424,1785910477478982424,315,true,0.376355,0.626011
bdedf6dc-ea0b-483b-bd39-8f6d850962e7,d17244fd-0b3d-4607-90cb-8c7a1de3ce43,2873,1785910477513982424,1785910478124482424,610,true,0.458152,0.568609
bdedf6dc-ea0b-483b-bd39-8f6d850962e7,d17244fd-0b3d-4607-90cb-8c7a1de3ce43,2874,1785910478149607424,1785910478399857424,250,true,0.49469,0.480136
bdedf6dc-ea0b-483b-bd39-8f6d850962e7,d17244fd-0b3d-4607-90cb-8c7a1de3ce43,2875,1785910478735119424,1785910478930356424,195,true,0.48992,0.809912
bdedf6dc-ea0b-483b-bd39-8f6d850962e7,d17244fd-0b3d-4607-90cb-8c7a1de3ce43,2876,1785910478970357424,1785910479160481424,190,true,0.676017,0.616417
bdedf6dc-ea0b-483b-bd39-8f6d850962e7,d17244fd-0b3d-4607-90cb-8c7a1de3ce43,2877,1785910479205607424,1785910479761106424,555,true,0.469053,0.791895
bdedf6dc-ea0b-483b-bd39-8f6d850962e7,d17244fd-0b3d-4607-90cb-8c7a1de3ce43,2879,1785910480972241424,1785910481052238424,79,true,0.418279,0.665272
bdedf6dc-ea0b-483b-bd39-8f6d850962e7,d17244fd-0b3d-4607-90cb-8c7a1de3ce43,2880,1785910481392611424,1785910481437606424,44,true,0.622689,0.380908
bdedf6dc-ea0b-483b-bd39-8f6d850962e7,d17244fd-0b3d-4607-90cb-8c7a1de3ce43,2884,1785910482833981424,1785910482878981424,45,true,0.468272,0.659793
bdedf6dc-ea0b-483b-bd39-8f6d850962e7,d17244fd-0b3d-4607-90cb-8c7a1de3ce43,2885,1785910483024115424,1785910483354481424,330,true,0.540707,0.241372
bdedf6dc-ea0b-483b-bd39-8f6d850962e7,d17244fd-0b3d-4607-90cb-8c7a1de3ce43,2886,1785910483379481424,1785910484410481424,1031,true,0.532879,0.150285
bdedf6dc-ea0b-483b-bd39-8f6d850962e7,d17244fd-0b3d-4607-90cb-8c7a1de3ce43,2887,1785910484470481424,1785910484645606424,175,true,0.485603,0.664128
bdedf6dc-ea0b-483b-bd39-8f6d850962e7,d17244fd-0b3d-4607-90cb-8c7a1de3ce43,2888,1785910484670731424,1785910484875856424,205,true,0.524382,0.513877
bdedf6dc-ea0b-483b-bd39-8f6d850962e7,d17244fd-0b3d-4607-90cb-8c7a1de3ce43,2889,1785910484910856424,1785910484995981424,85,true,0.424563,0.499402
bdedf6dc-ea0b-483b-bd39-8f6d850962e7,d17244fd-0b3d-4607-90cb-8c7a1de3ce43,2890,1785910485035981424,1785910485356364424,320,true,0.640424,0.649687
bdedf6dc-ea0b-483b-bd39-8f6d850962e7,d17244fd-0b3d-4607-90cb-8c7a1de3ce43,2891,1785910485391356424,1785910485551481424,160,true,0.533859,0.656468
bdedf6dc-ea0b-483b-bd39-8f6d850962e7,d17244fd-0b3d-4607-90cb-8c7a1de3ce43,2892,1785910485596606424,1785910485766731424,170,true,0.334935,0.653388
bdedf6dc-ea0b-483b-bd39-8f6d850962e7,d17244fd-0b3d-4607-90cb-8c7a1de3ce43,2893,1785910485801731424,1785910486031981424,230,true,0.443892,0.615927
bdedf6dc-ea0b-483b-bd39-8f6d850962e7,d17244fd-0b3d-4607-90cb-8c7a1de3ce43,2894,1785910486061981424,1785910486262231424,200,true,0.518422,0.608177
bdedf6dc-ea0b-483b-bd39-8f6d850962e7,d17244fd-0b3d-4607-90cb-8c7a1de3ce43,2895,1785910486467356424,1785910486577481424,110,true,0.650884,0.584487
bdedf6dc-ea0b-483b-bd39-8f6d850962e7,d17244fd-0b3d-4607-90cb-8c7a1de3ce43,2896,1785910486622481424,1785910486867731424,245,true,0.479098,0.560665
bdedf6dc-ea0b-483b-bd39-8f6d850962e7,d17244fd-0b3d-4607-90cb-8c7a1de3ce43,2897,1785910486912731424,1785910487072987424,160,true,0.3353,0.587562
bdedf6dc-ea0b-483b-bd39-8f6d850962e7,d17244fd-0b3d-4607-90cb-8c7a1de3ce43,2898,1785910487122981424,1785910487328108424,205,true,0.646097,0.627441
bdedf6dc-ea0b-483b-bd39-8f6d850962e7,d17244fd-0b3d-4607-90cb-8c7a1de3ce43,2899,1785910487363231424,1785910487683481424,320,true,0.566827,0.439471
bdedf6dc-ea0b-483b-bd39-8f6d850962e7,d17244fd-0b3d-4607-90cb-8c7a1de3ce43,2900,1785910487808609424,1785910488158981424,350,true,0.435675,0.652467
bdedf6dc-ea0b-483b-bd39-8f6d850962e7,d17244fd-0b3d-4607-90cb-8c7a1de3ce43,2901,1785910488188990424,1785910488424231424,235,true,0.582423,0.656799
bdedf6dc-ea0b-483b-bd39-8f6d850962e7,d17244fd-0b3d-4607-90cb-8c7a1de3ce43,2902,1785910488474231424,1785910488719481424,245,true,0.592365,0.424127
bdedf6dc-ea0b-483b-bd39-8f6d850962e7,d17244fd-0b3d-4607-90cb-8c7a1de3ce43,2903,1785910488744486424,1785910488989731424,245,true,0.622875,0.45487
bdedf6dc-ea0b-483b-bd39-8f6d850962e7,d17244fd-0b3d-4607-90cb-8c7a1de3ce43,2904,1785910489249981424,1785910489540232424,290,true,0.573717,0.33204
bdedf6dc-ea0b-483b-bd39-8f6d850962e7,d17244fd-0b3d-4607-90cb-8c7a1de3ce43,2905,1785910489590231424,1785910489800481424,210,true,0.504543,0.674747
bdedf6dc-ea0b-483b-bd39-8f6d850962e7,d17244fd-0b3d-4607-90cb-8c7a1de3ce43,2906,1785910489835481424,1785910489965607424,130,true,0.587446,0.632862
bdedf6dc-ea0b-483b-bd39-8f6d850962e7,d17244fd-0b3d-4607-90cb-8c7a1de3ce43,2907,1785910490010734424,1785910490185861424,175,true,0.376382,0.704063
bdedf6dc-ea0b-483b-bd39-8f6d850962e7,d17244fd-0b3d-4607-90cb-8c7a1de3ce43,2908,1785910490220860424,1785910490796485424,575,true,0.534984,0.658986
bdedf6dc-ea0b-483b-bd39-8f6d850962e7,d17244fd-0b3d-4607-90cb-8c7a1de3ce43,2909,1785910490996606424,1785910491592107424,595,true,0.567744,0.198695
bdedf6dc-ea0b-483b-bd39-8f6d850962e7,d17244fd-0b3d-4607-90cb-8c7a1de3ce43,2910,1785910491617231424,1785910491872481424,255,true,0.524142,0.135082
bdedf6dc-ea0b-483b-bd39-8f6d850962e7,d17244fd-0b3d-4607-90cb-8c7a1de3ce43,2911,1785910491892481424,1785910492257731424,365,true,0.48941,0.158115
bdedf6dc-ea0b-483b-bd39-8f6d850962e7,d17244fd-0b3d-4607-90cb-8c7a1de3ce43,2912,1785910492317856424,1785910492628106424,310,true,0.50374,0.544873
bdedf6dc-ea0b-483b-bd39-8f6d850962e7,d17244fd-0b3d-4607-90cb-8c7a1de3ce43,2913,1785910492698231424,1785910492968481424,270,true,0.575487,0.488905
bdedf6dc-ea0b-483b-bd39-8f6d850962e7,d17244fd-0b3d-4607-90cb-8c7a1de3ce43,2914,1785910492993481424,1785910494159606424,1166,true,0.527306,0.540994
bdedf6dc-ea0b-483b-bd39-8f6d850962e7,d17244fd-0b3d-4607-90cb-8c7a1de3ce43,2915,1785910494199606424,1785910494339731424,140,true,0.681982,0.617018
bdedf6dc-ea0b-483b-bd39-8f6d850962e7,d17244fd-0b3d-4607-90cb-8c7a1de3ce43,2917,1785910494805238424,1785910495175481424,370,true,0.517266,0.516258
bdedf6dc-ea0b-483b-bd39-8f6d850962e7,d17244fd-0b3d-4607-90cb-8c7a1de3ce43,2918,1785910495500856424,1785910495530855424,29,true,0.474736,0.786964
bdedf6dc-ea0b-483b-bd39-8f6d850962e7,d17244fd-0b3d-4607-90cb-8c7a1de3ce43,2919,1785910495575867424,1785910495886230424,310,true,0.497281,0.421879
bdedf6dc-ea0b-483b-bd39-8f6d850962e7,d17244fd-0b3d-4607-90cb-8c7a1de3ce43,2920,1785910495926231424,1785910496186481424,260,true,0.625531,0.548797
bdedf6dc-ea0b-483b-bd39-8f6d850962e7,d17244fd-0b3d-4607-90cb-8c7a1de3ce43,2921,1785910496241481424,1785910496391606424,150,true,0.497695,0.224324
bdedf6dc-ea0b-483b-bd39-8f6d850962e7,d17244fd-0b3d-4607-90cb-8c7a1de3ce43,2922,1785910496431731424,1785910496571856424,140,true,0.612913,0.479191
bdedf6dc-ea0b-483b-bd39-8f6d850962e7,d17244fd-0b3d-4607-90cb-8c7a1de3ce43,2923,1785910496802105424,1785910496997230424,195,true,0.587355,0.349567
bdedf6dc-ea0b-483b-bd39-8f6d850962e7,d17244fd-0b3d-4607-90cb-8c7a1de3ce43,2924,1785910497047230424,1785910497367605424,320,true,0.439773,0.707124
bdedf6dc-ea0b-483b-bd39-8f6d850962e7,d17244fd-0b3d-4607-90cb-8c7a1de3ce43,2925,1785910497577732424,1785910497863105424,285,true,0.571342,0.291573
bdedf6dc-ea0b-483b-bd39-8f6d850962e7,d17244fd-0b3d-4607-90cb-8c7a1de3ce43,2926,1785910497903109424,1785910498028230424,125,true,0.652989,0.493373
bdedf6dc-ea0b-483b-bd39-8f6d850962e7,d17244fd-0b3d-4607-90cb-8c7a1de3ce43,2927,1785910498108230424,1785910498218356424,110,true,0.012021,0.812592
bdedf6dc-ea0b-483b-bd39-8f6d850962e7,d17244fd-0b3d-4607-90cb-8c7a1de3ce43,2928,1785910498293480424,1785910498863980424,570,true,0.548834,0.716985
bdedf6dc-ea0b-483b-bd39-8f6d850962e7,d17244fd-0b3d-4607-90cb-8c7a1de3ce43,2929,1785910498893980424,1785910498994106424,100,true,0.507729,0.619318
bdedf6dc-ea0b-483b-bd39-8f6d850962e7,d17244fd-0b3d-4607-90cb-8c7a1de3ce43,2930,1785910499234362424,1785910499364480424,130,false,0.777639,1.861309
bdedf6dc-ea0b-483b-bd39-8f6d850962e7,d17244fd-0b3d-4607-90cb-8c7a1de3ce43,2931,1785910499629730424,1785910499769855424,140,true,0.539301,0.33268
bdedf6dc-ea0b-483b-bd39-8f6d850962e7,d17244fd-0b3d-4607-90cb-8c7a1de3ce43,2932,1785910500020105424,1785910500065105424,45,false,0.105061,2.30876
bdedf6dc-ea0b-483b-bd39-8f6d850962e7,d17244fd-0b3d-4607-90cb-8c7a1de3ce43,2933,1785910500345355424,1785910500645605424,300,true,0.549904,0.226057
bdedf6dc-ea0b-483b-bd39-8f6d850962e7,d17244fd-0b3d-4607-90cb-8c7a1de3ce43,2934,1785910500670730424,1785910501086105424,415,true,0.487653,0.161045
bdedf6dc-ea0b-483b-bd39-8f6d850962e7,d17244fd-0b3d-4607-90cb-8c7a1de3ce43,2935,1785910501141105424,1785910501506480424,365,true,0.539975,0.688941
bdedf6dc-ea0b-483b-bd39-8f6d850962e7,d17244fd-0b3d-4607-90cb-8c7a1de3ce43,2936,1785910501551480424,1785910501736730424,185,true,0.342018,0.660014
bdedf6dc-ea0b-483b-bd39-8f6d850962e7,d17244fd-0b3d-4607-90cb-8c7a1de3ce43,2937,1785910501776730424,1785910501911855424,135,true,0.488764,0.590449
bdedf6dc-ea0b-483b-bd39-8f6d850962e7,d17244fd-0b3d-4607-90cb-8c7a1de3ce43,2938,1785910502061980424,1785910502277230424,215,true,0.345574,0.651964
bdedf6dc-ea0b-483b-bd39-8f6d850962e7,d17244fd-0b3d-4607-90cb-8c7a1de3ce43,2939,1785910502312244424,1785910503268105424,955,true,0.466088,0.593928
bdedf6dc-ea0b-483b-bd39-8f6d850962e7,d17244fd-0b3d-4607-90cb-8c7a1de3ce43,2940,1785910503308109424,1785910503508355424,200,true,0.50649,0.808092
bdedf6dc-ea0b-483b-bd39-8f6d850962e7,d17244fd-0b3d-4607-90cb-8c7a1de3ce43,2941,1785910503798605424,1785910503888742424,90,true,0.483435,0.449543
bdedf6dc-ea0b-483b-bd39-8f6d850962e7,d17244fd-0b3d-4607-90cb-8c7a1de3ce43,2942,1785910503918730424,1785910504304105424,385,true,0.50545,0.325991
bdedf6dc-ea0b-483b-bd39-8f6d850962e7,d17244fd-0b3d-4607-90cb-8c7a1de3ce43,2943,1785910504344105424,1785910504509230424,165,true,0.352257,0.65474
bdedf6dc-ea0b-483b-bd39-8f6d850962e7,d17244fd-0b3d-4607-90cb-8c7a1de3ce43,2944,1785910504559355424,1785910504679480424,120,true,0.484774,0.273073
bdedf6dc-ea0b-483b-bd39-8f6d850962e7,d17244fd-0b3d-4607-90cb-8c7a1de3ce43,2945,1785910504719485424,1785910504914605424,195,true,0.620614,0.414144
bdedf6dc-ea0b-483b-bd39-8f6d850962e7,d17244fd-0b3d-4607-90cb-8c7a1de3ce43,2946,1785910505194980424,1785910505410115424,215,true,0.602362,0.280316
bdedf6dc-ea0b-483b-bd39-8f6d850962e7,d17244fd-0b3d-4607-90cb-8c7a1de3ce43,2947,1785910505450105424,1785910505635364424,185,true,0.586379,0.430751
bdedf6dc-ea0b-483b-bd39-8f6d850962e7,d17244fd-0b3d-4607-90cb-8c7a1de3ce43,2948,1785910505655355424,1785910505815480424,160,true,0.617321,0.522288
bdedf6dc-ea0b-483b-bd39-8f6d850962e7,d17244fd-0b3d-4607-90cb-8c7a1de3ce43,2949,1785910505855492424,1785910505995734424,140,true,0.499537,0.693612
bdedf6dc-ea0b-483b-bd39-8f6d850962e7,d17244fd-0b3d-4607-90cb-8c7a1de3ce43,2950,1785910506030730424,1785910506240855424,210,true,0.61074,0.670476
bdedf6dc-ea0b-483b-bd39-8f6d850962e7,d17244fd-0b3d-4607-90cb-8c7a1de3ce43,2951,1785910506401116424,1785910506556230424,155,true,0.615107,0.324776
bdedf6dc-ea0b-483b-bd39-8f6d850962e7,d17244fd-0b3d-4607-90cb-8c7a1de3ce43,2952,1785910506596230424,1785910507191733424,595,true,0.559095,0.606619
bdedf6dc-ea0b-483b-bd39-8f6d850962e7,d17244fd-0b3d-4607-90cb-8c7a1de3ce43,2953,1785910507231855424,1785910507401980424,170,true,0.623972,0.400023
bdedf6dc-ea0b-483b-bd39-8f6d850962e7,d17244fd-0b3d-4607-90cb-8c7a1de3ce43,2954,1785910507421980424,1785910507617230424,195,true,0.575093,0.32432
bdedf6dc-ea0b-483b-bd39-8f6d850962e7,d17244fd-0b3d-4607-90cb-8c7a1de3ce43,2955,1785910507657238424,1785910507802355424,145,true,0.639268,0.461707
bdedf6dc-ea0b-483b-bd39-8f6d850962e7,d17244fd-0b3d-4607-90cb-8c7a1de3ce43,2956,1785910508012605424,1785910508177730424,165,true,0.588149,0.371599
bdedf6dc-ea0b-483b-bd39-8f6d850962e7,d17244fd-0b3d-4607-90cb-8c7a1de3ce43,2957,1785910508227730424,1785910508397980424,170,true,0.659061,0.247251
bdedf6dc-ea0b-483b-bd39-8f6d850962e7,d17244fd-0b3d-4607-90cb-8c7a1de3ce43,2958,1785910508462980424,1785910508598105424,135,true,1.016877,0.26732
bdedf6dc-ea0b-483b-bd39-8f6d850962e7,d17244fd-0b3d-4607-90cb-8c7a1de3ce43,2959,1785910508663230424,1785910508893355424,230,true,0.51495,0.188098
bdedf6dc-ea0b-483b-bd39-8f6d850962e7,d17244fd-0b3d-4607-90cb-8c7a1de3ce43,2960,1785910508918363424,1785910509198730424,280,true,0.582945,0.203584
bdedf6dc-ea0b-483b-bd39-8f6d850962e7,d17244fd-0b3d-4607-90cb-8c7a1de3ce43,2961,1785910509233739424,1785910509639105424,405,true,0.50612,0.153734
bdedf6dc-ea0b-483b-bd39-8f6d850962e7,d17244fd-0b3d-4607-90cb-8c7a1de3ce43,2962,1785910509839230424,1785910510324737424,485,true,0.489894,0.489743
bdedf6dc-ea0b-483b-bd39-8f6d850962e7,d17244fd-0b3d-4607-90cb-8c7a1de3ce43,2963,1785910510369731424,1785910510494855424,125,true,0.344409,0.642064
bdedf6dc-ea0b-483b-bd39-8f6d850962e7,d17244fd-0b3d-4607-90cb-8c7a1de3ce43,2964,1785910510544980424,1785910510654980424,110,true,0.560103,0.649409
bdedf6dc-ea0b-483b-bd39-8f6d850962e7,d17244fd-0b3d-4607-90cb-8c7a1de3ce43,2965,1785910510695105424,1785910510860235424,165,true,0.673902,0.668406
bdedf6dc-ea0b-483b-bd39-8f6d850962e7,d17244fd-0b3d-4607-90cb-8c7a1de3ce43,2966,1785910510900239424,1785910511025355424,125,true,0.514923,0.75729
bdedf6dc-ea0b-483b-bd39-8f6d850962e7,d17244fd-0b3d-4607-90cb-8c7a1de3ce43,2967,1785910511060491424,1785910511520855424,460,true,0.549403,0.534752
bdedf6dc-ea0b-483b-bd39-8f6d850962e7,d17244fd-0b3d-4607-90cb-8c7a1de3ce43,2968,1785910511545861424,1785910512101355424,555,true,0.505002,0.56235
bdedf6dc-ea0b-483b-bd39-8f6d850962e7,d17244fd-0b3d-4607-90cb-8c7a1de3ce43,2969,1785910512131480424,1785910512366605424,235,true,0.487899,0.407989
bdedf6dc-ea0b-483b-bd39-8f6d850962e7,d17244fd-0b3d-4607-90cb-8c7a1de3ce43,2970,1785910512401730424,1785910512761982424,360,true,0.636367,0.597418
bdedf6dc-ea0b-483b-bd39-8f6d850962e7,d17244fd-0b3d-4607-90cb-8c7a1de3ce43,2971,1785910512797105424,1785910513202480424,405,true,0.4905,0.420212
bdedf6dc-ea0b-483b-bd39-8f6d850962e7,d17244fd-0b3d-4607-90cb-8c7a1de3ce43,2972,1785910513487738424,1785910513677854424,190,true,0.560224,0.332841
bdedf6dc-ea0b-483b-bd39-8f6d850962e7,d17244fd-0b3d-4607-90cb-8c7a1de3ce43,2973,1785910513757979424,1785910513852980424,95,true,0.050762,0.7617
bdedf6dc-ea0b-483b-bd39-8f6d850962e7,d17244fd-0b3d-4607-90cb-8c7a1de3ce43,2974,1785910513913108424,1785910514123230424,210,true,0.551728,0.707585
bdedf6dc-ea0b-483b-bd39-8f6d850962e7,d17244fd-0b3d-4607-90cb-8c7a1de3ce43,2975,1785910514343492424,1785910514498604424,155,true,0.669124,0.258413
bdedf6dc-ea0b-483b-bd39-8f6d850962e7,d17244fd-0b3d-4607-90cb-8c7a1de3ce43,2976,1785910514538730424,1785910514793859424,255,true,0.542571,0.492869
bdedf6dc-ea0b-483b-bd39-8f6d850962e7,d17244fd-0b3d-4607-90cb-8c7a1de3ce43,2977,1785910514823979424,1785910515134229424,310,true,0.603716,0.409887
bdedf6dc-ea0b-483b-bd39-8f6d850962e7,d17244fd-0b3d-4607-90cb-8c7a1de3ce43,2978,1785910515174229424,1785910515344479424,170,true,0.472539,0.322435
bdedf6dc-ea0b-483b-bd39-8f6d850962e7,d17244fd-0b3d-4607-90cb-8c7a1de3ce43,2979,1785910515374479424,1785910515519604424,145,true,0.395781,0.345732
bdedf6dc-ea0b-483b-bd39-8f6d850962e7,d17244fd-0b3d-4607-90cb-8c7a1de3ce43,2980,1785910515559611424,1785910516010105424,450,true,0.600015,0.354912
bdedf6dc-ea0b-483b-bd39-8f6d850962e7,d17244fd-0b3d-4607-90cb-8c7a1de3ce43,2981,1785910516170230424,1785910516295354424,125,true,0.479163,0.537609
bdedf6dc-ea0b-483b-bd39-8f6d850962e7,d17244fd-0b3d-4607-90cb-8c7a1de3ce43,2982,1785910516325354424,1785910516460479424,135,true,0.410002,0.588941
bdedf6dc-ea0b-483b-bd39-8f6d850962e7,d17244fd-0b3d-4607-90cb-8c7a1de3ce43,2983,1785910516495479424,1785910516720729424,225,true,0.579531,0.674931
bdedf6dc-ea0b-483b-bd39-8f6d850962e7,d17244fd-0b3d-4607-90cb-8c7a1de3ce43,2984,1785910516925979424,1785910517101104424,175,true,0.650521,0.001712
bdedf6dc-ea0b-483b-bd39-8f6d850962e7,d17244fd-0b3d-4607-90cb-8c7a1de3ce43,2985,1785910517136104424,1785910517711604424,575,true,0.518453,0.048677
bdedf6dc-ea0b-483b-bd39-8f6d850962e7,d17244fd-0b3d-4607-90cb-8c7a1de3ce43,2986,1785910517751741424,1785910517866860424,115,true,0.570556,0.187964
bdedf6dc-ea0b-483b-bd39-8f6d850962e7,d17244fd-0b3d-4607-90cb-8c7a1de3ce43,2987,1785910517901854424,1785910518162104424,260,true,0.510114,0.172744
bdedf6dc-ea0b-483b-bd39-8f6d850962e7,d17244fd-0b3d-4607-90cb-8c7a1de3ce43,2988,1785910518227111424,1785910518412354424,185,true,0.539259,0.592696
bdedf6dc-ea0b-483b-bd39-8f6d850962e7,d17244fd-0b3d-4607-90cb-8c7a1de3ce43,2989,1785910518597479424,1785910518702608424,105,true,0.498917,0.422325
bdedf6dc-ea0b-483b-bd39-8f6d850962e7,d17244fd-0b3d-4607-90cb-8c7a1de3ce43,2990,1785910518742604424,1785910518837729424,95,true,0.453716,0.654901
bdedf6dc-ea0b-483b-bd39-8f6d850962e7,d17244fd-0b3d-4607-90cb-8c7a1de3ce43,2991,1785910518882729424,1785910519293104424,410,true,0.684921,0.707233
bdedf6dc-ea0b-483b-bd39-8f6d850962e7,d17244fd-0b3d-4607-90cb-8c7a1de3ce43,2992,1785910519333229424,1785910520098854424,765,true,0.419996,0.626171
bdedf6dc-ea0b-483b-bd39-8f6d850962e7,d17244fd-0b3d-4607-90cb-8c7a1de3ce43,2993,1785910520329104424,1785910520539354424,210,true,0.497954,0.303609
bdedf6dc-ea0b-483b-bd39-8f6d850962e7,d17244fd-0b3d-4607-90cb-8c7a1de3ce43,2994,1785910520584354424,1785910520744479424,160,true,0.39499,0.471548
bdedf6dc-ea0b-483b-bd39-8f6d850962e7,d17244fd-0b3d-4607-90cb-8c7a1de3ce43,2995,1785910520784479424,1785910520959729424,175,true,0.560117,0.455811
bdedf6dc-ea0b-483b-bd39-8f6d850962e7,d17244fd-0b3d-4607-90cb-8c7a1de3ce43,2996,1785910520994729424,1785910521189854424,195,true,0.583589,0.560224
bdedf6dc-ea0b-483b-bd39-8f6d850962e7,d17244fd-0b3d-4607-90cb-8c7a1de3ce43,2997,1785910521214979424,1785910521370104424,155,true,0.513441,0.564545
bdedf6dc-ea0b-483b-bd39-8f6d850962e7,d17244fd-0b3d-4607-90cb-8c7a1de3ce43,2998,1785910521410115424,1785910521615354424,205,true,0.609263,0.44622
bdedf6dc-ea0b-483b-bd39-8f6d850962e7,d17244fd-0b3d-4607-90cb-8c7a1de3ce43,2999,1785910521645354424,1785910521740479424,95,true,0.569862,0.502375
bdedf6dc-ea0b-483b-bd39-8f6d850962e7,d17244fd-0b3d-4607-90cb-8c7a1de3ce43,3000,1785910521775479424,1785910522130866424,355,true,0.495557,0.648691
bdedf6dc-ea0b-483b-bd39-8f6d850962e7,d17244fd-0b3d-4607-90cb-8c7a1de3ce43,3001,1785910522320979424,1785910522511104424,190,true,0.606025,0.585676
bdedf6dc-ea0b-483b-bd39-8f6d850962e7,d17244fd-0b3d-4607-90cb-8c7a1de3ce43,3002,1785910522531229424,1785910522811479424,280,true,0.567324,0.62623
bdedf6dc-ea0b-483b-bd39-8f6d850962e7,d17244fd-0b3d-4607-90cb-8c7a1de3ce43,3003,1785910522856479424,1785910523351979424,495,true,0.603613,0.351338
bdedf6dc-ea0b-483b-bd39-8f6d850962e7,d17244fd-0b3d-4607-90cb-8c7a1de3ce43,3004,1785910523396979424,1785910523567116424,170,true,0.404289,0.379463
bdedf6dc-ea0b-483b-bd39-8f6d850962e7,d17244fd-0b3d-4607-90cb-8c7a1de3ce43,3005,1785910523767361424,1785910523892479424,125,true,0.617477,0.41658
bdedf6dc-ea0b-483b-bd39-8f6d850962e7,d17244fd-0b3d-4607-90cb-8c7a1de3ce43,3006,1785910523917479424,1785910524077604424,160,true,0.564555,0.475447
bdedf6dc-ea0b-483b-bd39-8f6d850962e7,d17244fd-0b3d-4607-90cb-8c7a1de3ce43,3007,1785910524117614424,1785910524397979424,280,true,0.445158,0.619172
bdedf6dc-ea0b-483b-bd39-8f6d850962e7,d17244fd-0b3d-4607-90cb-8c7a1de3ce43,3008,1785910524427986424,1785910524673236424,245,true,0.505858,0.642734
bdedf6dc-ea0b-483b-bd39-8f6d850962e7,d17244fd-0b3d-4607-90cb-8c7a1de3ce43,3009,1785910524853354424,1785910525218729424,365,true,0.644103,0.001256
bdedf6dc-ea0b-483b-bd39-8f6d850962e7,d17244fd-0b3d-4607-90cb-8c7a1de3ce43,3010,1785910525258729424,1785910526044479424,785,true,0.519364,0.133204
bdedf6dc-ea0b-483b-bd39-8f6d850962e7,d17244fd-0b3d-4607-90cb-8c7a1de3ce43,3011,1785910526104479424,1785910526740104424,635,true,0.502695,0.488378
bdedf6dc-ea0b-483b-bd39-8f6d850962e7,d17244fd-0b3d-4607-90cb-8c7a1de3ce43,3012,1785910526775104424,1785910526955354424,180,true,0.501146,0.577732
bdedf6dc-ea0b-483b-bd39-8f6d850962e7,d17244fd-0b3d-4607-90cb-8c7a1de3ce43,3013,1785910526990354424,1785910527135480424,145,true,0.364617,0.672633
bdedf6dc-ea0b-483b-bd39-8f6d850962e7,d17244fd-0b3d-4607-90cb-8c7a1de3ce43,3014,1785910527165479424,1785910527510859424,345,true,0.470471,0.635895
bdedf6dc-ea0b-483b-bd39-8f6d850962e7,d17244fd-0b3d-4607-90cb-8c7a1de3ce43,3015,1785910527535854424,1785910528226481424,690,true,0.528793,0.613483
bdedf6dc-ea0b-483b-bd39-8f6d850962e7,d17244fd-0b3d-4607-90cb-8c7a1de3ce43,3016,1785910528271616424,1785910528441729424,170,true,0.340767,0.621744
bdedf6dc-ea0b-483b-bd39-8f6d850962e7,d17244fd-0b3d-4607-90cb-8c7a1de3ce43,3017,1785910528781979424,1785910529242486424,460,true,0.700897,0.58499
bdedf6dc-ea0b-483b-bd39-8f6d850962e7,d17244fd-0b3d-4607-90cb-8c7a1de3ce43,3018,1785910529282479424,1785910529387609424,105,true,0.511055,0.576799
bdedf6dc-ea0b-483b-bd39-8f6d850962e7,d17244fd-0b3d-4607-90cb-8c7a1de3ce43,3019,1785910529662854424,1785910529747979424,85,true,0.609673,0.419544
bdedf6dc-ea0b-483b-bd39-8f6d850962e7,d17244fd-0b3d-4607-90cb-8c7a1de3ce43,3020,1785910529772979424,1785910529908104424,135,true,0.622577,0.333399
bdedf6dc-ea0b-483b-bd39-8f6d850962e7,d17244fd-0b3d-4607-90cb-8c7a1de3ce43,3021,1785910529928104424,1785910530143354424,215,true,0.577088,0.317813
bdedf6dc-ea0b-483b-bd39-8f6d850962e7,d17244fd-0b3d-4607-90cb-8c7a1de3ce43,3022,1785910530178354424,1785910530313479424,135,true,0.65131,0.355863
bdedf6dc-ea0b-483b-bd39-8f6d850962e7,d17244fd-0b3d-4607-90cb-8c7a1de3ce43,3023,1785910530603729424,1785910530803979424,200,true,0.584401,0.496531
bdedf6dc-ea0b-483b-bd39-8f6d850962e7,d17244fd-0b3d-4607-90cb-8c7a1de3ce43,3024,1785910530843979424,1785910531079233424,235,true,0.500688,0.69481
bdedf6dc-ea0b-483b-bd39-8f6d850962e7,d17244fd-0b3d-4607-90cb-8c7a1de3ce43,3025,1785910531114229424,1785910531244354424,130,true,0.550188,0.735865
bdedf6dc-ea0b-483b-bd39-8f6d850962e7,d17244fd-0b3d-4607-90cb-8c7a1de3ce43,3028,1785910532240229424,1785910532320353424,80,true,0.601962,0.467972
bdedf6dc-ea0b-483b-bd39-8f6d850962e7,d17244fd-0b3d-4607-90cb-8c7a1de3ce43,3031,1785910533206228424,1785910533216229424,10,true,0.596098,0.16395
bdedf6dc-ea0b-483b-bd39-8f6d850962e7,d17244fd-0b3d-4607-90cb-8c7a1de3ce43,3033,1785910534006980424,1785910534297228424,290,true,0.526501,0.098565
bdedf6dc-ea0b-483b-bd39-8f6d850962e7,d17244fd-0b3d-4607-90cb-8c7a1de3ce43,3034,1785910534352228424,1785910534692603424,340,true,0.480771,0.485479
bdedf6dc-ea0b-483b-bd39-8f6d850962e7,d17244fd-0b3d-4607-90cb-8c7a1de3ce43,3035,1785910534732604424,1785910534942853424,210,true,0.379423,0.574184
bdedf6dc-ea0b-483b-bd39-8f6d850962e7,d17244fd-0b3d-4607-90cb-8c7a1de3ce43,3036,1785910534977853424,1785910535137979424,160,true,0.50264,0.500829
bdedf6dc-ea0b-483b-bd39-8f6d850962e7,d17244fd-0b3d-4607-90cb-8c7a1de3ce43,3037,1785910535167983424,1785910535628478424,460,true,0.461515,0.635189
bdedf6dc-ea0b-483b-bd39-8f6d850962e7,d17244fd-0b3d-4607-90cb-8c7a1de3ce43,3038,1785910535653479424,1785910535768603424,115,true,0.526386,0.677833
bdedf6dc-ea0b-483b-bd39-8f6d850962e7,d17244fd-0b3d-4607-90cb-8c7a1de3ce43,3039,1785910535808607424,1785910535963728424,155,true,0.64227,0.576228
bdedf6dc-ea0b-483b-bd39-8f6d850962e7,d17244fd-0b3d-4607-90cb-8c7a1de3ce43,3040,1785910536198978424,1785910536314103424,115,true,0.558294,0.602222
bdedf6dc-ea0b-483b-bd39-8f6d850962e7,d17244fd-0b3d-4607-90cb-8c7a1de3ce43,3041,1785910536354103424,1785910536504228424,150,true,0.333186,0.584916
bdedf6dc-ea0b-483b-bd39-8f6d850962e7,d17244fd-0b3d-4607-90cb-8c7a1de3ce43,3042,1785910536704478424,1785910536909603424,205,true,0.49192,0.724819
bdedf6dc-ea0b-483b-bd39-8f6d850962e7,d17244fd-0b3d-4607-90cb-8c7a1de3ce43,3043,1785910536939729424,1785910537139853424,200,true,0.543849,0.628844
bdedf6dc-ea0b-483b-bd39-8f6d850962e7,d17244fd-0b3d-4607-90cb-8c7a1de3ce43,3044,1785910537184865424,1785910537605357424,420,true,0.522365,0.298911
bdedf6dc-ea0b-483b-bd39-8f6d850962e7,d17244fd-0b3d-4607-90cb-8c7a1de3ce43,3045,1785910537635353424,1785910537770478424,135,true,0.511919,0.486807
bdedf6dc-ea0b-483b-bd39-8f6d850962e7,d17244fd-0b3d-4607-90cb-8c7a1de3ce43,3046,1785910538050728424,1785910538300984424,250,true,0.622621,0.388206
bdedf6dc-ea0b-483b-bd39-8f6d850962e7,d17244fd-0b3d-4607-90cb-8c7a1de3ce43,3047,1785910538325979424,1785910538636228424,310,true,0.62192,0.279934
bdedf6dc-ea0b-483b-bd39-8f6d850962e7,d17244fd-0b3d-4607-90cb-8c7a1de3ce43,3048,1785910538921478424,1785910539176728424,255,true,0.443376,0.30563
bdedf6dc-ea0b-483b-bd39-8f6d850962e7,d17244fd-0b3d-4607-90cb-8c7a1de3ce43,3049,1785910539211853424,1785910539376978424,165,true,0.646867,0.392231
bdedf6dc-ea0b-483b-bd39-8f6d850962e7,d17244fd-0b3d-4607-90cb-8c7a1de3ce43,3050,1785910539391978424,1785910539532103424,140,true,0.598942,0.442147
bdedf6dc-ea0b-483b-bd39-8f6d850962e7,d17244fd-0b3d-4607-90cb-8c7a1de3ce43,3051,1785910539567103424,1785910539762366424,195,true,0.608581,0.292287
bdedf6dc-ea0b-483b-bd39-8f6d850962e7,d17244fd-0b3d-4607-90cb-8c7a1de3ce43,3052,1785910539797353424,1785910539917478424,120,true,0.446971,0.343258
bdedf6dc-ea0b-483b-bd39-8f6d850962e7,d17244fd-0b3d-4607-90cb-8c7a1de3ce43,3053,1785910540072614424,1785910540237728424,165,true,0.533922,0.630543
bdedf6dc-ea0b-483b-bd39-8f6d850962e7,d17244fd-0b3d-4607-90cb-8c7a1de3ce43,3054,1785910540267853424,1785910540528117424,260,true,0.589913,0.65314
bdedf6dc-ea0b-483b-bd39-8f6d850962e7,d17244fd-0b3d-4607-90cb-8c7a1de3ce43,3055,1785910540563103424,1785910540713235424,150,true,0.488192,0.624997
bdedf6dc-ea0b-483b-bd39-8f6d850962e7,d17244fd-0b3d-4607-90cb-8c7a1de3ce43,3056,1785910540743228424,1785910541098607424,355,true,0.621909,0.410963
bdedf6dc-ea0b-483b-bd39-8f6d850962e7,d17244fd-0b3d-4607-90cb-8c7a1de3ce43,3057,1785910541373853424,1785910541478978424,105,false,0.824757,-0.099136
bdedf6dc-ea0b-483b-bd39-8f6d850962e7,d17244fd-0b3d-4607-90cb-8c7a1de3ce43,3058,1785910541528978424,1785910541694103424,165,true,0.534115,-0.002722
bdedf6dc-ea0b-483b-bd39-8f6d850962e7,d17244fd-0b3d-4607-90cb-8c7a1de3ce43,3059,1785910541734228424,1785910542009486424,275,true,0.584918,0.132295
bdedf6dc-ea0b-483b-bd39-8f6d850962e7,d17244fd-0b3d-4607-90cb-8c7a1de3ce43,3060,1785910542034478424,1785910542334733424,300,true,0.532097,0.049198
bdedf6dc-ea0b-483b-bd39-8f6d850962e7,d17244fd-0b3d-4607-90cb-8c7a1de3ce43,3061,1785910542394864424,1785910543045353424,650,true,0.507773,0.479411
bdedf6dc-ea0b-483b-bd39-8f6d850962e7,d17244fd-0b3d-4607-90cb-8c7a1de3ce43,3062,1785910543085478424,1785910543255603424,170,true,0.446702,0.653241
bdedf6dc-ea0b-483b-bd39-8f6d850962e7,d17244fd-0b3d-4607-90cb-8c7a1de3ce43,3063,1785910543285612424,1785910543455731424,170,true,0.4826,0.543274
bdedf6dc-ea0b-483b-bd39-8f6d850962e7,d17244fd-0b3d-4607-90cb-8c7a1de3ce43,3064,1785910543480857424,1785910543695978424,215,true,0.508118,0.407682
bdedf6dc-ea0b-483b-bd39-8f6d850962e7,d17244fd-0b3d-4607-90cb-8c7a1de3ce43,3065,1785910543731109424,1785910543966228424,235,true,0.602087,0.448989
bdedf6dc-ea0b-483b-bd39-8f6d850962e7,d17244fd-0b3d-4607-90cb-8c7a1de3ce43,3066,1785910544011353424,1785910544186478424,175,true,0.530432,0.787366
bdedf6dc-ea0b-483b-bd39-8f6d850962e7,d17244fd-0b3d-4607-90cb-8c7a1de3ce43,3067,1785910544221478424,1785910544696978424,475,true,0.475044,0.513262
bdedf6dc-ea0b-483b-bd39-8f6d850962e7,d17244fd-0b3d-4607-90cb-8c7a1de3ce43,3068,1785910544736978424,1785910545337603424,600,true,0.662726,0.531022
bdedf6dc-ea0b-483b-bd39-8f6d850962e7,d17244fd-0b3d-4607-90cb-8c7a1de3ce43,3069,1785910545372603424,1785910545567733424,195,true,0.559029,0.538505
bdedf6dc-ea0b-483b-bd39-8f6d850962e7,d17244fd-0b3d-4607-90cb-8c7a1de3ce43,3070,1785910545612853424,1785910545802978424,190,true,0.369334,0.581758
bdedf6dc-ea0b-483b-bd39-8f6d850962e7,d17244fd-0b3d-4607-90cb-8c7a1de3ce43,3071,1785910545837978424,1785910546188353424,350,true,0.49351,0.560363
bdedf6dc-ea0b-483b-bd39-8f6d850962e7,d17244fd-0b3d-4607-90cb-8c7a1de3ce43,3072,1785910546483603424,1785910546683853424,200,true,0.523479,0.606488
bdedf6dc-ea0b-483b-bd39-8f6d850962e7,d17244fd-0b3d-4607-90cb-8c7a1de3ce43,3073,1785910546733853424,1785910546954103424,220,true,0.313123,0.622522
bdedf6dc-ea0b-483b-bd39-8f6d850962e7,d17244fd-0b3d-4607-90cb-8c7a1de3ce43,3074,1785910547009103424,1785910547359478424,350,true,0.666699,0.549647
bdedf6dc-ea0b-483b-bd39-8f6d850962e7,d17244fd-0b3d-4607-90cb-8c7a1de3ce43,3075,1785910547399486424,1785910547719728424,320,true,0.529017,0.466993
bdedf6dc-ea0b-483b-bd39-8f6d850962e7,d17244fd-0b3d-4607-90cb-8c7a1de3ce43,3076,1785910548065103424,1785910548360353424,295,true,0.597469,0.277211
bdedf6dc-ea0b-483b-bd39-8f6d850962e7,d17244fd-0b3d-4607-90cb-8c7a1de3ce43,3077,1785910548540611424,1785910548665728424,125,false,0.297444,2.179827
bdedf6dc-ea0b-483b-bd39-8f6d850962e7,d17244fd-0b3d-4607-90cb-8c7a1de3ce43,3078,1785910548895853424,1785910549201228424,305,true,0.61262,0.236725
bdedf6dc-ea0b-483b-bd39-8f6d850962e7,d17244fd-0b3d-4607-90cb-8c7a1de3ce43,3079,1785910549226228424,1785910549356353424,130,true,0.662074,0.274715
bdedf6dc-ea0b-483b-bd39-8f6d850962e7,d17244fd-0b3d-4607-90cb-8c7a1de3ce43,3080,1785910549581478424,1785910549756728424,175,true,0.572703,0.301844
bdedf6dc-ea0b-483b-bd39-8f6d850962e7,d17244fd-0b3d-4607-90cb-8c7a1de3ce43,3081,1785910549826735424,1785910549916853424,90,true,0.001015,0.443545
bdedf6dc-ea0b-483b-bd39-8f6d850962e7,d17244fd-0b3d-4607-90cb-8c7a1de3ce43,3082,1785910549976853424,1785910550217103424,240,true,0.530979,0.554004
bdedf6dc-ea0b-483b-bd39-8f6d850962e7,d17244fd-0b3d-4607-90cb-8c7a1de3ce43,3083,1785910550257228424,1785910550492353424,235,true,0.617104,0.28493
bdedf6dc-ea0b-483b-bd39-8f6d850962e7,d17244fd-0b3d-4607-90cb-8c7a1de3ce43,3084,1785910550517353424,1785910550627478424,110,true,0.569605,0.32609
bdedf6dc-ea0b-483b-bd39-8f6d850962e7,d17244fd-0b3d-4607-90cb-8c7a1de3ce43,3085,1785910550657612424,1785910550802731424,145,true,0.599612,0.486095
bdedf6dc-ea0b-483b-bd39-8f6d850962e7,d17244fd-0b3d-4607-90cb-8c7a1de3ce43,3086,1785910550842728424,1785910551293103424,450,true,0.51637,0.687647
bdedf6dc-ea0b-483b-bd39-8f6d850962e7,d17244fd-0b3d-4607-90cb-8c7a1de3ce43,3087,1785910551523353424,1785910551968728424,445,true,0.611025,0.151262
bdedf6dc-ea0b-483b-bd39-8f6d850962e7,d17244fd-0b3d-4607-90cb-8c7a1de3ce43,3088,1785910551998857424,1785910552193987424,195,true,0.519052,0.077683
bdedf6dc-ea0b-483b-bd39-8f6d850962e7,d17244fd-0b3d-4607-90cb-8c7a1de3ce43,3089,1785910552218978424,1785910552509227424,290,true,0.510212,0.056301
bdedf6dc-ea0b-483b-bd39-8f6d850962e7,d17244fd-0b3d-4607-90cb-8c7a1de3ce43,3090,1785910552569353424,1785910552764478424,195,true,0.501212,0.561874
bdedf6dc-ea0b-483b-bd39-8f6d850962e7,d17244fd-0b3d-4607-90cb-8c7a1de3ce43,3091,1785910552784478424,1785910552899607424,115,true,0.451423,0.567004
bdedf6dc-ea0b-483b-bd39-8f6d850962e7,d17244fd-0b3d-4607-90cb-8c7a1de3ce43,3092,1785910552929735424,1785910553064853424,135,true,0.51158,0.472399
bdedf6dc-ea0b-483b-bd39-8f6d850962e7,d17244fd-0b3d-4607-90cb-8c7a1de3ce43,3093,1785910553099852424,1785910553425102424,325,true,0.62446,0.547203
bdedf6dc-ea0b-483b-bd39-8f6d850962e7,d17244fd-0b3d-4607-90cb-8c7a1de3ce43,3094,1785910553460228424,1785910553650353424,190,true,0.529931,0.495407
bdedf6dc-ea0b-483b-bd39-8f6d850962e7,d17244fd-0b3d-4607-90cb-8c7a1de3ce43,3095,1785910553680359424,1785910553810477424,130,true,0.522971,0.622485
bdedf6dc-ea0b-483b-bd39-8f6d850962e7,d17244fd-0b3d-4607-90cb-8c7a1de3ce43,3096,1785910553845478424,1785910554125852424,280,true,0.503607,0.801136
bdedf6dc-ea0b-483b-bd39-8f6d850962e7,d17244fd-0b3d-4607-90cb-8c7a1de3ce43,3097,1785910554165852424,1785910554320978424,155,true,0.526969,0.482611
bdedf6dc-ea0b-483b-bd39-8f6d850962e7,d17244fd-0b3d-4607-90cb-8c7a1de3ce43,3098,1785910554350988424,1785910554561227424,210,true,0.510572,0.395446
bdedf6dc-ea0b-483b-bd39-8f6d850962e7,d17244fd-0b3d-4607-90cb-8c7a1de3ce43,3099,1785910554596228424,1785910554861477424,265,true,0.524127,0.572809
bdedf6dc-ea0b-483b-bd39-8f6d850962e7,d17244fd-0b3d-4607-90cb-8c7a1de3ce43,3100,1785910555046602424,1785910555326977424,280,true,0.670121,0.599507
bdedf6dc-ea0b-483b-bd39-8f6d850962e7,d17244fd-0b3d-4607-90cb-8c7a1de3ce43,3101,1785910555361977424,1785910555727352424,365,true,0.510762,0.566242
bdedf6dc-ea0b-483b-bd39-8f6d850962e7,d17244fd-0b3d-4607-90cb-8c7a1de3ce43,3102,1785910555767352424,1785910555907482424,140,true,0.53445,0.400775
bdedf6dc-ea0b-483b-bd39-8f6d850962e7,d17244fd-0b3d-4607-90cb-8c7a1de3ce43,3103,1785910555942477424,1785910556142727424,200,true,0.53155,0.114958
bdedf6dc-ea0b-483b-bd39-8f6d850962e7,d17244fd-0b3d-4607-90cb-8c7a1de3ce43,3104,1785910556192727424,1785910556357853424,165,true,0.524355,0.48212
bdedf6dc-ea0b-483b-bd39-8f6d850962e7,d17244fd-0b3d-4607-90cb-8c7a1de3ce43,3105,1785910556382852424,1785910556492978424,110,true,0.584132,0.492749
bdedf6dc-ea0b-483b-bd39-8f6d850962e7,d17244fd-0b3d-4607-90cb-8c7a1de3ce43,3106,1785910556638102424,1785910556743234424,105,true,0.556316,0.644547
bdedf6dc-ea0b-483b-bd39-8f6d850962e7,d17244fd-0b3d-4607-90cb-8c7a1de3ce43,3107,1785910556783227424,1785910556943478424,160,true,0.602365,0.463542
bdedf6dc-ea0b-483b-bd39-8f6d850962e7,d17244fd-0b3d-4607-90cb-8c7a1de3ce43,3108,1785910556968477424,1785910557498990424,530,true,0.649264,0.441809
bdedf6dc-ea0b-483b-bd39-8f6d850962e7,d17244fd-0b3d-4607-90cb-8c7a1de3ce43,3109,1785910557533977424,1785910557844227424,310,true,0.561959,0.596083
bdedf6dc-ea0b-483b-bd39-8f6d850962e7,d17244fd-0b3d-4607-90cb-8c7a1de3ce43,3110,1785910557869352424,1785910558059477424,190,true,0.497346,0.633006
bdedf6dc-ea0b-483b-bd39-8f6d850962e7,d17244fd-0b3d-4607-90cb-8c7a1de3ce43,3111,1785910558099477424,1785910558509852424,410,true,0.629557,0.401922
bdedf6dc-ea0b-483b-bd39-8f6d850962e7,d17244fd-0b3d-4607-90cb-8c7a1de3ce43,3112,1785910558685106424,1785910559105477424,420,true,0.640203,0.354332
bdedf6dc-ea0b-483b-bd39-8f6d850962e7,d17244fd-0b3d-4607-90cb-8c7a1de3ce43,3113,1785910559130477424,1785910559786102424,655,true,0.588787,0.426706
bdedf6dc-ea0b-483b-bd39-8f6d850962e7,d17244fd-0b3d-4607-90cb-8c7a1de3ce43,3114,1785910559966227424,1785910561112364424,1146,true,0.53854,0.018216
bdedf6dc-ea0b-483b-bd39-8f6d850962e7,d17244fd-0b3d-4607-90cb-8c7a1de3ce43,3115,1785910561167352424,1785910561632852424,465,true,0.503172,0.43117
bdedf6dc-ea0b-483b-bd39-8f6d850962e7,d17244fd-0b3d-4607-90cb-8c7a1de3ce43,3116,1785910561667856424,1785910561817977424,150,true,0.636169,0.4888
bdedf6dc-ea0b-483b-bd39-8f6d850962e7,d17244fd-0b3d-4607-90cb-8c7a1de3ce43,3117,1785910561852977424,1785910562873982424,1021,true,0.543009,0.581717
bdedf6dc-ea0b-483b-bd39-8f6d850962e7,d17244fd-0b3d-4607-90cb-8c7a1de3ce43,3118,1785910563089227424,1785910563519602424,430,true,0.668867,0.558585
bdedf6dc-ea0b-483b-bd39-8f6d850962e7,d17244fd-0b3d-4607-90cb-8c7a1de3ce43,3119,1785910563694738424,1785910563904977424,210,true,0.530717,0.093336
bdedf6dc-ea0b-483b-bd39-8f6d850962e7,d17244fd-0b3d-4607-90cb-8c7a1de3ce43,3120,1785910563939977424,1785910564065102424,125,true,0.525226,0.359417
bdedf6dc-ea0b-483b-bd39-8f6d850962e7,d17244fd-0b3d-4607-90cb-8c7a1de3ce43,3121,1785910564095102424,1785910564235227424,140,true,0.598563,0.455032
bdedf6dc-ea0b-483b-bd39-8f6d850962e7,d17244fd-0b3d-4607-90cb-8c7a1de3ce43,3122,1785910564275352424,1785910564410477424,135,true,0.482828,0.661822
bdedf6dc-ea0b-483b-bd39-8f6d850962e7,d17244fd-0b3d-4607-90cb-8c7a1de3ce43,3123,1785910564630602424,1785910564765727424,135,true,0.418258,0.626834
bdedf6dc-ea0b-483b-bd39-8f6d850962e7,d17244fd-0b3d-4607-90cb-8c7a1de3ce43,3124,1785910564790859424,1785910564925977424,135,true,0.394184,0.639809
bdedf6dc-ea0b-483b-bd39-8f6d850962e7,d17244fd-0b3d-4607-90cb-8c7a1de3ce43,3125,1785910564970977424,1785910565206227424,235,true,0.519999,0.650802
bdedf6dc-ea0b-483b-bd39-8f6d850962e7,d17244fd-0b3d-4607-90cb-8c7a1de3ce43,3126,1785910565236227424,1785910565631602424,395,true,0.603834,0.616064
bdedf6dc-ea0b-483b-bd39-8f6d850962e7,d17244fd-0b3d-4607-90cb-8c7a1de3ce43,3127,1785910565661602424,1785910565811727424,150,true,0.524257,0.642447
bdedf6dc-ea0b-483b-bd39-8f6d850962e7,d17244fd-0b3d-4607-90cb-8c7a1de3ce43,3128,1785910565851728424,1785910566021977424,170,true,0.596474,0.45853
bdedf6dc-ea0b-483b-bd39-8f6d850962e7,d17244fd-0b3d-4607-90cb-8c7a1de3ce43,3129,1785910566232107424,1785910566352227424,120,true,0.582018,0.443793
bdedf6dc-ea0b-483b-bd39-8f6d850962e7,d17244fd-0b3d-4607-90cb-8c7a1de3ce43,3130,1785910566392352424,1785910566582477424,190,true,0.424667,0.618288
bdedf6dc-ea0b-483b-bd39-8f6d850962e7,d17244fd-0b3d-4607-90cb-8c7a1de3ce43,3131,1785910566617477424,1785910566802727424,185,true,0.556105,0.600951
bdedf6dc-ea0b-483b-bd39-8f6d850962e7,d17244fd-0b3d-4607-90cb-8c7a1de3ce43,3132,1785910566837727424,1785910567233102424,395,true,0.605847,0.444221
bdedf6dc-ea0b-483b-bd39-8f6d850962e7,d17244fd-0b3d-4607-90cb-8c7a1de3ce43,3133,1785910567268102424,1785910567453227424,185,true,0.606743,0.312265
bdedf6dc-ea0b-483b-bd39-8f6d850962e7,d17244fd-0b3d-4607-90cb-8c7a1de3ce43,3134,1785910567673477424,1785910567888727424,215,false,0.574047,-0.049585
bdedf6dc-ea0b-483b-bd39-8f6d850962e7,d17244fd-0b3d-4607-90cb-8c7a1de3ce43,3135,1785910567918738424,1785910568799608424,880,true,0.563332,0.070948
bdedf6dc-ea0b-483b-bd39-8f6d850962e7,d17244fd-0b3d-4607-90cb-8c7a1de3ce43,3136,1785910568854602424,1785910569335102424,480,true,0.516976,0.530733
bdedf6dc-ea0b-483b-bd39-8f6d850962e7,d17244fd-0b3d-4607-90cb-8c7a1de3ce43,3137,1785910569470231424,1785910569715352424,245,true,0.358303,0.643609
bdedf6dc-ea0b-483b-bd39-8f6d850962e7,d17244fd-0b3d-4607-90cb-8c7a1de3ce43,3138,1785910569755477424,1785910569865602424,110,true,0.499481,0.625358
bdedf6dc-ea0b-483b-bd39-8f6d850962e7,d17244fd-0b3d-4607-90cb-8c7a1de3ce43,3139,1785910569900602424,1785910570175852424,275,true,0.605773,0.556582
bdedf6dc-ea0b-483b-bd39-8f6d850962e7,d17244fd-0b3d-4607-90cb-8c7a1de3ce43,3140,1785910570215853424,1785910570946610424,730,true,0.520139,0.585631
bdedf6dc-ea0b-483b-bd39-8f6d850962e7,d17244fd-0b3d-4607-90cb-8c7a1de3ce43,3141,1785910571111738424,1785910571512102424,400,true,0.505111,0.341932
bdedf6dc-ea0b-483b-bd39-8f6d850962e7,d17244fd-0b3d-4607-90cb-8c7a1de3ce43,3142,1785910571557102424,1785910572027602424,470,true,0.543772,0.172425
bdedf6dc-ea0b-483b-bd39-8f6d850962e7,d17244fd-0b3d-4607-90cb-8c7a1de3ce43,3143,1785910572067602424,1785910572197727424,130,true,0.447438,0.349009
bdedf6dc-ea0b-483b-bd39-8f6d850962e7,d17244fd-0b3d-4607-90cb-8c7a1de3ce43,3144,1785910572227736424,1785910572357852424,130,true,0.612953,0.436145
bdedf6dc-ea0b-483b-bd39-8f6d850962e7,d17244fd-0b3d-4607-90cb-8c7a1de3ce43,3145,1785910572497977424,1785910572738227424,240,true,0.487125,0.667261
bdedf6dc-ea0b-483b-bd39-8f6d850962e7,d17244fd-0b3d-4607-90cb-8c7a1de3ce43,3146,1785910572768227424,1785910573098606424,330,true,0.542491,0.617355
bdedf6dc-ea0b-483b-bd39-8f6d850962e7,d17244fd-0b3d-4607-90cb-8c7a1de3ce43,3147,1785910573133602424,1785910573358852424,225,true,0.61013,0.42942
bdedf6dc-ea0b-483b-bd39-8f6d850962e7,d17244fd-0b3d-4607-90cb-8c7a1de3ce43,3148,1785910573578977424,1785910573714102424,135,true,0.597127,0.300559
bdedf6dc-ea0b-483b-bd39-8f6d850962e7,d17244fd-0b3d-4607-90cb-8c7a1de3ce43,3149,1785910573754227424,1785910573979352424,225,true,0.411155,0.222482
bdedf6dc-ea0b-483b-bd39-8f6d850962e7,d17244fd-0b3d-4607-90cb-8c7a1de3ce43,3150,1785910574019477424,1785910574299727424,280,true,0.590198,0.490992
bdedf6dc-ea0b-483b-bd39-8f6d850962e7,d17244fd-0b3d-4607-90cb-8c7a1de3ce43,3151,1785910574399852424,1785910574559990424,160,false,0.782462,1.962649
bdedf6dc-ea0b-483b-bd39-8f6d850962e7,d17244fd-0b3d-4607-90cb-8c7a1de3ce43,3152,1785910574730102424,1785910574935351424,205,true,0.490757,0.490634
bdedf6dc-ea0b-483b-bd39-8f6d850962e7,d17244fd-0b3d-4607-90cb-8c7a1de3ce43,3153,1785910574965352424,1785910575115477424,150,true,0.477779,0.640865
bdedf6dc-ea0b-483b-bd39-8f6d850962e7,d17244fd-0b3d-4607-90cb-8c7a1de3ce43,3154,1785910575150477424,1785910575300602424,150,true,0.597355,0.560021
bdedf6dc-ea0b-483b-bd39-8f6d850962e7,d17244fd-0b3d-4607-90cb-8c7a1de3ce43,3155,1785910575340727424,1785910575545852424,205,true,0.60909,0.403297
bdedf6dc-ea0b-483b-bd39-8f6d850962e7,d17244fd-0b3d-4607-90cb-8c7a1de3ce43,3156,1785910575590977424,1785910575826102424,235,true,0.625902,0.07227
bdedf6dc-ea0b-483b-bd39-8f6d850962e7,d17244fd-0b3d-4607-90cb-8c7a1de3ce43,3157,1785910575871236424,1785910576196476424,325,true,0.519883,0.020359
bdedf6dc-ea0b-483b-bd39-8f6d850962e7,d17244fd-0b3d-4607-90cb-8c7a1de3ce43,3158,1785910576226477424,1785910576476727424,250,true,0.568077,0.045144
bdedf6dc-ea0b-483b-bd39-8f6d850962e7,d17244fd-0b3d-4607-90cb-8c7a1de3ce43,3159,1785910576506727424,1785910576676976424,170,true,0.508966,0.119895
bdedf6dc-ea0b-483b-bd39-8f6d850962e7,d17244fd-0b3d-4607-90cb-8c7a1de3ce43,3160,1785910576892102424,1785910576992227424,100,true,0.562912,0.084331
bdedf6dc-ea0b-483b-bd39-8f6d850962e7,d17244fd-0b3d-4607-90cb-8c7a1de3ce43,3161,1785910577047227424,1785910577257476424,210,true,0.510302,0.628529
bdedf6dc-ea0b-483b-bd39-8f6d850962e7,d17244fd-0b3d-4607-90cb-8c7a1de3ce43,3162,1785910577297481424,1785910577417606424,120,true,0.475762,0.44545
bdedf6dc-ea0b-483b-bd39-8f6d850962e7,d17244fd-0b3d-4607-90cb-8c7a1de3ce43,3163,1785910577452601424,1785910577742976424,290,true,0.33413,0.598016
bdedf6dc-ea0b-483b-bd39-8f6d850962e7,d17244fd-0b3d-4607-90cb-8c7a1de3ce43,3164,1785910577782976424,1785910578153351424,370,true,0.542926,0.597009
bdedf6dc-ea0b-483b-bd39-8f6d850962e7,d17244fd-0b3d-4607-90cb-8c7a1de3ce43,3165,1785910578193356424,1785910578348481424,155,true,0.493981,0.40789
bdedf6dc-ea0b-483b-bd39-8f6d850962e7,d17244fd-0b3d-4607-90cb-8c7a1de3ce43,3166,1785910578383476424,1785910578523726424,140,true,0.507738,0.578674
bdedf6dc-ea0b-483b-bd39-8f6d850962e7,d17244fd-0b3d-4607-90cb-8c7a1de3ce43,3167,1785910578558726424,1785910578813976424,255,true,0.663158,0.598536
bdedf6dc-ea0b-483b-bd39-8f6d850962e7,d17244fd-0b3d-4607-90cb-8c7a1de3ce43,3168,1785910578858986424,1785910579389476424,530,true,0.498511,0.542384
bdedf6dc-ea0b-483b-bd39-8f6d850962e7,d17244fd-0b3d-4607-90cb-8c7a1de3ce43,3169,1785910579564601424,1785910579729851424,165,true,0.486706,0.094549
bdedf6dc-ea0b-483b-bd39-8f6d850962e7,d17244fd-0b3d-4607-90cb-8c7a1de3ce43,3170,1785910579779851424,1785910579929976424,150,true,0.53059,0.507799
bdedf6dc-ea0b-483b-bd39-8f6d850962e7,d17244fd-0b3d-4607-90cb-8c7a1de3ce43,3171,1785910579954976424,1785910580290351424,335,true,0.491532,0.39584
bdedf6dc-ea0b-483b-bd39-8f6d850962e7,d17244fd-0b3d-4607-90cb-8c7a1de3ce43,3172,1785910580335351424,1785910580535601424,200,true,0.551096,0.195691
bdedf6dc-ea0b-483b-bd39-8f6d850962e7,d17244fd-0b3d-4607-90cb-8c7a1de3ce43,3173,1785910580575601424,1785910580670726424,95,true,0.623283,0.404983
bdedf6dc-ea0b-483b-bd39-8f6d850962e7,d17244fd-0b3d-4607-90cb-8c7a1de3ce43,3174,1785910580830851424,1785910580980976424,150,true,0.482699,0.702816
bdedf6dc-ea0b-483b-bd39-8f6d850962e7,d17244fd-0b3d-4607-90cb-8c7a1de3ce43,3175,1785910581010976424,1785910581151101424,140,true,0.39838,0.636495
bdedf6dc-ea0b-483b-bd39-8f6d850962e7,d17244fd-0b3d-4607-90cb-8c7a1de3ce43,3176,1785910581191108424,1785910581456476424,265,true,0.585667,0.596538
bdedf6dc-ea0b-483b-bd39-8f6d850962e7,d17244fd-0b3d-4607-90cb-8c7a1de3ce43,3177,1785910581496476424,1785910581881851424,385,true,0.616509,0.434255
bdedf6dc-ea0b-483b-bd39-8f6d850962e7,d17244fd-0b3d-4607-90cb-8c7a1de3ce43,3178,1785910581921851424,1785910582106976424,185,true,0.55026,0.644767
bdedf6dc-ea0b-483b-bd39-8f6d850962e7,d17244fd-0b3d-4607-90cb-8c7a1de3ce43,3179,1785910582132101424,1785910582432357424,300,true,0.493908,0.634214
bdedf6dc-ea0b-483b-bd39-8f6d850962e7,d17244fd-0b3d-4607-90cb-8c7a1de3ce43,3180,1785910582567476424,1785910582732601424,165,true,0.61183,0.424755
bdedf6dc-ea0b-483b-bd39-8f6d850962e7,d17244fd-0b3d-4607-90cb-8c7a1de3ce43,3181,1785910582767601424,1785910583152976424,385,true,0.576719,0.608562
bdedf6dc-ea0b-483b-bd39-8f6d850962e7,d17244fd-0b3d-4607-90cb-8c7a1de3ce43,3182,1785910583458351424,1785910583583351424,125,true,0.582666,0.404023
bdedf6dc-ea0b-483b-bd39-8f6d850962e7,d17244fd-0b3d-4607-90cb-8c7a1de3ce43,3183,1785910583613481424,1785910583643476424,29,true,0.591185,0.243109
bdedf6dc-ea0b-483b-bd39-8f6d850962e7,d17244fd-0b3d-4607-90cb-8c7a1de3ce43,3184,1785910583748601424,1785910583923726424,175,true,0.411638,0.27958
bdedf6dc-ea0b-483b-bd39-8f6d850962e7,d17244fd-0b3d-4607-90cb-8c7a1de3ce43,3185,1785910584063851424,1785910584299108424,235,true,0.596275,0.201509
bdedf6dc-ea0b-483b-bd39-8f6d850962e7,d17244fd-0b3d-4607-90cb-8c7a1de3ce43,3186,1785910584624351424,1785910584979726424,355,true,0.604564,0.087703
bdedf6dc-ea0b-483b-bd39-8f6d850962e7,d17244fd-0b3d-4607-90cb-8c7a1de3ce43,3187,1785910585014726424,1785910585585226424,570,true,0.502319,0.056842
bdedf6dc-ea0b-483b-bd39-8f6d850962e7,d17244fd-0b3d-4607-90cb-8c7a1de3ce43,3188,1785910585635357424,1785910586120851424,485,true,0.482336,0.495758
bdedf6dc-ea0b-483b-bd39-8f6d850962e7,d17244fd-0b3d-4607-90cb-8c7a1de3ce43,3189,1785910586155851424,1785910586260976424,105,true,0.597135,0.668958
bdedf6dc-ea0b-483b-bd39-8f6d850962e7,d17244fd-0b3d-4607-90cb-8c7a1de3ce43,3190,1785910586290976424,1785910586421101424,130,true,0.470295,0.741277
bdedf6dc-ea0b-483b-bd39-8f6d850962e7,d17244fd-0b3d-4607-90cb-8c7a1de3ce43,3191,1785910586451105424,1785910586736351424,285,true,0.485904,0.638278
bdedf6dc-ea0b-483b-bd39-8f6d850962e7,d17244fd-0b3d-4607-90cb-8c7a1de3ce43,3192,1785910586771355424,1785910586906480424,135,true,0.470725,0.409518
f27b719a-4d0f-4d6b-99db-db1aa218347b,dd102ab7-56d3-4d73-ae35-646383c140e3,67,1785907215730744709,1785907216141121709,410,true,0.560051,0.45379
f27b719a-4d0f-4d6b-99db-db1aa218347b,dd102ab7-56d3-4d73-ae35-646383c140e3,68,1785907216171116709,1785907216436364709,265,true,0.487148,0.439074
f27b719a-4d0f-4d6b-99db-db1aa218347b,dd102ab7-56d3-4d73-ae35-646383c140e3,69,1785907216501489709,1785907216691614709,190,true,0.963241,0.547058
f27b719a-4d0f-4d6b-99db-db1aa218347b,dd102ab7-56d3-4d73-ae35-646383c140e3,70,1785907216756615709,1785907216866747709,110,true,0.480794,0.226044
f27b719a-4d0f-4d6b-99db-db1aa218347b,dd102ab7-56d3-4d73-ae35-646383c140e3,71,1785907216901865709,1785907217502363709,600,true,0.535754,0.076787
f27b719a-4d0f-4d6b-99db-db1aa218347b,dd102ab7-56d3-4d73-ae35-646383c140e3,72,1785907217552356709,1785907218238109709,685,true,0.507869,0.420207
f27b719a-4d0f-4d6b-99db-db1aa218347b,dd102ab7-56d3-4d73-ae35-646383c140e3,73,1785907218378224709,1785907218628352709,250,true,0.375562,0.594232
f27b719a-4d0f-4d6b-99db-db1aa218347b,dd102ab7-56d3-4d73-ae35-646383c140e3,74,1785907218813596709,1785907219133844709,320,true,0.509425,0.404767
f27b719a-4d0f-4d6b-99db-db1aa218347b,dd102ab7-56d3-4d73-ae35-646383c140e3,75,1785907219183969709,1785907219339092709,155,true,0.523412,0.551451
f27b719a-4d0f-4d6b-99db-db1aa218347b,dd102ab7-56d3-4d73-ae35-646383c140e3,76,1785907219369092709,1785907219734464709,365,true,0.541334,0.42912
f27b719a-4d0f-4d6b-99db-db1aa218347b,dd102ab7-56d3-4d73-ae35-646383c140e3,77,1785907219764464709,1785907220144836709,380,true,0.518818,0.558585
f27b719a-4d0f-4d6b-99db-db1aa218347b,dd102ab7-56d3-4d73-ae35-646383c140e3,78,1785907220179836709,1785907220329964709,150,true,0.634715,0.590925
f27b719a-4d0f-4d6b-99db-db1aa218347b,dd102ab7-56d3-4d73-ae35-646383c140e3,79,1785907220364964709,1785907220725332709,360,true,0.530913,0.603003
f27b719a-4d0f-4d6b-99db-db1aa218347b,dd102ab7-56d3-4d73-ae35-646383c140e3,80,1785907220760331709,1785907220945580709,185,true,0.661934,0.617682
f27b719a-4d0f-4d6b-99db-db1aa218347b,dd102ab7-56d3-4d73-ae35-646383c140e3,81,1785907220985580709,1785907221385952709,400,true,0.516597,0.592549
f27b719a-4d0f-4d6b-99db-db1aa218347b,dd102ab7-56d3-4d73-ae35-646383c140e3,82,1785907221516077709,1785907221691199709,175,true,0.518475,0.590291
f27b719a-4d0f-4d6b-99db-db1aa218347b,dd102ab7-56d3-4d73-ae35-646383c140e3,83,1785907221726324709,1785907221991572709,265,true,0.533183,0.383628
f27b719a-4d0f-4d6b-99db-db1aa218347b,dd102ab7-56d3-4d73-ae35-646383c140e3,84,1785907222031572709,1785907222947440709,915,true,0.525422,0.590058
f27b719a-4d0f-4d6b-99db-db1aa218347b,dd102ab7-56d3-4d73-ae35-646383c140e3,85,1785907222987440709,1785907223147564709,160,true,0.666476,0.57583
f27b719a-4d0f-4d6b-99db-db1aa218347b,dd102ab7-56d3-4d73-ae35-646383c140e3,86,1785907223182688709,1785907224038432709,855,true,0.5525,0.460818
f27b719a-4d0f-4d6b-99db-db1aa218347b,dd102ab7-56d3-4d73-ae35-646383c140e3,87,1785907224178556709,1785907224754051709,575,true,0.499813,0.488524
f27b719a-4d0f-4d6b-99db-db1aa218347b,dd102ab7-56d3-4d73-ae35-646383c140e3,88,1785907224819176709,1785907224919300709,100,true,0.670017,0.544947
f27b719a-4d0f-4d6b-99db-db1aa218347b,dd102ab7-56d3-4d73-ae35-646383c140e3,89,1785907224969300709,1785907225224548709,255,true,0.42768,0.548999
f27b719a-4d0f-4d6b-99db-db1aa218347b,dd102ab7-56d3-4d73-ae35-646383c140e3,90,1785907225264552709,1785907225539796709,275,true,0.536057,0.711482
f27b719a-4d0f-4d6b-99db-db1aa218347b,dd102ab7-56d3-4d73-ae35-646383c140e3,91,1785907225559805709,1785907225659919709,100,true,0.51161,0.664298
f27b719a-4d0f-4d6b-99db-db1aa218347b,dd102ab7-56d3-4d73-ae35-646383c140e3,92,1785907225890168709,1785907226030292709,140,true,0.535762,0.362002
f27b719a-4d0f-4d6b-99db-db1aa218347b,dd102ab7-56d3-4d73-ae35-646383c140e3,93,1785907226300540709,1785907226575788709,275,true,0.672595,0.518866
f27b719a-4d0f-4d6b-99db-db1aa218347b,dd102ab7-56d3-4d73-ae35-646383c140e3,94,1785907226600792709,1785907226755911709,155,true,0.623046,0.536351
f27b719a-4d0f-4d6b-99db-db1aa218347b,dd102ab7-56d3-4d73-ae35-646383c140e3,95,1785907226796036709,1785907227536655709,740,true,0.389383,0.564721
f27b719a-4d0f-4d6b-99db-db1aa218347b,dd102ab7-56d3-4d73-ae35-646383c140e3,96,1785907227556655709,1785907228082151709,525,true,0.429517,0.545344
f27b719a-4d0f-4d6b-99db-db1aa218347b,dd102ab7-56d3-4d73-ae35-646383c140e3,97,1785907228197275709,1785907229498526709,1301,true,0.515562,0.354221
f27b719a-4d0f-4d6b-99db-db1aa218347b,dd102ab7-56d3-4d73-ae35-646383c140e3,98,1785907229538515709,1785907229713639709,175,true,0.418712,0.574538
f27b719a-4d0f-4d6b-99db-db1aa218347b,dd102ab7-56d3-4d73-ae35-646383c140e3,99,1785907229898897709,1785907230599507709,700,true,0.444073,0.526661
f27b719a-4d0f-4d6b-99db-db1aa218347b,dd102ab7-56d3-4d73-ae35-646383c140e3,100,1785907230644508709,1785907231410251709,765,true,0.499603,0.084876
f27b719a-4d0f-4d6b-99db-db1aa218347b,dd102ab7-56d3-4d73-ae35-646383c140e3,101,1785907231475375709,1785907231680499709,205,true,0.505755,0.443547
f27b719a-4d0f-4d6b-99db-db1aa218347b,dd102ab7-56d3-4d73-ae35-646383c140e3,102,1785907231970752709,1785907232155995709,185,true,0.459804,0.638096
f27b719a-4d0f-4d6b-99db-db1aa218347b,dd102ab7-56d3-4d73-ae35-646383c140e3,103,1785907232175995709,1785907232481243709,305,true,0.524095,0.563798
f27b719a-4d0f-4d6b-99db-db1aa218347b,dd102ab7-56d3-4d73-ae35-646383c140e3,104,1785907232516243709,1785907232796616709,280,true,0.439581,0.577051
f27b719a-4d0f-4d6b-99db-db1aa218347b,dd102ab7-56d3-4d73-ae35-646383c140e3,105,1785907232836615709,1785907233156874709,320,true,0.531612,0.736578
f27b719a-4d0f-4d6b-99db-db1aa218347b,dd102ab7-56d3-4d73-ae35-646383c140e3,106,1785907233201990709,1785907233642359709,440,true,0.409651,0.575773
f27b719a-4d0f-4d6b-99db-db1aa218347b,dd102ab7-56d3-4d73-ae35-646383c140e3,107,1785907233682359709,1785907233927617709,245,true,0.531201,0.450832
f27b719a-4d0f-4d6b-99db-db1aa218347b,dd102ab7-56d3-4d73-ae35-646383c140e3,108,1785907233962607709,1785907234518102709,555,true,0.512026,0.572851
f27b719a-4d0f-4d6b-99db-db1aa218347b,dd102ab7-56d3-4d73-ae35-646383c140e3,109,1785907234553227709,1785907234743351709,190,true,0.406876,0.602348
f27b719a-4d0f-4d6b-99db-db1aa218347b,dd102ab7-56d3-4d73-ae35-646383c140e3,110,1785907234783356709,1785907234943599709,160,true,0.513495,0.515082
f27b719a-4d0f-4d6b-99db-db1aa218347b,dd102ab7-56d3-4d73-ae35-646383c140e3,111,1785907234978599709,1785907236034595709,1055,true,0.538156,0.676363
f27b719a-4d0f-4d6b-99db-db1aa218347b,dd102ab7-56d3-4d73-ae35-646383c140e3,112,1785907236104590709,1785907237020458709,915,true,0.630176,0.440678
f27b719a-4d0f-4d6b-99db-db1aa218347b,dd102ab7-56d3-4d73-ae35-646383c140e3,113,1785907237040458709,1785907237240711709,200,true,0.60136,0.496457
f27b719a-4d0f-4d6b-99db-db1aa218347b,dd102ab7-56d3-4d73-ae35-646383c140e3,114,1785907237275706709,1785907237440835709,165,true,0.627258,0.350561
f27b719a-4d0f-4d6b-99db-db1aa218347b,dd102ab7-56d3-4d73-ae35-646383c140e3,115,1785907237555954709,1785907237761203709,205,true,0.463132,0.286403
f27b719a-4d0f-4d6b-99db-db1aa218347b,dd102ab7-56d3-4d73-ae35-646383c140e3,116,1785907237801202709,1785907237981326709,180,true,0.645678,0.425606
f27b719a-4d0f-4d6b-99db-db1aa218347b,dd102ab7-56d3-4d73-ae35-646383c140e3,117,1785907238001451709,1785907238301699709,300,true,0.609676,0.490082
f27b719a-4d0f-4d6b-99db-db1aa218347b,dd102ab7-56d3-4d73-ae35-646383c140e3,118,1785907238361698709,1785907238526822709,165,true,0.252258,0.50294
f27b719a-4d0f-4d6b-99db-db1aa218347b,dd102ab7-56d3-4d73-ae35-646383c140e3,119,1785907238576947709,1785907239272566709,695,true,0.489835,0.455506
f27b719a-4d0f-4d6b-99db-db1aa218347b,dd102ab7-56d3-4d73-ae35-646383c140e3,120,1785907239297566709,1785907239512814709,215,true,0.546301,0.485592
f27b719a-4d0f-4d6b-99db-db1aa218347b,dd102ab7-56d3-4d73-ae35-646383c140e3,121,1785907239647938709,1785907239828062709,180,true,0.516651,0.500286
f27b719a-4d0f-4d6b-99db-db1aa218347b,dd102ab7-56d3-4d73-ae35-646383c140e3,122,1785907239878186709,1785907240493682709,615,true,0.511931,0.121036
f27b719a-4d0f-4d6b-99db-db1aa218347b,dd102ab7-56d3-4d73-ae35-646383c140e3,123,1785907240533806709,1785907240804054709,270,true,0.53304,0.340228
f27b719a-4d0f-4d6b-99db-db1aa218347b,dd102ab7-56d3-4d73-ae35-646383c140e3,124,1785907240929053709,1785907241159302709,230,true,0.525136,0.112568
f27b719a-4d0f-4d6b-99db-db1aa218347b,dd102ab7-56d3-4d73-ae35-646383c140e3,125,1785907241199426709,1785907241444550709,245,true,0.53968,0.404448
f27b719a-4d0f-4d6b-99db-db1aa218347b,dd102ab7-56d3-4d73-ae35-646383c140e3,126,1785907241484674709,1785907241659798709,175,true,0.681212,0.55544
f27b719a-4d0f-4d6b-99db-db1aa218347b,dd102ab7-56d3-4d73-ae35-646383c140e3,127,1785907241714797709,1785907241955046709,240,true,0.511339,0.125249
f27b719a-4d0f-4d6b-99db-db1aa218347b,dd102ab7-56d3-4d73-ae35-646383c140e3,128,1785907242075170709,1785907242425542709,350,true,0.5479,0.365143
f27b719a-4d0f-4d6b-99db-db1aa218347b,dd102ab7-56d3-4d73-ae35-646383c140e3,129,1785907242445542709,1785907242986038709,540,true,0.526741,0.410943
f27b719a-4d0f-4d6b-99db-db1aa218347b,dd102ab7-56d3-4d73-ae35-646383c140e3,130,1785907243016038709,1785907243291285709,275,true,0.538271,0.55297
f27b719a-4d0f-4d6b-99db-db1aa218347b,dd102ab7-56d3-4d73-ae35-646383c140e3,131,1785907243326285709,1785907243461409709,135,true,0.548813,0.410083
f27b719a-4d0f-4d6b-99db-db1aa218347b,dd102ab7-56d3-4d73-ae35-646383c140e3,132,1785907243601658709,1785907243786782709,185,true,0.548667,0.539029
f27b719a-4d0f-4d6b-99db-db1aa218347b,dd102ab7-56d3-4d73-ae35-646383c140e3,133,1785907244072032709,1785907244172154709,100,true,0.532634,0.593513
f27b719a-4d0f-4d6b-99db-db1aa218347b,dd102ab7-56d3-4d73-ae35-646383c140e3,134,1785907244407289709,1785907244547537709,140,true,0.525535,0.633142
f27b719a-4d0f-4d6b-99db-db1aa218347b,dd102ab7-56d3-4d73-ae35-646383c140e3,135,1785907244587525709,1785907245002897709,415,true,0.681873,0.536967
f27b719a-4d0f-4d6b-99db-db1aa218347b,dd102ab7-56d3-4d73-ae35-646383c140e3,136,1785907245047897709,1785907245328145709,280,true,0.533893,0.378143
f27b719a-4d0f-4d6b-99db-db1aa218347b,dd102ab7-56d3-4d73-ae35-646383c140e3,137,1785907245358269709,1785907245523393709,165,true,0.533024,0.478853
f27b719a-4d0f-4d6b-99db-db1aa218347b,dd102ab7-56d3-4d73-ae35-646383c140e3,138,1785907245553393709,1785907246118889709,565,true,0.529263,0.39222
f27b719a-4d0f-4d6b-99db-db1aa218347b,dd102ab7-56d3-4d73-ae35-646383c140e3,139,1785907246154023709,1785907246669384709,515,true,0.556664,0.517736
f27b719a-4d0f-4d6b-99db-db1aa218347b,dd102ab7-56d3-4d73-ae35-646383c140e3,140,1785907246709509709,1785907246904633709,195,true,0.689796,0.584756
f27b719a-4d0f-4d6b-99db-db1aa218347b,dd102ab7-56d3-4d73-ae35-646383c140e3,141,1785907246944764709,1785907247285004709,340,true,0.545662,0.468164
f27b719a-4d0f-4d6b-99db-db1aa218347b,dd102ab7-56d3-4d73-ae35-646383c140e3,142,1785907247430128709,1785907247605377709,175,true,0.415622,0.609318
f27b719a-4d0f-4d6b-99db-db1aa218347b,dd102ab7-56d3-4d73-ae35-646383c140e3,143,1785907247645380709,1785907248190873709,545,true,0.511151,0.419551
f27b719a-4d0f-4d6b-99db-db1aa218347b,dd102ab7-56d3-4d73-ae35-646383c140e3,144,1785907248225872709,1785907248551245709,325,true,0.401665,0.574688
f27b719a-4d0f-4d6b-99db-db1aa218347b,dd102ab7-56d3-4d73-ae35-646383c140e3,145,1785907248571245709,1785907248881492709,310,true,0.455214,0.57719
f27b719a-4d0f-4d6b-99db-db1aa218347b,dd102ab7-56d3-4d73-ae35-646383c140e3,146,1785907248916492709,1785907249837360709,920,true,0.52473,0.424287
f27b719a-4d0f-4d6b-99db-db1aa218347b,dd102ab7-56d3-4d73-ae35-646383c140e3,147,1785907249867359709,1785907250102608709,235,true,0.534208,0.575105
f27b719a-4d0f-4d6b-99db-db1aa218347b,dd102ab7-56d3-4d73-ae35-646383c140e3,148,1785907250137608709,1785907250312856709,175,true,0.415875,0.618619
f27b719a-4d0f-4d6b-99db-db1aa218347b,dd102ab7-56d3-4d73-ae35-646383c140e3,149,1785907250352856709,1785907250527980709,175,true,0.549114,0.439243
f27b719a-4d0f-4d6b-99db-db1aa218347b,dd102ab7-56d3-4d73-ae35-646383c140e3,150,1785907250648104709,1785907250823352709,175,true,0.437846,0.636103
f27b719a-4d0f-4d6b-99db-db1aa218347b,dd102ab7-56d3-4d73-ae35-646383c140e3,151,1785907250868352709,1785907250963476709,95,true,0.62078,0.544592
f27b719a-4d0f-4d6b-99db-db1aa218347b,dd102ab7-56d3-4d73-ae35-646383c140e3,152,1785907251003480709,1785907251593971709,590,true,0.544416,0.681677
f27b719a-4d0f-4d6b-99db-db1aa218347b,dd102ab7-56d3-4d73-ae35-646383c140e3,153,1785907251624096709,1785907251979343709,355,true,0.573008,0.635381
f27b719a-4d0f-4d6b-99db-db1aa218347b,dd102ab7-56d3-4d73-ae35-646383c140e3,154,1785907252014468709,1785907252700088709,685,true,0.628479,0.468584
f27b719a-4d0f-4d6b-99db-db1aa218347b,dd102ab7-56d3-4d73-ae35-646383c140e3,155,1785907252835212709,1785907253005335709,170,true,0.634549,0.478907
f27b719a-4d0f-4d6b-99db-db1aa218347b,dd102ab7-56d3-4d73-ae35-646383c140e3,156,1785907253040335709,1785907253465707709,425,true,0.55759,0.574735
f27b719a-4d0f-4d6b-99db-db1aa218347b,dd102ab7-56d3-4d73-ae35-646383c140e3,157,1785907253485832709,1785907253856084709,370,true,0.535429,0.650179
f27b719a-4d0f-4d6b-99db-db1aa218347b,dd102ab7-56d3-4d73-ae35-646383c140e3,158,1785907253896203709,1785907254071339709,175,true,0.616818,0.420452
f27b719a-4d0f-4d6b-99db-db1aa218347b,dd102ab7-56d3-4d73-ae35-646383c140e3,159,1785907254096327709,1785907254241451709,145,true,0.611591,0.303681
f27b719a-4d0f-4d6b-99db-db1aa218347b,dd102ab7-56d3-4d73-ae35-646383c140e3,160,1785907254406574709,1785907255027195709,620,true,0.536421,0.309962
f27b719a-4d0f-4d6b-99db-db1aa218347b,dd102ab7-56d3-4d73-ae35-646383c140e3,161,1785907255072198709,1785907255272451709,200,true,0.549399,0.034912
f27b719a-4d0f-4d6b-99db-db1aa218347b,dd102ab7-56d3-4d73-ae35-646383c140e3,162,1785907255382567709,1785907255572690709,190,true,0.537535,0.277972
f27b719a-4d0f-4d6b-99db-db1aa218347b,dd102ab7-56d3-4d73-ae35-646383c140e3,163,1785907255612815709,1785907255767939709,155,true,0.532647,0.106803
f27b719a-4d0f-4d6b-99db-db1aa218347b,dd102ab7-56d3-4d73-ae35-646383c140e3,164,1785907255802943709,1785907256048187709,245,true,0.53742,0.284432
f27b719a-4d0f-4d6b-99db-db1aa218347b,dd102ab7-56d3-4d73-ae35-646383c140e3,165,1785907256143186709,1785907256343437709,200,true,0.564577,0.381986
f27b719a-4d0f-4d6b-99db-db1aa218347b,dd102ab7-56d3-4d73-ae35-646383c140e3,166,1785907256793806709,1785907256994054709,200,true,0.62518,0.52575
f27b719a-4d0f-4d6b-99db-db1aa218347b,dd102ab7-56d3-4d73-ae35-646383c140e3,167,1785907257064056709,1785907257149178709,85,true,0.598445,0.587093
f27b719a-4d0f-4d6b-99db-db1aa218347b,dd102ab7-56d3-4d73-ae35-646383c140e3,168,1785907257589550709,1785907257754798709,165,true,0.511406,0.618313
f27b719a-4d0f-4d6b-99db-db1aa218347b,dd102ab7-56d3-4d73-ae35-646383c140e3,169,1785907257799803709,1785907258065046709,265,true,0.558028,0.266202
f27b719a-4d0f-4d6b-99db-db1aa218347b,dd102ab7-56d3-4d73-ae35-646383c140e3,170,1785907258365294709,1785907258605542709,240,true,0.544847,0.27658
f27b719a-4d0f-4d6b-99db-db1aa218347b,dd102ab7-56d3-4d73-ae35-646383c140e3,171,1785907258875790709,1785907259881665709,1005,true,0.536765,0.627051
f27b719a-4d0f-4d6b-99db-db1aa218347b,dd102ab7-56d3-4d73-ae35-646383c140e3,172,1785907259921781709,1785907260327153709,405,true,0.4566,0.50766
f27b719a-4d0f-4d6b-99db-db1aa218347b,dd102ab7-56d3-4d73-ae35-646383c140e3,173,1785907260357153709,1785907260567401709,210,true,0.512789,0.534615
f27b719a-4d0f-4d6b-99db-db1aa218347b,dd102ab7-56d3-4d73-ae35-646383c140e3,174,1785907260607401709,1785907260777525709,170,true,0.663061,0.579491
f27b719a-4d0f-4d6b-99db-db1aa218347b,dd102ab7-56d3-4d73-ae35-646383c140e3,175,1785907260817649709,1785907261157897709,340,true,0.470251,0.542726
f27b719a-4d0f-4d6b-99db-db1aa218347b,dd102ab7-56d3-4d73-ae35-646383c140e3,176,1785907261197896709,1785907261473144709,275,true,0.549002,0.388255
f27b719a-4d0f-4d6b-99db-db1aa218347b,dd102ab7-56d3-4d73-ae35-646383c140e3,177,1785907261583269709,1785907262003640709,420,true,0.52424,0.315554
f27b719a-4d0f-4d6b-99db-db1aa218347b,dd102ab7-56d3-4d73-ae35-646383c140e3,178,1785907262048771709,1785907262278888709,230,true,0.509561,0.664409
f27b719a-4d0f-4d6b-99db-db1aa218347b,dd102ab7-56d3-4d73-ae35-646383c140e3,179,1785907262319013709,1785907262549136709,230,true,0.660901,0.590328
f27b719a-4d0f-4d6b-99db-db1aa218347b,dd102ab7-56d3-4d73-ae35-646383c140e3,180,1785907262589261709,1785907263149756709,560,true,0.53898,0.412875
f27b719a-4d0f-4d6b-99db-db1aa218347b,dd102ab7-56d3-4d73-ae35-646383c140e3,181,1785907263189756709,1785907263975500709,785,true,0.537239,0.732864
f27b719a-4d0f-4d6b-99db-db1aa218347b,dd102ab7-56d3-4d73-ae35-646383c140e3,182,1785907264015507709,1785907264611124709,595,true,0.551591,0.548518
f27b719a-4d0f-4d6b-99db-db1aa218347b,dd102ab7-56d3-4d73-ae35-646383c140e3,183,1785907264636120709,1785907265571987709,935,true,0.542784,0.664584
f27b719a-4d0f-4d6b-99db-db1aa218347b,dd102ab7-56d3-4d73-ae35-646383c140e3,184,1785907265627112709,1785907266062483709,435,true,0.602634,0.510753
f27b719a-4d0f-4d6b-99db-db1aa218347b,dd102ab7-56d3-4d73-ae35-646383c140e3,185,1785907266157608709,1785907266427856709,270,true,0.583615,0.464495
f27b719a-4d0f-4d6b-99db-db1aa218347b,dd102ab7-56d3-4d73-ae35-646383c140e3,186,1785907266447855709,1785907266938226709,490,true,0.603527,0.39457
f27b719a-4d0f-4d6b-99db-db1aa218347b,dd102ab7-56d3-4d73-ae35-646383c140e3,187,1785907266968351709,1785907267288599709,320,true,0.619905,0.285355
f27b719a-4d0f-4d6b-99db-db1aa218347b,dd102ab7-56d3-4d73-ae35-646383c140e3,188,1785907267453723709,1785907267743970709,290,true,0.641331,0.295379
f27b719a-4d0f-4d6b-99db-db1aa218347b,dd102ab7-56d3-4d73-ae35-646383c140e3,189,1785907267784095709,1785907268194467709,410,true,0.45857,0.299435
f27b719a-4d0f-4d6b-99db-db1aa218347b,dd102ab7-56d3-4d73-ae35-646383c140e3,190,1785907268234469709,1785907268684838709,450,true,0.641837,0.339001
f27b719a-4d0f-4d6b-99db-db1aa218347b,dd102ab7-56d3-4d73-ae35-646383c140e3,191,1785907268724963709,1785907268935092709,210,true,0.512637,0.41047
f27b719a-4d0f-4d6b-99db-db1aa218347b,dd102ab7-56d3-4d73-ae35-646383c140e3,192,1785907268965210709,1785907269145334709,180,true,0.570249,0.404465
f27b719a-4d0f-4d6b-99db-db1aa218347b,dd102ab7-56d3-4d73-ae35-646383c140e3,193,1785907269185336709,1785907269515718709,330,true,0.509724,0.140207
f27b719a-4d0f-4d6b-99db-db1aa218347b,dd102ab7-56d3-4d73-ae35-646383c140e3,194,1785907269595705709,1785907269775954709,180,true,0.529798,0.599126
f27b719a-4d0f-4d6b-99db-db1aa218347b,dd102ab7-56d3-4d73-ae35-646383c140e3,195,1785907269926078709,1785907270246325709,320,true,0.471086,0.592219
f27b719a-4d0f-4d6b-99db-db1aa218347b,dd102ab7-56d3-4d73-ae35-646383c140e3,196,1785907270271325709,1785907270496588709,225,true,0.421026,0.551772
f27b719a-4d0f-4d6b-99db-db1aa218347b,dd102ab7-56d3-4d73-ae35-646383c140e3,197,1785907270536573709,1785907271022071709,485,true,0.543093,0.447027
f27b719a-4d0f-4d6b-99db-db1aa218347b,dd102ab7-56d3-4d73-ae35-646383c140e3,198,1785907271062069709,1785907271297317709,235,true,0.627252,0.54595
f27b719a-4d0f-4d6b-99db-db1aa218347b,dd102ab7-56d3-4d73-ae35-646383c140e3,199,1785907271337319709,1785907271812813709,475,true,0.535293,0.76549
f27b719a-4d0f-4d6b-99db-db1aa218347b,dd102ab7-56d3-4d73-ae35-646383c140e3,200,1785907271987937709,1785907272193185709,205,true,0.538177,0.766149
f27b719a-4d0f-4d6b-99db-db1aa218347b,dd102ab7-56d3-4d73-ae35-646383c140e3,201,1785907272233185709,1785907272458433709,225,true,0.680598,0.546415
f27b719a-4d0f-4d6b-99db-db1aa218347b,dd102ab7-56d3-4d73-ae35-646383c140e3,202,1785907272513444709,1785907273349176709,835,true,0.423801,0.530827
f27b719a-4d0f-4d6b-99db-db1aa218347b,dd102ab7-56d3-4d73-ae35-646383c140e3,203,1785907273384301709,1785907273514425709,130,true,0.539258,0.568995
f27b719a-4d0f-4d6b-99db-db1aa218347b,dd102ab7-56d3-4d73-ae35-646383c140e3,204,1785907273549424709,1785907273729548709,180,true,0.695976,0.588223
f27b719a-4d0f-4d6b-99db-db1aa218347b,dd102ab7-56d3-4d73-ae35-646383c140e3,205,1785907273889672709,1785907274170044709,280,true,0.437978,0.540481
f27b719a-4d0f-4d6b-99db-db1aa218347b,dd102ab7-56d3-4d73-ae35-646383c140e3,206,1785907274205044709,1785907274530291709,325,true,0.558196,0.571937
f27b719a-4d0f-4d6b-99db-db1aa218347b,dd102ab7-56d3-4d73-ae35-646383c140e3,207,1785907274570299709,1785907274725540709,155,true,0.69153,0.572713
f27b719a-4d0f-4d6b-99db-db1aa218347b,dd102ab7-56d3-4d73-ae35-646383c140e3,208,1785907274775540709,1785907275050787709,275,true,0.433072,0.544188
f27b719a-4d0f-4d6b-99db-db1aa218347b,dd102ab7-56d3-4d73-ae35-646383c140e3,209,1785907275085787709,1785907275306044709,220,true,0.534896,0.414146
f27b719a-4d0f-4d6b-99db-db1aa218347b,dd102ab7-56d3-4d73-ae35-646383c140e3,210,1785907275401160709,1785907275716407709,315,true,0.696128,0.530961
f27b719a-4d0f-4d6b-99db-db1aa218347b,dd102ab7-56d3-4d73-ae35-646383c140e3,211,1785907275761407709,1785907275961657709,200,true,0.551465,0.78812
f27b719a-4d0f-4d6b-99db-db1aa218347b,dd102ab7-56d3-4d73-ae35-646383c140e3,212,1785907275996655709,1785907276271903709,275,true,0.462855,0.629995
f27b719a-4d0f-4d6b-99db-db1aa218347b,dd102ab7-56d3-4d73-ae35-646383c140e3,213,1785907276307028709,1785907276777399709,470,true,0.557847,0.551016
f27b719a-4d0f-4d6b-99db-db1aa218347b,dd102ab7-56d3-4d73-ae35-646383c140e3,214,1785907276817400709,1785907276922523709,105,true,0.707645,0.532053
f27b719a-4d0f-4d6b-99db-db1aa218347b,dd102ab7-56d3-4d73-ae35-646383c140e3,215,1785907277157771709,1785907277373019709,215,true,0.565526,0.362191
f27b719a-4d0f-4d6b-99db-db1aa218347b,dd102ab7-56d3-4d73-ae35-646383c140e3,216,1785907277408023709,1785907277433019709,24,true,0.579515,0.222415
f27b719a-4d0f-4d6b-99db-db1aa218347b,dd102ab7-56d3-4d73-ae35-646383c140e3,218,1785907277888390709,1785907278143644709,255,true,0.589497,0.295189
f27b719a-4d0f-4d6b-99db-db1aa218347b,dd102ab7-56d3-4d73-ae35-646383c140e3,219,1785907278168640709,1785907278674134709,505,true,0.633631,0.334473
f27b719a-4d0f-4d6b-99db-db1aa218347b,dd102ab7-56d3-4d73-ae35-646383c140e3,220,1785907278969389709,1785907279044506709,75,true,0.572507,0.489263
f27b719a-4d0f-4d6b-99db-db1aa218347b,dd102ab7-56d3-4d73-ae35-646383c140e3,221,1785907279064506709,1785907279204636709,140,true,0.526053,0.505738
f27b719a-4d0f-4d6b-99db-db1aa218347b,dd102ab7-56d3-4d73-ae35-646383c140e3,222,1785907279434878709,1785907279605001709,170,true,0.555562,0.50214
f27b719a-4d0f-4d6b-99db-db1aa218347b,dd102ab7-56d3-4d73-ae35-646383c140e3,223,1785907279765125709,1785907280095497709,330,true,0.657101,0.260857
f27b719a-4d0f-4d6b-99db-db1aa218347b,dd102ab7-56d3-4d73-ae35-646383c140e3,224,1785907280155501709,1785907280270621709,115,true,0.736268,0.253981
f27b719a-4d0f-4d6b-99db-db1aa218347b,dd102ab7-56d3-4d73-ae35-646383c140e3,225,1785907280320746709,1785907280560869709,240,true,0.447714,0.200701
f27b719a-4d0f-4d6b-99db-db1aa218347b,dd102ab7-56d3-4d73-ae35-646383c140e3,226,1785907280600993709,1785907280871241709,270,true,0.602633,0.385003
f27b719a-4d0f-4d6b-99db-db1aa218347b,dd102ab7-56d3-4d73-ae35-646383c140e3,227,1785907281171489709,1785907281777109709,605,true,0.534706,0.409263
f27b719a-4d0f-4d6b-99db-db1aa218347b,dd102ab7-56d3-4d73-ae35-646383c140e3,228,1785907281802109709,1785907282272489709,470,true,0.551882,0.490727
f27b719a-4d0f-4d6b-99db-db1aa218347b,dd102ab7-56d3-4d73-ae35-646383c140e3,229,1785907282317605709,1785907282978225709,660,true,0.532268,0.110363
f27b719a-4d0f-4d6b-99db-db1aa218347b,dd102ab7-56d3-4d73-ae35-646383c140e3,230,1785907283028224709,1785907283178348709,150,true,0.556866,0.46893
f27b719a-4d0f-4d6b-99db-db1aa218347b,dd102ab7-56d3-4d73-ae35-646383c140e3,231,1785907283218348709,1785907283543720709,325,true,0.689394,0.592118
f27b719a-4d0f-4d6b-99db-db1aa218347b,dd102ab7-56d3-4d73-ae35-646383c140e3,232,1785907283688844709,1785907283919785709,230,true,0.576628,0.536848
f27b719a-4d0f-4d6b-99db-db1aa218347b,dd102ab7-56d3-4d73-ae35-646383c140e3,233,1785907283959785709,1785907284094909709,135,true,0.523923,0.736088
f27b719a-4d0f-4d6b-99db-db1aa218347b,dd102ab7-56d3-4d73-ae35-646383c140e3,235,1785907284560292709,1785907284920659709,360,true,0.528472,0.070075
f27b719a-4d0f-4d6b-99db-db1aa218347b,dd102ab7-56d3-4d73-ae35-646383c140e3,236,1785907284965659709,1785907285120914709,155,true,0.555527,0.38357
f27b719a-4d0f-4d6b-99db-db1aa218347b,dd102ab7-56d3-4d73-ae35-646383c140e3,237,1785907285326034709,1785907285591297709,265,true,0.667815,0.538253
f27b719a-4d0f-4d6b-99db-db1aa218347b,dd102ab7-56d3-4d73-ae35-646383c140e3,238,1785907285641409709,1785907285831534709,190,true,0.523954,0.164736
f27b719a-4d0f-4d6b-99db-db1aa218347b,dd102ab7-56d3-4d73-ae35-646383c140e3,239,1785907286021659709,1785907286186919709,165,true,0.545391,0.065704
f27b719a-4d0f-4d6b-99db-db1aa218347b,dd102ab7-56d3-4d73-ae35-646383c140e3,240,1785907286231909709,1785907286492159709,260,true,0.541072,0.281922
f27b719a-4d0f-4d6b-99db-db1aa218347b,dd102ab7-56d3-4d73-ae35-646383c140e3,241,1785907286537159709,1785907286782409709,245,true,0.531879,0.01007
f27b719a-4d0f-4d6b-99db-db1aa218347b,dd102ab7-56d3-4d73-ae35-646383c140e3,242,1785907286827413709,1785907287132784709,305,true,0.542473,0.397822
f27b719a-4d0f-4d6b-99db-db1aa218347b,dd102ab7-56d3-4d73-ae35-646383c140e3,243,1785907287162784709,1785907287813408709,650,true,0.543875,0.560426
f27b719a-4d0f-4d6b-99db-db1aa218347b,dd102ab7-56d3-4d73-ae35-646383c140e3,244,1785907287853408709,1785907288083658709,230,true,0.679942,0.569135
f27b719a-4d0f-4d6b-99db-db1aa218347b,dd102ab7-56d3-4d73-ae35-646383c140e3,245,1785907288128658709,1785907288438908709,310,true,0.544021,0.763052
f27b719a-4d0f-4d6b-99db-db1aa218347b,dd102ab7-56d3-4d73-ae35-646383c140e3,246,1785907288499034709,1785907288689158709,190,true,0.603199,0.497497
f27b719a-4d0f-4d6b-99db-db1aa218347b,dd102ab7-56d3-4d73-ae35-646383c140e3,247,1785907288854408709,1785907289319783709,465,true,0.557279,0.675665
f27b719a-4d0f-4d6b-99db-db1aa218347b,dd102ab7-56d3-4d73-ae35-646383c140e3,248,1785907289339783709,1785907289670158709,330,true,0.588049,0.637448
f27b719a-4d0f-4d6b-99db-db1aa218347b,dd102ab7-56d3-4d73-ae35-646383c140e3,249,1785907289700166709,1785907289855283709,155,true,0.651135,0.521009
f27b719a-4d0f-4d6b-99db-db1aa218347b,dd102ab7-56d3-4d73-ae35-646383c140e3,250,1785907289900287709,1785907290115541709,215,true,0.542917,0.757595
f27b719a-4d0f-4d6b-99db-db1aa218347b,dd102ab7-56d3-4d73-ae35-646383c140e3,251,1785907290150532709,1785907290295661709,145,true,0.576433,0.479017
f27b719a-4d0f-4d6b-99db-db1aa218347b,dd102ab7-56d3-4d73-ae35-646383c140e3,252,1785907290330783709,1785907290550907709,220,true,0.597796,0.60346
f27b719a-4d0f-4d6b-99db-db1aa218347b,dd102ab7-56d3-4d73-ae35-646383c140e3,253,1785907290586032709,1785907291201532709,615,true,0.626963,0.419867
f27b719a-4d0f-4d6b-99db-db1aa218347b,dd102ab7-56d3-4d73-ae35-646383c140e3,254,1785907291401782709,1785907291541907709,140,true,0.638238,0.476345
f27b719a-4d0f-4d6b-99db-db1aa218347b,dd102ab7-56d3-4d73-ae35-646383c140e3,255,1785907291591907709,1785907291857157709,265,true,0.560488,0.615696
f27b719a-4d0f-4d6b-99db-db1aa218347b,dd102ab7-56d3-4d73-ae35-646383c140e3,256,1785907291902157709,1785907292347657709,445,true,0.626829,0.30776
f27b719a-4d0f-4d6b-99db-db1aa218347b,dd102ab7-56d3-4d73-ae35-646383c140e3,257,1785907292382657709,1785907292472782709,90,true,0.601266,0.435278
f27b719a-4d0f-4d6b-99db-db1aa218347b,dd102ab7-56d3-4d73-ae35-646383c140e3,258,1785907292662907709,1785907292848156709,185,true,0.476579,0.34104
f27b719a-4d0f-4d6b-99db-db1aa218347b,dd102ab7-56d3-4d73-ae35-646383c140e3,259,1785907293118406709,1785907293253531709,135,true,0.483859,0.427404
f27b719a-4d0f-4d6b-99db-db1aa218347b,dd102ab7-56d3-4d73-ae35-646383c140e3,260,1785907293288531709,1785907293543781709,255,true,0.539405,0.557086
f27b719a-4d0f-4d6b-99db-db1aa218347b,dd102ab7-56d3-4d73-ae35-646383c140e3,261,1785907293683909709,1785907293814038709,130,true,0.528142,0.631581
f27b719a-4d0f-4d6b-99db-db1aa218347b,dd102ab7-56d3-4d73-ae35-646383c140e3,262,1785907293854039709,1785907294319531709,465,true,0.531114,0.477986
f27b719a-4d0f-4d6b-99db-db1aa218347b,dd102ab7-56d3-4d73-ae35-646383c140e3,263,1785907294354531709,1785907294564656709,210,true,0.471484,0.302518
f27b719a-4d0f-4d6b-99db-db1aa218347b,dd102ab7-56d3-4d73-ae35-646383c140e3,264,1785907294684781709,1785907294980039709,295,true,0.495041,0.292188
f27b719a-4d0f-4d6b-99db-db1aa218347b,dd102ab7-56d3-4d73-ae35-646383c140e3,265,1785907295015156709,1785907295675780709,660,true,0.527303,0.08774
f27b719a-4d0f-4d6b-99db-db1aa218347b,dd102ab7-56d3-4d73-ae35-646383c140e3,266,1785907295730780709,1785907296011045709,280,true,0.573343,0.473304
f27b719a-4d0f-4d6b-99db-db1aa218347b,dd102ab7-56d3-4d73-ae35-646383c140e3,267,1785907296041030709,1785907296116155709,75,true,0.535852,0.558807
f27b719a-4d0f-4d6b-99db-db1aa218347b,dd102ab7-56d3-4d73-ae35-646383c140e3,268,1785907296256280709,1785907296491530709,235,true,0.434143,0.550754
f27b719a-4d0f-4d6b-99db-db1aa218347b,dd102ab7-56d3-4d73-ae35-646383c140e3,269,1785907296526530709,1785907296736780709,210,true,0.527481,0.720737
f27b719a-4d0f-4d6b-99db-db1aa218347b,dd102ab7-56d3-4d73-ae35-646383c140e3,270,1785907296771780709,1785907297312280709,540,true,0.54005,0.537344
f27b719a-4d0f-4d6b-99db-db1aa218347b,dd102ab7-56d3-4d73-ae35-646383c140e3,271,1785907297352280709,1785907297537530709,185,true,0.529965,0.692377
f27b719a-4d0f-4d6b-99db-db1aa218347b,dd102ab7-56d3-4d73-ae35-646383c140e3,272,1785907297562530709,1785907297642530709,80,true,0.522349,0.736019
f27b719a-4d0f-4d6b-99db-db1aa218347b,dd102ab7-56d3-4d73-ae35-646383c140e3,273,1785907297822780709,1785907298052910709,230,true,0.438511,0.640642
f27b719a-4d0f-4d6b-99db-db1aa218347b,dd102ab7-56d3-4d73-ae35-646383c140e3,274,1785907298098030709,1785907298443289709,345,true,0.514053,0.443028
f27b719a-4d0f-4d6b-99db-db1aa218347b,dd102ab7-56d3-4d73-ae35-646383c140e3,275,1785907298468404709,1785907298588534709,120,true,0.550772,0.387941
f27b719a-4d0f-4d6b-99db-db1aa218347b,dd102ab7-56d3-4d73-ae35-646383c140e3,276,1785907298733667709,1785907298933779709,200,true,0.611442,0.564753
f27b719a-4d0f-4d6b-99db-db1aa218347b,dd102ab7-56d3-4d73-ae35-646383c140e3,277,1785907298978779709,1785907299519288709,540,true,0.425545,0.56862
f27b719a-4d0f-4d6b-99db-db1aa218347b,dd102ab7-56d3-4d73-ae35-646383c140e3,278,1785907299554404709,1785907299679529709,125,true,0.517316,0.567063
f27b719a-4d0f-4d6b-99db-db1aa218347b,dd102ab7-56d3-4d73-ae35-646383c140e3,279,1785907299854654709,1785907300104915709,250,true,0.566168,0.58762
f27b719a-4d0f-4d6b-99db-db1aa218347b,dd102ab7-56d3-4d73-ae35-646383c140e3,280,1785907300139904709,1785907300595403709,455,true,0.675548,0.56304
f27b719a-4d0f-4d6b-99db-db1aa218347b,dd102ab7-56d3-4d73-ae35-646383c140e3,281,1785907300650404709,1785907301170903709,520,true,0.405019,0.555873
f27b719a-4d0f-4d6b-99db-db1aa218347b,dd102ab7-56d3-4d73-ae35-646383c140e3,282,1785907301205903709,1785907301436153709,230,true,0.553076,0.5709
f27b719a-4d0f-4d6b-99db-db1aa218347b,dd102ab7-56d3-4d73-ae35-646383c140e3,283,1785907301471153709,1785907301741403709,270,true,0.667919,0.577508
f27b719a-4d0f-4d6b-99db-db1aa218347b,dd102ab7-56d3-4d73-ae35-646383c140e3,284,1785907301881528709,1785907302071778709,190,true,0.439247,0.552914
f27b719a-4d0f-4d6b-99db-db1aa218347b,dd102ab7-56d3-4d73-ae35-646383c140e3,285,1785907302106778709,1785907302206903709,100,true,0.523132,0.484387
f27b719a-4d0f-4d6b-99db-db1aa218347b,dd102ab7-56d3-4d73-ae35-646383c140e3,287,1785907303002653709,1785907303042667709,40,true,0.584548,0.490023
f27b719a-4d0f-4d6b-99db-db1aa218347b,dd102ab7-56d3-4d73-ae35-646383c140e3,289,1785907303528152709,1785907303648152709,120,true,0.546628,0.401265
f27b719a-4d0f-4d6b-99db-db1aa218347b,dd102ab7-56d3-4d73-ae35-646383c140e3,290,1785907303973539709,1785907304038527709,64,true,0.720348,0.464761
f27b719a-4d0f-4d6b-99db-db1aa218347b,dd102ab7-56d3-4d73-ae35-646383c140e3,291,1785907304088652709,1785907304353902709,265,true,0.484928,0.338567
f27b719a-4d0f-4d6b-99db-db1aa218347b,dd102ab7-56d3-4d73-ae35-646383c140e3,292,1785907304398902709,1785907304594152709,195,true,0.700337,0.474999
f27b719a-4d0f-4d6b-99db-db1aa218347b,dd102ab7-56d3-4d73-ae35-646383c140e3,293,1785907304679152709,1785907304869402709,190,true,0.430295,0.467264
f27b719a-4d0f-4d6b-99db-db1aa218347b,dd102ab7-56d3-4d73-ae35-646383c140e3,294,1785907304919410709,1785907305044527709,125,true,0.676166,0.517876
f27b719a-4d0f-4d6b-99db-db1aa218347b,dd102ab7-56d3-4d73-ae35-646383c140e3,295,1785907305374777709,1785907306015401709,640,true,0.614295,0.381311
f27b719a-4d0f-4d6b-99db-db1aa218347b,dd102ab7-56d3-4d73-ae35-646383c140e3,296,1785907306150526709,1785907306866163709,715,true,0.615541,0.257445
f27b719a-4d0f-4d6b-99db-db1aa218347b,dd102ab7-56d3-4d73-ae35-646383c140e3,297,1785907306901276709,1785907307096401709,195,true,0.712821,0.283414
f27b719a-4d0f-4d6b-99db-db1aa218347b,dd102ab7-56d3-4d73-ae35-646383c140e3,299,1785907307626902709,1785907307651901709,24,true,0.531668,0.661205
f27b719a-4d0f-4d6b-99db-db1aa218347b,dd102ab7-56d3-4d73-ae35-646383c140e3,300,1785907307932162709,1785907308262525709,330,true,0.501536,0.635533
f27b719a-4d0f-4d6b-99db-db1aa218347b,dd102ab7-56d3-4d73-ae35-646383c140e3,301,1785907308297525709,1785907308492775709,195,true,0.640712,0.578974
f27b719a-4d0f-4d6b-99db-db1aa218347b,dd102ab7-56d3-4d73-ae35-646383c140e3,302,1785907308527775709,1785907308677900709,150,true,0.541175,0.58129
f27b719a-4d0f-4d6b-99db-db1aa218347b,dd102ab7-56d3-4d73-ae35-646383c140e3,303,1785907309238400709,1785907309408650709,170,true,0.482057,0.457194
f27b719a-4d0f-4d6b-99db-db1aa218347b,dd102ab7-56d3-4d73-ae35-646383c140e3,304,1785907309433650709,1785907309743900709,310,true,0.540792,0.481704
f27b719a-4d0f-4d6b-99db-db1aa218347b,dd102ab7-56d3-4d73-ae35-646383c140e3,305,1785907309788912709,1785907309979149709,190,true,0.312508,0.415503
f27b719a-4d0f-4d6b-99db-db1aa218347b,dd102ab7-56d3-4d73-ae35-646383c140e3,306,1785907310034150709,1785907310234400709,200,true,0.554625,0.572219
f27b719a-4d0f-4d6b-99db-db1aa218347b,dd102ab7-56d3-4d73-ae35-646383c140e3,307,1785907310279399709,1785907310309404709,30,true,0.522459,0.128404
f27b719a-4d0f-4d6b-99db-db1aa218347b,dd102ab7-56d3-4d73-ae35-646383c140e3,308,1785907310589649709,1785907310639774709,50,true,0.482443,0.043551
f27b719a-4d0f-4d6b-99db-db1aa218347b,dd102ab7-56d3-4d73-ae35-646383c140e3,309,1785907310794899709,1785907311075159709,280,true,0.519705,0.572668
f27b719a-4d0f-4d6b-99db-db1aa218347b,dd102ab7-56d3-4d73-ae35-646383c140e3,310,1785907311115149709,1785907311260399709,145,true,0.368114,0.530376
f27b719a-4d0f-4d6b-99db-db1aa218347b,dd102ab7-56d3-4d73-ae35-646383c140e3,311,1785907311410524709,1785907311725780709,315,true,0.404997,0.573643
f27b719a-4d0f-4d6b-99db-db1aa218347b,dd102ab7-56d3-4d73-ae35-646383c140e3,312,1785907311890905709,1785907311976024709,85,true,0.491053,0.39497
f27b719a-4d0f-4d6b-99db-db1aa218347b,dd102ab7-56d3-4d73-ae35-646383c140e3,313,1785907312011024709,1785907312486528709,475,true,0.384635,0.530501
f27b719a-4d0f-4d6b-99db-db1aa218347b,dd102ab7-56d3-4d73-ae35-646383c140e3,314,1785907312521535709,1785907312721648709,200,true,0.484815,0.59725
f27b719a-4d0f-4d6b-99db-db1aa218347b,dd102ab7-56d3-4d73-ae35-646383c140e3,315,1785907312761773709,1785907313147148709,385,true,0.505747,0.408502
f27b719a-4d0f-4d6b-99db-db1aa218347b,dd102ab7-56d3-4d73-ae35-646383c140e3,316,1785907313187160709,1785907313282273709,95,true,0.381287,0.522892
f27b719a-4d0f-4d6b-99db-db1aa218347b,dd102ab7-56d3-4d73-ae35-646383c140e3,317,1785907313442398709,1785907313607528709,165,true,0.400628,0.576327
f27b719a-4d0f-4d6b-99db-db1aa218347b,dd102ab7-56d3-4d73-ae35-646383c140e3,318,1785907313697648709,1785907314017898709,320,false,0.267686,1.687522
f27b719a-4d0f-4d6b-99db-db1aa218347b,dd102ab7-56d3-4d73-ae35-646383c140e3,319,1785907314113023709,1785907314378273709,265,true,0.44833,0.40941
f27b719a-4d0f-4d6b-99db-db1aa218347b,dd102ab7-56d3-4d73-ae35-646383c140e3,320,1785907314418272709,1785907314618523709,200,true,0.38769,0.570047
f27b719a-4d0f-4d6b-99db-db1aa218347b,dd102ab7-56d3-4d73-ae35-646383c140e3,321,1785907314673522709,1785907314993784709,320,true,0.498395,0.145715
f27b719a-4d0f-4d6b-99db-db1aa218347b,dd102ab7-56d3-4d73-ae35-646383c140e3,322,1785907315028910709,1785907315574397709,545,true,0.533233,0.397086
f27b719a-4d0f-4d6b-99db-db1aa218347b,dd102ab7-56d3-4d73-ae35-646383c140e3,323,1785907315699522709,1785907316034772709,335,true,0.551825,0.61837
f27b719a-4d0f-4d6b-99db-db1aa218347b,dd102ab7-56d3-4d73-ae35-646383c140e3,324,1785907316059772709,1785907316225022709,165,true,0.502578,0.445228
f27b719a-4d0f-4d6b-99db-db1aa218347b,dd102ab7-56d3-4d73-ae35-646383c140e3,325,1785907316445147709,1785907316725396709,280,true,0.527957,0.703901
f27b719a-4d0f-4d6b-99db-db1aa218347b,dd102ab7-56d3-4d73-ae35-646383c140e3,326,1785907316760521709,1785907316945647709,185,true,0.704133,0.609145
f27b719a-4d0f-4d6b-99db-db1aa218347b,dd102ab7-56d3-4d73-ae35-646383c140e3,327,1785907317070771709,1785907317636271709,565,true,0.521705,0.400652
f27b719a-4d0f-4d6b-99db-db1aa218347b,dd102ab7-56d3-4d73-ae35-646383c140e3,328,1785907317691396709,1785907317881521709,190,true,0.683124,0.585548
f27b719a-4d0f-4d6b-99db-db1aa218347b,dd102ab7-56d3-4d73-ae35-646383c140e3,329,1785907317926521709,1785907318111775709,185,true,0.532474,0.379979
f27b719a-4d0f-4d6b-99db-db1aa218347b,dd102ab7-56d3-4d73-ae35-646383c140e3,330,1785907318156771709,1785907318562155709,405,true,0.532982,0.770172
f27b719a-4d0f-4d6b-99db-db1aa218347b,dd102ab7-56d3-4d73-ae35-646383c140e3,331,1785907318607276709,1785907318997657709,390,true,0.528748,0.410057
f27b719a-4d0f-4d6b-99db-db1aa218347b,dd102ab7-56d3-4d73-ae35-646383c140e3,332,1785907319027645709,1785907319317903709,290,true,0.547993,0.513094
f27b719a-4d0f-4d6b-99db-db1aa218347b,dd102ab7-56d3-4d73-ae35-646383c140e3,333,1785907319347899709,1785907319548145709,200,true,0.527027,0.419953
f27b719a-4d0f-4d6b-99db-db1aa218347b,dd102ab7-56d3-4d73-ae35-646383c140e3,334,1785907319588145709,1785907320268770709,680,true,0.530722,0.769622
f27b719a-4d0f-4d6b-99db-db1aa218347b,dd102ab7-56d3-4d73-ae35-646383c140e3,335,1785907320448895709,1785907320604032709,155,true,0.535341,0.657818
f27b719a-4d0f-4d6b-99db-db1aa218347b,dd102ab7-56d3-4d73-ae35-646383c140e3,336,1785907320639145709,1785907320829282709,190,true,0.539647,0.421088
f27b719a-4d0f-4d6b-99db-db1aa218347b,dd102ab7-56d3-4d73-ae35-646383c140e3,337,1785907320869402709,1785907321279769709,410,true,0.538293,0.685157
f27b719a-4d0f-4d6b-99db-db1aa218347b,dd102ab7-56d3-4d73-ae35-646383c140e3,338,1785907321329769709,1785907322510894709,1181,true,0.541173,0.405525
f27b719a-4d0f-4d6b-99db-db1aa218347b,dd102ab7-56d3-4d73-ae35-646383c140e3,339,1785907322545894709,1785907322711021709,165,true,0.548279,0.660665
f27b719a-4d0f-4d6b-99db-db1aa218347b,dd102ab7-56d3-4d73-ae35-646383c140e3,340,1785907322751144709,1785907322871269709,120,true,0.545565,0.404159
f27b719a-4d0f-4d6b-99db-db1aa218347b,dd102ab7-56d3-4d73-ae35-646383c140e3,341,1785907322906277709,1785907323106394709,200,true,0.588459,0.609175
f27b719a-4d0f-4d6b-99db-db1aa218347b,dd102ab7-56d3-4d73-ae35-646383c140e3,342,1785907323141518709,1785907323687018709,545,true,0.624545,0.476045
f27b719a-4d0f-4d6b-99db-db1aa218347b,dd102ab7-56d3-4d73-ae35-646383c140e3,343,1785907323822143709,1785907323967268709,145,true,0.635453,0.435368
f27b719a-4d0f-4d6b-99db-db1aa218347b,dd102ab7-56d3-4d73-ae35-646383c140e3,344,1785907323997268709,1785907324232518709,235,true,0.657267,0.30582
f27b719a-4d0f-4d6b-99db-db1aa218347b,dd102ab7-56d3-4d73-ae35-646383c140e3,345,1785907324372643709,1785907324692892709,320,true,0.466932,0.298554
f27b719a-4d0f-4d6b-99db-db1aa218347b,dd102ab7-56d3-4d73-ae35-646383c140e3,346,1785907324738018709,1785907324993143709,255,true,0.551344,0.536665
f27b719a-4d0f-4d6b-99db-db1aa218347b,dd102ab7-56d3-4d73-ae35-646383c140e3,347,1785907325013267709,1785907325198392709,185,true,0.589827,0.533318
f27b719a-4d0f-4d6b-99db-db1aa218347b,dd102ab7-56d3-4d73-ae35-646383c140e3,348,1785907325228393709,1785907325498642709,270,true,0.646122,0.412621
f27b719a-4d0f-4d6b-99db-db1aa218347b,dd102ab7-56d3-4d73-ae35-646383c140e3,349,1785907325528652709,1785907325628767709,100,true,0.684115,0.287359
f27b719a-4d0f-4d6b-99db-db1aa218347b,dd102ab7-56d3-4d73-ae35-646383c140e3,351,1785907325954142709,1785907326409517709,455,true,0.483506,0.317556
f27b719a-4d0f-4d6b-99db-db1aa218347b,dd102ab7-56d3-4d73-ae35-646383c140e3,352,1785907326579646709,1785907326885016709,305,true,0.572567,0.318704
f27b719a-4d0f-4d6b-99db-db1aa218347b,dd102ab7-56d3-4d73-ae35-646383c140e3,353,1785907326910017709,1785907327245266709,335,true,0.629002,0.341481
f27b719a-4d0f-4d6b-99db-db1aa218347b,dd102ab7-56d3-4d73-ae35-646383c140e3,354,1785907327275391709,1785907327480516709,205,true,0.544997,0.376666
f27b719a-4d0f-4d6b-99db-db1aa218347b,dd102ab7-56d3-4d73-ae35-646383c140e3,355,1785907327535641709,1785907327650641709,115,true,0.540108,0.197046
f27b719a-4d0f-4d6b-99db-db1aa218347b,dd102ab7-56d3-4d73-ae35-646383c140e3,356,1785907327685766709,1785907328196142709,510,true,0.516355,0.044687
f27b719a-4d0f-4d6b-99db-db1aa218347b,dd102ab7-56d3-4d73-ae35-646383c140e3,357,1785907328241266709,1785907328451397709,210,true,0.5746,0.392527
f27b719a-4d0f-4d6b-99db-db1aa218347b,dd102ab7-56d3-4d73-ae35-646383c140e3,358,1785907328731640709,1785907328881896709,150,true,0.519285,0.611287
f27b719a-4d0f-4d6b-99db-db1aa218347b,dd102ab7-56d3-4d73-ae35-646383c140e3,359,1785907328921895709,1785907329182140709,260,true,0.694133,0.487655
f27b719a-4d0f-4d6b-99db-db1aa218347b,dd102ab7-56d3-4d73-ae35-646383c140e3,360,1785907329222140709,1785907329432390709,210,true,0.566751,0.493018
f27b719a-4d0f-4d6b-99db-db1aa218347b,dd102ab7-56d3-4d73-ae35-646383c140e3,361,1785907329467390709,1785907329722640709,255,true,0.712096,0.536978
f27b719a-4d0f-4d6b-99db-db1aa218347b,dd102ab7-56d3-4d73-ae35-646383c140e3,362,1785907329762640709,1785907329937890709,175,true,0.569093,0.487964
f27b719a-4d0f-4d6b-99db-db1aa218347b,dd102ab7-56d3-4d73-ae35-646383c140e3,363,1785907329972890709,1785907330213140709,240,true,0.446416,0.573918
f27b719a-4d0f-4d6b-99db-db1aa218347b,dd102ab7-56d3-4d73-ae35-646383c140e3,364,1785907330248149709,1785907330648515709,400,true,0.586738,0.481084
f27b719a-4d0f-4d6b-99db-db1aa218347b,dd102ab7-56d3-4d73-ae35-646383c140e3,365,1785907330688522709,1785907330938764709,250,true,0.729448,0.530491
f27b719a-4d0f-4d6b-99db-db1aa218347b,dd102ab7-56d3-4d73-ae35-646383c140e3,366,1785907330978779709,1785907331234014709,255,true,0.56919,0.723288
f27b719a-4d0f-4d6b-99db-db1aa218347b,dd102ab7-56d3-4d73-ae35-646383c140e3,367,1785907331279139709,1785907331619389709,340,true,0.712912,0.552536
f27b719a-4d0f-4d6b-99db-db1aa218347b,dd102ab7-56d3-4d73-ae35-646383c140e3,368,1785907331654389709,1785907331819639709,165,true,0.564814,0.529987
f27b719a-4d0f-4d6b-99db-db1aa218347b,dd102ab7-56d3-4d73-ae35-646383c140e3,369,1785907331859639709,1785907332855513709,995,true,0.434032,0.613409
f27b719a-4d0f-4d6b-99db-db1aa218347b,dd102ab7-56d3-4d73-ae35-646383c140e3,370,1785907332935638709,1785907333195888709,260,true,0.404939,0.664413
f27b719a-4d0f-4d6b-99db-db1aa218347b,dd102ab7-56d3-4d73-ae35-646383c140e3,371,1785907333235898709,1785907333551263709,315,true,0.556335,0.426832
f27b719a-4d0f-4d6b-99db-db1aa218347b,dd102ab7-56d3-4d73-ae35-646383c140e3,372,1785907333591263709,1785907333851513709,260,true,0.429715,0.556434
f27b719a-4d0f-4d6b-99db-db1aa218347b,dd102ab7-56d3-4d73-ae35-646383c140e3,373,1785907333886522709,1785907334286887709,400,true,0.541335,0.53237
f27b719a-4d0f-4d6b-99db-db1aa218347b,dd102ab7-56d3-4d73-ae35-646383c140e3,374,1785907334321887709,1785907334707262709,385,true,0.427601,0.573732
f27b719a-4d0f-4d6b-99db-db1aa218347b,dd102ab7-56d3-4d73-ae35-646383c140e3,375,1785907334752387709,1785907334882512709,130,true,0.50009,0.268293
f27b719a-4d0f-4d6b-99db-db1aa218347b,dd102ab7-56d3-4d73-ae35-646383c140e3,376,1785907334927512709,1785907335342887709,415,true,0.537182,0.506768
f27b719a-4d0f-4d6b-99db-db1aa218347b,dd102ab7-56d3-4d73-ae35-646383c140e3,377,1785907335372887709,1785907335638137709,265,true,0.601282,0.575391
f27b719a-4d0f-4d6b-99db-db1aa218347b,dd102ab7-56d3-4d73-ae35-646383c140e3,378,1785907336243761709,1785907336263761709,20,true,0.524338,0.692777
f27b719a-4d0f-4d6b-99db-db1aa218347b,dd102ab7-56d3-4d73-ae35-646383c140e3,379,1785907336303769709,1785907336524011709,220,true,0.618791,0.511723
f27b719a-4d0f-4d6b-99db-db1aa218347b,dd102ab7-56d3-4d73-ae35-646383c140e3,380,1785907336959386709,1785907337039517709,80,true,0.496707,0.347251
f27b719a-4d0f-4d6b-99db-db1aa218347b,dd102ab7-56d3-4d73-ae35-646383c140e3,381,1785907337454886709,1785907337690136709,235,true,0.475957,0.606316
f27b719a-4d0f-4d6b-99db-db1aa218347b,dd102ab7-56d3-4d73-ae35-646383c140e3,386,1785907339271510709,1785907339737009709,465,true,0.59761,0.143594
f27b719a-4d0f-4d6b-99db-db1aa218347b,dd102ab7-56d3-4d73-ae35-646383c140e3,387,1785907340052259709,1785907340282509709,230,true,0.430199,0.433613
f27b719a-4d0f-4d6b-99db-db1aa218347b,dd102ab7-56d3-4d73-ae35-646383c140e3,388,1785907340342634709,1785907340437634709,95,true,0.538066,0.263548
f27b719a-4d0f-4d6b-99db-db1aa218347b,dd102ab7-56d3-4d73-ae35-646383c140e3,389,1785907340637884709,1785907340667884709,30,true,0.41421,0.324764
f27b719a-4d0f-4d6b-99db-db1aa218347b,dd102ab7-56d3-4d73-ae35-646383c140e3,390,1785907340948134709,1785907341178384709,230,true,0.602882,0.328576
f27b719a-4d0f-4d6b-99db-db1aa218347b,dd102ab7-56d3-4d73-ae35-646383c140e3,391,1785907341238386709,1785907341443633709,205,true,0.481346,0.140092
f27b719a-4d0f-4d6b-99db-db1aa218347b,dd102ab7-56d3-4d73-ae35-646383c140e3,392,1785907341473638709,1785907341954133709,480,true,0.498556,0.046628
f27b719a-4d0f-4d6b-99db-db1aa218347b,dd102ab7-56d3-4d73-ae35-646383c140e3,393,1785907342004134709,1785907342294394709,290,true,0.501496,0.351594
f27b719a-4d0f-4d6b-99db-db1aa218347b,dd102ab7-56d3-4d73-ae35-646383c140e3,394,1785907342334389709,1785907342724758709,390,true,0.645867,0.508414
f27b719a-4d0f-4d6b-99db-db1aa218347b,dd102ab7-56d3-4d73-ae35-646383c140e3,395,1785907342769883709,1785907343105132709,335,true,0.375463,0.521893
f27b719a-4d0f-4d6b-99db-db1aa218347b,dd102ab7-56d3-4d73-ae35-646383c140e3,396,1785907343310383709,1785907343435507709,125,true,0.447184,0.67178
f27b719a-4d0f-4d6b-99db-db1aa218347b,dd102ab7-56d3-4d73-ae35-646383c140e3,397,1785907343555642709,1785907343750762709,195,true,0.476036,0.73311
f27b719a-4d0f-4d6b-99db-db1aa218347b,dd102ab7-56d3-4d73-ae35-646383c140e3,398,1785907343795757709,1785907344141132709,345,true,0.519255,0.426167
f27b719a-4d0f-4d6b-99db-db1aa218347b,dd102ab7-56d3-4d73-ae35-646383c140e3,399,1785907344181132709,1785907344726642709,545,true,0.364054,0.588958
f27b719a-4d0f-4d6b-99db-db1aa218347b,dd102ab7-56d3-4d73-ae35-646383c140e3,400,1785907344766757709,1785907344941881709,175,true,0.476924,0.748595
f27b719a-4d0f-4d6b-99db-db1aa218347b,dd102ab7-56d3-4d73-ae35-646383c140e3,401,1785907344981881709,1785907345247131709,265,true,0.354802,0.576896
f27b719a-4d0f-4d6b-99db-db1aa218347b,dd102ab7-56d3-4d73-ae35-646383c140e3,402,1785907345282256709,1785907345597506709,315,true,0.501698,0.586677
f27b719a-4d0f-4d6b-99db-db1aa218347b,dd102ab7-56d3-4d73-ae35-646383c140e3,403,1785907345632506709,1785907346388255709,755,true,0.637007,0.611915
f27b719a-4d0f-4d6b-99db-db1aa218347b,dd102ab7-56d3-4d73-ae35-646383c140e3,404,1785907346428255709,1785907346858630709,430,true,0.491056,0.74043
f27b719a-4d0f-4d6b-99db-db1aa218347b,dd102ab7-56d3-4d73-ae35-646383c140e3,405,1785907346898755709,1785907347113880709,215,true,0.372385,0.597022
f27b719a-4d0f-4d6b-99db-db1aa218347b,dd102ab7-56d3-4d73-ae35-646383c140e3,406,1785907347159005709,1785907347299134709,140,true,0.630107,0.628073
f27b719a-4d0f-4d6b-99db-db1aa218347b,dd102ab7-56d3-4d73-ae35-646383c140e3,407,1785907347439255709,1785907347834630709,395,true,0.533927,0.59391
f27b719a-4d0f-4d6b-99db-db1aa218347b,dd102ab7-56d3-4d73-ae35-646383c140e3,408,1785907347889630709,1785907348174879709,285,true,0.528461,0.163887
f27b719a-4d0f-4d6b-99db-db1aa218347b,dd102ab7-56d3-4d73-ae35-646383c140e3,409,1785907348225004709,1785907348500254709,275,true,0.575483,0.56967
f27b719a-4d0f-4d6b-99db-db1aa218347b,dd102ab7-56d3-4d73-ae35-646383c140e3,410,1785907348535254709,1785907348695379709,160,true,0.503766,0.734392
f27b719a-4d0f-4d6b-99db-db1aa218347b,dd102ab7-56d3-4d73-ae35-646383c140e3,411,1785907348740379709,1785907349361007709,620,true,0.59395,0.447437
f27b719a-4d0f-4d6b-99db-db1aa218347b,dd102ab7-56d3-4d73-ae35-646383c140e3,412,1785907349516133709,1785907349636253709,120,true,0.590567,0.458507
f27b719a-4d0f-4d6b-99db-db1aa218347b,dd102ab7-56d3-4d73-ae35-646383c140e3,413,1785907349666253709,1785907350352003709,685,true,0.614004,0.314656
f27b719a-4d0f-4d6b-99db-db1aa218347b,dd102ab7-56d3-4d73-ae35-646383c140e3,414,1785907350382003709,1785907350867383709,485,true,0.674227,0.306486
f27b719a-4d0f-4d6b-99db-db1aa218347b,dd102ab7-56d3-4d73-ae35-646383c140e3,416,1785907351618127709,1785907351748263709,130,true,0.638478,0.257749
f27b719a-4d0f-4d6b-99db-db1aa218347b,dd102ab7-56d3-4d73-ae35-646383c140e3,418,1785907352028502709,1785907352118628709,90,true,0.671764,0.184271
f27b719a-4d0f-4d6b-99db-db1aa218347b,dd102ab7-56d3-4d73-ae35-646383c140e3,419,1785907352158627709,1785907352218752709,60,true,0.433243,0.113749
f27b719a-4d0f-4d6b-99db-db1aa218347b,dd102ab7-56d3-4d73-ae35-646383c140e3,420,1785907352684126709,1785907352749264709,65,true,0.48599,0.334736
f27b719a-4d0f-4d6b-99db-db1aa218347b,dd102ab7-56d3-4d73-ae35-646383c140e3,421,1785907352794251709,1785907353514886709,720,true,0.476553,0.15109
f27b719a-4d0f-4d6b-99db-db1aa218347b,dd102ab7-56d3-4d73-ae35-646383c140e3,423,1785907353950375709,1785907354105500709,155,true,0.455062,0.496153
f27b719a-4d0f-4d6b-99db-db1aa218347b,dd102ab7-56d3-4d73-ae35-646383c140e3,424,1785907354155500709,1785907354786125709,630,true,0.502233,0.09478
f27b719a-4d0f-4d6b-99db-db1aa218347b,dd102ab7-56d3-4d73-ae35-646383c140e3,425,1785907354981250709,1785907355356624709,375,true,0.503211,0.450973
f27b719a-4d0f-4d6b-99db-db1aa218347b,dd102ab7-56d3-4d73-ae35-646383c140e3,426,1785907355556759709,1785907356237499709,680,true,0.375137,0.576621
f27b719a-4d0f-4d6b-99db-db1aa218347b,dd102ab7-56d3-4d73-ae35-646383c140e3,427,1785907356272499709,1785907356597757709,325,true,0.475683,0.595407
f27b719a-4d0f-4d6b-99db-db1aa218347b,dd102ab7-56d3-4d73-ae35-646383c140e3,428,1785907356637874709,1785907356807998709,170,true,0.647115,0.574763
f27b719a-4d0f-4d6b-99db-db1aa218347b,dd102ab7-56d3-4d73-ae35-646383c140e3,429,1785907356857999709,1785907357033248709,175,true,0.54003,0.383925
f27b719a-4d0f-4d6b-99db-db1aa218347b,dd102ab7-56d3-4d73-ae35-646383c140e3,430,1785907357083248709,1785907357323498709,240,true,0.657586,0.639225
f27b719a-4d0f-4d6b-99db-db1aa218347b,dd102ab7-56d3-4d73-ae35-646383c140e3,431,1785907357378498709,1785907357643748709,265,true,0.353835,0.583905
f27b719a-4d0f-4d6b-99db-db1aa218347b,dd102ab7-56d3-4d73-ae35-646383c140e3,432,1785907357778873709,1785907358039124709,260,true,0.637968,0.594681
f27b719a-4d0f-4d6b-99db-db1aa218347b,dd102ab7-56d3-4d73-ae35-646383c140e3,433,1785907358094248709,1785907358329372709,235,true,0.513368,0.576813
f27b719a-4d0f-4d6b-99db-db1aa218347b,dd102ab7-56d3-4d73-ae35-646383c140e3,434,1785907358364502709,1785907358704747709,340,true,0.349335,0.569811
f27b719a-4d0f-4d6b-99db-db1aa218347b,dd102ab7-56d3-4d73-ae35-646383c140e3,435,1785907358884997709,1785907359035122709,150,true,0.453432,0.715439
f27b719a-4d0f-4d6b-99db-db1aa218347b,dd102ab7-56d3-4d73-ae35-646383c140e3,436,1785907359075122709,1785907359310372709,235,true,0.348865,0.563038
f27b719a-4d0f-4d6b-99db-db1aa218347b,dd102ab7-56d3-4d73-ae35-646383c140e3,437,1785907359345372709,1785907359510505709,165,true,0.483405,0.576525
f27b719a-4d0f-4d6b-99db-db1aa218347b,dd102ab7-56d3-4d73-ae35-646383c140e3,438,1785907359545497709,1785907359840871709,295,true,0.484048,0.390281
f27b719a-4d0f-4d6b-99db-db1aa218347b,dd102ab7-56d3-4d73-ae35-646383c140e3,439,1785907359885871709,1785907360136121709,250,true,0.368063,0.570204
f27b719a-4d0f-4d6b-99db-db1aa218347b,dd102ab7-56d3-4d73-ae35-646383c140e3,440,1785907360176121709,1785907360366371709,190,true,0.462034,0.684057
f27b719a-4d0f-4d6b-99db-db1aa218347b,dd102ab7-56d3-4d73-ae35-646383c140e3,441,1785907360406372709,1785907360586496709,180,true,0.464479,0.431132
f27b719a-4d0f-4d6b-99db-db1aa218347b,dd102ab7-56d3-4d73-ae35-646383c140e3,442,1785907360626621709,1785907360896871709,270,true,0.482097,0.757988
f27b719a-4d0f-4d6b-99db-db1aa218347b,dd102ab7-56d3-4d73-ae35-646383c140e3,443,1785907360936882709,1785907361187127709,250,true,0.478939,0.439943
f27b719a-4d0f-4d6b-99db-db1aa218347b,dd102ab7-56d3-4d73-ae35-646383c140e3,444,1785907361392245709,1785907361657495709,265,true,0.326857,0.582683
f27b719a-4d0f-4d6b-99db-db1aa218347b,dd102ab7-56d3-4d73-ae35-646383c140e3,445,1785907361697629709,1785907361907745709,210,true,0.466797,0.743846
f27b719a-4d0f-4d6b-99db-db1aa218347b,dd102ab7-56d3-4d73-ae35-646383c140e3,446,1785907361942745709,1785907362718494709,775,true,0.460014,0.588365
f27b719a-4d0f-4d6b-99db-db1aa218347b,dd102ab7-56d3-4d73-ae35-646383c140e3,447,1785907362748494709,1785907362938744709,190,true,0.485609,0.720377
f27b719a-4d0f-4d6b-99db-db1aa218347b,dd102ab7-56d3-4d73-ae35-646383c140e3,448,1785907363013744709,1785907363554369709,540,true,0.511958,0.193902
f27b719a-4d0f-4d6b-99db-db1aa218347b,dd102ab7-56d3-4d73-ae35-646383c140e3,449,1785907363614369709,1785907363819494709,205,true,0.46602,0.792345
f27b719a-4d0f-4d6b-99db-db1aa218347b,dd102ab7-56d3-4d73-ae35-646383c140e3,450,1785907363859618709,1785907364349993709,490,true,0.458486,0.559044
f27b719a-4d0f-4d6b-99db-db1aa218347b,dd102ab7-56d3-4d73-ae35-646383c140e3,451,1785907364385118709,1785907364890618709,505,true,0.606717,0.496362
f27b719a-4d0f-4d6b-99db-db1aa218347b,dd102ab7-56d3-4d73-ae35-646383c140e3,452,1785907365090742709,1785907365260868709,170,true,0.585258,0.373115
f27b719a-4d0f-4d6b-99db-db1aa218347b,dd102ab7-56d3-4d73-ae35-646383c140e3,453,1785907365295992709,1785907365521117709,225,true,0.672978,0.28601
f27b719a-4d0f-4d6b-99db-db1aa218347b,dd102ab7-56d3-4d73-ae35-646383c140e3,454,1785907365566242709,1785907365811367709,245,true,0.429676,0.461396
f27b719a-4d0f-4d6b-99db-db1aa218347b,dd102ab7-56d3-4d73-ae35-646383c140e3,455,1785907365851492709,1785907366096742709,245,true,0.582836,0.433148
f27b719a-4d0f-4d6b-99db-db1aa218347b,dd102ab7-56d3-4d73-ae35-646383c140e3,456,1785907366186742709,1785907366351867709,165,true,0.431793,0.374408
f27b719a-4d0f-4d6b-99db-db1aa218347b,dd102ab7-56d3-4d73-ae35-646383c140e3,457,1785907366396992709,1785907366807366709,410,true,0.436826,0.645505
f27b719a-4d0f-4d6b-99db-db1aa218347b,dd102ab7-56d3-4d73-ae35-646383c140e3,458,1785907367072616709,1785907368028505709,955,true,0.431125,0.343095
f27b719a-4d0f-4d6b-99db-db1aa218347b,dd102ab7-56d3-4d73-ae35-646383c140e3,459,1785907368058495709,1785907368533990709,475,true,0.465063,0.452592
f27b719a-4d0f-4d6b-99db-db1aa218347b,dd102ab7-56d3-4d73-ae35-646383c140e3,460,1785907368563990709,1785907368819252709,255,true,0.553218,0.495077
f27b719a-4d0f-4d6b-99db-db1aa218347b,dd102ab7-56d3-4d73-ae35-646383c140e3,461,1785907368854240709,1785907369039490709,185,true,0.419571,0.492944
f27b719a-4d0f-4d6b-99db-db1aa218347b,dd102ab7-56d3-4d73-ae35-646383c140e3,462,1785907369079495709,1785907369249614709,170,true,0.547176,0.231536
f27b719a-4d0f-4d6b-99db-db1aa218347b,dd102ab7-56d3-4d73-ae35-646383c140e3,463,1785907369279614709,1785907369454864709,175,true,0.54359,0.122929
f27b719a-4d0f-4d6b-99db-db1aa218347b,dd102ab7-56d3-4d73-ae35-646383c140e3,464,1785907369634989709,1785907369770114709,135,true,0.525541,0.120964
f27b719a-4d0f-4d6b-99db-db1aa218347b,dd102ab7-56d3-4d73-ae35-646383c140e3,465,1785907369815114709,1785907370090489709,275,true,0.525402,0.462527
f27b719a-4d0f-4d6b-99db-db1aa218347b,dd102ab7-56d3-4d73-ae35-646383c140e3,466,1785907370140489709,1785907370545863709,405,true,0.351991,0.660217
f27b719a-4d0f-4d6b-99db-db1aa218347b,dd102ab7-56d3-4d73-ae35-646383c140e3,467,1785907370595863709,1785907371181489709,585,true,0.610521,0.631916
f27b719a-4d0f-4d6b-99db-db1aa218347b,dd102ab7-56d3-4d73-ae35-646383c140e3,468,1785907371326615709,1785907371581863709,255,true,0.512581,0.595685
f27b719a-4d0f-4d6b-99db-db1aa218347b,dd102ab7-56d3-4d73-ae35-646383c140e3,469,1785907371611873709,1785907372037242709,425,true,0.495524,0.457276
f27b719a-4d0f-4d6b-99db-db1aa218347b,dd102ab7-56d3-4d73-ae35-646383c140e3,470,1785907372082237709,1785907372347495709,265,true,0.646973,0.603179
f27b719a-4d0f-4d6b-99db-db1aa218347b,dd102ab7-56d3-4d73-ae35-646383c140e3,471,1785907372392612709,1785907372757994709,365,true,0.513559,0.510051
f27b719a-4d0f-4d6b-99db-db1aa218347b,dd102ab7-56d3-4d73-ae35-646383c140e3,472,1785907372802995709,1785907373038245709,235,true,0.649185,0.640602
f27b719a-4d0f-4d6b-99db-db1aa218347b,dd102ab7-56d3-4d73-ae35-646383c140e3,473,1785907373073237709,1785907373443611709,370,true,0.522597,0.603406
f27b719a-4d0f-4d6b-99db-db1aa218347b,dd102ab7-56d3-4d73-ae35-646383c140e3,474,1785907373568740709,1785907373878986709,310,true,0.46079,0.599494
f27b719a-4d0f-4d6b-99db-db1aa218347b,dd102ab7-56d3-4d73-ae35-646383c140e3,475,1785907373913986709,1785907374229467709,315,true,0.361867,0.66033
f27b719a-4d0f-4d6b-99db-db1aa218347b,dd102ab7-56d3-4d73-ae35-646383c140e3,476,1785907374269455709,1785907374539705709,270,true,0.484082,0.607438
f27b719a-4d0f-4d6b-99db-db1aa218347b,dd102ab7-56d3-4d73-ae35-646383c140e3,477,1785907374594705709,1785907374890080709,295,true,0.5562,0.135197
f27b719a-4d0f-4d6b-99db-db1aa218347b,dd102ab7-56d3-4d73-ae35-646383c140e3,478,1785907375040205709,1785907375280330709,240,true,0.617933,0.545581
f27b719a-4d0f-4d6b-99db-db1aa218347b,dd102ab7-56d3-4d73-ae35-646383c140e3,479,1785907375315463709,1785907375545579709,230,true,0.509269,0.580352
f27b719a-4d0f-4d6b-99db-db1aa218347b,dd102ab7-56d3-4d73-ae35-646383c140e3,480,1785907375610704709,1785907375790829709,180,true,0.929307,0.537887
f27b719a-4d0f-4d6b-99db-db1aa218347b,dd102ab7-56d3-4d73-ae35-646383c140e3,481,1785907375855954709,1785907376621579709,765,true,0.508587,0.596543
f27b719a-4d0f-4d6b-99db-db1aa218347b,dd102ab7-56d3-4d73-ae35-646383c140e3,482,1785907376656704709,1785907376816829709,160,true,0.653981,0.627104
f27b719a-4d0f-4d6b-99db-db1aa218347b,dd102ab7-56d3-4d73-ae35-646383c140e3,483,1785907376861829709,1785907377092079709,230,true,0.499223,0.78004
f27b719a-4d0f-4d6b-99db-db1aa218347b,dd102ab7-56d3-4d73-ae35-646383c140e3,484,1785907377137079709,1785907377427465709,290,true,0.663338,0.680641
f27b719a-4d0f-4d6b-99db-db1aa218347b,dd102ab7-56d3-4d73-ae35-646383c140e3,485,1785907377467454709,1785907377927829709,460,true,0.532605,0.464909
f27b719a-4d0f-4d6b-99db-db1aa218347b,dd102ab7-56d3-4d73-ae35-646383c140e3,486,1785907377972954709,1785907378223079709,250,true,0.507531,0.797367
f27b719a-4d0f-4d6b-99db-db1aa218347b,dd102ab7-56d3-4d73-ae35-646383c140e3,487,1785907378263204709,1785907378703579709,440,true,0.669347,0.699826
f27b719a-4d0f-4d6b-99db-db1aa218347b,dd102ab7-56d3-4d73-ae35-646383c140e3,488,1785907378743578709,1785907379219079709,475,true,0.534455,0.468463
f27b719a-4d0f-4d6b-99db-db1aa218347b,dd102ab7-56d3-4d73-ae35-646383c140e3,489,1785907379259078709,1785907379529328709,270,true,0.621133,0.616016
f27b719a-4d0f-4d6b-99db-db1aa218347b,dd102ab7-56d3-4d73-ae35-646383c140e3,490,1785907379559333709,1785907379849703709,290,true,0.595888,0.48094
f27b719a-4d0f-4d6b-99db-db1aa218347b,dd102ab7-56d3-4d73-ae35-646383c140e3,491,1785907379869703709,1785907380565328709,695,true,0.645016,0.482977
f27b719a-4d0f-4d6b-99db-db1aa218347b,dd102ab7-56d3-4d73-ae35-646383c140e3,492,1785907380660453709,1785907381676328709,1015,true,0.610603,0.404426
f27b719a-4d0f-4d6b-99db-db1aa218347b,dd102ab7-56d3-4d73-ae35-646383c140e3,493,1785907381711453709,1785907381916579709,205,true,0.701438,0.367608
f27b719a-4d0f-4d6b-99db-db1aa218347b,dd102ab7-56d3-4d73-ae35-646383c140e3,494,1785907382041708709,1785907382482078709,440,true,0.471657,0.41367
f27b719a-4d0f-4d6b-99db-db1aa218347b,dd102ab7-56d3-4d73-ae35-646383c140e3,495,1785907382512202709,1785907382762452709,250,true,0.448424,0.494843
f27b719a-4d0f-4d6b-99db-db1aa218347b,dd102ab7-56d3-4d73-ae35-646383c140e3,496,1785907382802452709,1785907382967577709,165,true,0.51965,0.645919
f27b719a-4d0f-4d6b-99db-db1aa218347b,dd102ab7-56d3-4d73-ae35-646383c140e3,497,1785907383007577709,1785907383443077709,435,true,0.481192,0.393417
f27b719a-4d0f-4d6b-99db-db1aa218347b,dd102ab7-56d3-4d73-ae35-646383c140e3,498,1785907383473077709,1785907383878452709,405,true,0.451351,0.531265
f27b719a-4d0f-4d6b-99db-db1aa218347b,dd102ab7-56d3-4d73-ae35-646383c140e3,499,1785907383983577709,1785907384248827709,265,true,0.472635,0.580106
f27b719a-4d0f-4d6b-99db-db1aa218347b,dd102ab7-56d3-4d73-ae35-646383c140e3,500,1785907384283827709,1785907384514077709,230,true,0.56513,0.503086
f27b719a-4d0f-4d6b-99db-db1aa218347b,dd102ab7-56d3-4d73-ae35-646383c140e3,501,1785907384549077709,1785907384689202709,140,true,0.47312,0.465616
f27b719a-4d0f-4d6b-99db-db1aa218347b,dd102ab7-56d3-4d73-ae35-646383c140e3,502,1785907384734202709,1785907385239707709,505,true,0.517516,0.156577
f27b719a-4d0f-4d6b-99db-db1aa218347b,dd102ab7-56d3-4d73-ae35-646383c140e3,503,1785907385354827709,1785907385369827709,15,true,0.532449,0.676519
f27b719a-4d0f-4d6b-99db-db1aa218347b,dd102ab7-56d3-4d73-ae35-646383c140e3,505,1785907385975451709,1785907386060451709,85,true,0.628643,0.651464
f27b719a-4d0f-4d6b-99db-db1aa218347b,dd102ab7-56d3-4d73-ae35-646383c140e3,506,1785907386100576709,1785907386375831709,275,true,0.516678,0.426374
f27b719a-4d0f-4d6b-99db-db1aa218347b,dd102ab7-56d3-4d73-ae35-646383c140e3,507,1785907386425826709,1785907386550951709,125,true,0.477178,0.686684
f27b719a-4d0f-4d6b-99db-db1aa218347b,dd102ab7-56d3-4d73-ae35-646383c140e3,508,1785907386751080709,1785907386906326709,155,false,0.597677,1.549086
f27b719a-4d0f-4d6b-99db-db1aa218347b,dd102ab7-56d3-4d73-ae35-646383c140e3,509,1785907387371701709,1785907387396701709,25,true,0.463253,0.549263
f27b719a-4d0f-4d6b-99db-db1aa218347b,dd102ab7-56d3-4d73-ae35-646383c140e3,510,1785907387596951709,1785907388768075709,1171,true,0.392507,0.577411
f27b719a-4d0f-4d6b-99db-db1aa218347b,dd102ab7-56d3-4d73-ae35-646383c140e3,511,1785907388808076709,1785907389068325709,260,true,0.492456,0.431195
f27b719a-4d0f-4d6b-99db-db1aa218347b,dd102ab7-56d3-4d73-ae35-646383c140e3,512,1785907389113325709,1785907389463700709,350,true,0.530407,0.150465
f27b719a-4d0f-4d6b-99db-db1aa218347b,dd102ab7-56d3-4d73-ae35-646383c140e3,513,1785907389523700709,1785907389738950709,215,true,0.391441,0.559277
f27b719a-4d0f-4d6b-99db-db1aa218347b,dd102ab7-56d3-4d73-ae35-646383c140e3,514,1785907389763954709,1785907390189336709,425,true,0.373911,0.624188
f27b719a-4d0f-4d6b-99db-db1aa218347b,dd102ab7-56d3-4d73-ae35-646383c140e3,515,1785907390339456709,1785907391505574709,1166,true,0.372984,0.671397
f27b719a-4d0f-4d6b-99db-db1aa218347b,dd102ab7-56d3-4d73-ae35-646383c140e3,516,1785907391540574709,1785907391825824709,285,true,0.483373,0.644921
f27b719a-4d0f-4d6b-99db-db1aa218347b,dd102ab7-56d3-4d73-ae35-646383c140e3,517,1785907391860960709,1785907392091074709,230,true,0.381007,0.681847
f27b719a-4d0f-4d6b-99db-db1aa218347b,dd102ab7-56d3-4d73-ae35-646383c140e3,518,1785907392126199709,1785907392441449709,315,true,0.500527,0.629196
f27b719a-4d0f-4d6b-99db-db1aa218347b,dd102ab7-56d3-4d73-ae35-646383c140e3,519,1785907392611583709,1785907392796835709,185,true,0.447364,0.661354
f27b719a-4d0f-4d6b-99db-db1aa218347b,dd102ab7-56d3-4d73-ae35-646383c140e3,520,1785907392831824709,1785907393042074709,210,true,0.495571,0.432995
f27b719a-4d0f-4d6b-99db-db1aa218347b,dd102ab7-56d3-4d73-ae35-646383c140e3,521,1785907393082074709,1785907393542460709,460,true,0.373138,0.637801
f27b719a-4d0f-4d6b-99db-db1aa218347b,dd102ab7-56d3-4d73-ae35-646383c140e3,522,1785907393582576709,1785907393737698709,155,true,0.496524,0.585761
f27b719a-4d0f-4d6b-99db-db1aa218347b,dd102ab7-56d3-4d73-ae35-646383c140e3,523,1785907393812699709,1785907394103073709,290,true,0.527958,0.18832
f27b719a-4d0f-4d6b-99db-db1aa218347b,dd102ab7-56d3-4d73-ae35-646383c140e3,524,1785907394143073709,1785907394318198709,175,true,0.504857,0.393524
f27b719a-4d0f-4d6b-99db-db1aa218347b,dd102ab7-56d3-4d73-ae35-646383c140e3,525,1785907394358198709,1785907394558448709,200,true,0.504486,0.152014
f27b719a-4d0f-4d6b-99db-db1aa218347b,dd102ab7-56d3-4d73-ae35-646383c140e3,526,1785907394613459709,1785907395324198709,710,true,0.494488,0.569216
f27b719a-4d0f-4d6b-99db-db1aa218347b,dd102ab7-56d3-4d73-ae35-646383c140e3,527,1785907395354198709,1785907395854698709,500,true,0.537237,0.456544
f27b719a-4d0f-4d6b-99db-db1aa218347b,dd102ab7-56d3-4d73-ae35-646383c140e3,528,1785907395889698709,1785907396124948709,235,true,0.491613,0.634855
f27b719a-4d0f-4d6b-99db-db1aa218347b,dd102ab7-56d3-4d73-ae35-646383c140e3,529,1785907396164947709,1785907396535335709,370,true,0.509361,0.431382
f27b719a-4d0f-4d6b-99db-db1aa218347b,dd102ab7-56d3-4d73-ae35-646383c140e3,530,1785907396575322709,1785907396800572709,225,true,0.391489,0.632778
f27b719a-4d0f-4d6b-99db-db1aa218347b,dd102ab7-56d3-4d73-ae35-646383c140e3,531,1785907396845572709,1785907396975704709,130,true,0.554571,0.457118
f27b719a-4d0f-4d6b-99db-db1aa218347b,dd102ab7-56d3-4d73-ae35-646383c140e3,532,1785907397005697709,1785907397466197709,460,true,0.616666,0.513625
f27b719a-4d0f-4d6b-99db-db1aa218347b,dd102ab7-56d3-4d73-ae35-646383c140e3,533,1785907397581322709,1785907397941572709,360,true,0.599549,0.513009
f27b719a-4d0f-4d6b-99db-db1aa218347b,dd102ab7-56d3-4d73-ae35-646383c140e3,534,1785907397971697709,1785907398146822709,175,true,0.579904,0.637301
f27b719a-4d0f-4d6b-99db-db1aa218347b,dd102ab7-56d3-4d73-ae35-646383c140e3,535,1785907398166822709,1785907398326946709,160,true,0.54454,0.730496
f27b719a-4d0f-4d6b-99db-db1aa218347b,dd102ab7-56d3-4d73-ae35-646383c140e3,536,1785907398356959709,1785907398492071709,135,true,0.470688,0.740918
f27b719a-4d0f-4d6b-99db-db1aa218347b,dd102ab7-56d3-4d73-ae35-646383c140e3,537,1785907398537197709,1785907399523076709,985,true,0.611121,0.384505
f27b719a-4d0f-4d6b-99db-db1aa218347b,dd102ab7-56d3-4d73-ae35-646383c140e3,538,1785907399553071709,1785907399788321709,235,true,0.671596,0.39115
f27b719a-4d0f-4d6b-99db-db1aa218347b,dd102ab7-56d3-4d73-ae35-646383c140e3,539,1785907399823321709,1785907400053571709,230,true,0.598445,0.380542
f27b719a-4d0f-4d6b-99db-db1aa218347b,dd102ab7-56d3-4d73-ae35-646383c140e3,540,1785907400263825709,1785907400699196709,435,true,0.405412,0.35181
f27b719a-4d0f-4d6b-99db-db1aa218347b,dd102ab7-56d3-4d73-ae35-646383c140e3,541,1785907400759196709,1785907400894329709,135,true,0.173042,0.249338
f27b719a-4d0f-4d6b-99db-db1aa218347b,dd102ab7-56d3-4d73-ae35-646383c140e3,542,1785907400954445709,1785907401344820709,390,true,0.471201,0.52018
f27b719a-4d0f-4d6b-99db-db1aa218347b,dd102ab7-56d3-4d73-ae35-646383c140e3,543,1785907401474959709,1785907401615070709,140,true,0.516924,0.427085
f27b719a-4d0f-4d6b-99db-db1aa218347b,dd102ab7-56d3-4d73-ae35-646383c140e3,544,1785907401660070709,1785907401890320709,230,true,0.516773,0.110509
f27b719a-4d0f-4d6b-99db-db1aa218347b,dd102ab7-56d3-4d73-ae35-646383c140e3,545,1785907401955320709,1785907402095445709,140,true,0.487513,0.475723
f27b719a-4d0f-4d6b-99db-db1aa218347b,dd102ab7-56d3-4d73-ae35-646383c140e3,546,1785907402135570709,1785907402245695709,110,true,0.560689,0.275147
f27b719a-4d0f-4d6b-99db-db1aa218347b,dd102ab7-56d3-4d73-ae35-646383c140e3,547,1785907402280695709,1785907402435820709,155,true,0.515389,0.425147
f27b719a-4d0f-4d6b-99db-db1aa218347b,dd102ab7-56d3-4d73-ae35-646383c140e3,548,1785907402580945709,1785907402766195709,185,true,0.606564,0.641011
f27b719a-4d0f-4d6b-99db-db1aa218347b,dd102ab7-56d3-4d73-ae35-646383c140e3,549,1785907402801195709,1785907403116444709,315,true,0.538807,0.803042
f27b719a-4d0f-4d6b-99db-db1aa218347b,dd102ab7-56d3-4d73-ae35-646383c140e3,550,1785907403161445709,1785907403316695709,155,true,0.406163,0.670388
f27b719a-4d0f-4d6b-99db-db1aa218347b,dd102ab7-56d3-4d73-ae35-646383c140e3,551,1785907403461819709,1785907403947194709,485,true,0.473087,0.634841
f27b719a-4d0f-4d6b-99db-db1aa218347b,dd102ab7-56d3-4d73-ae35-646383c140e3,552,1785907404132444709,1785907404392694709,260,true,0.449072,0.644216
f27b719a-4d0f-4d6b-99db-db1aa218347b,dd102ab7-56d3-4d73-ae35-646383c140e3,553,1785907404427694709,1785907404833081709,405,true,0.510274,0.429374
f27b719a-4d0f-4d6b-99db-db1aa218347b,dd102ab7-56d3-4d73-ae35-646383c140e3,554,1785907404883069709,1785907404998194709,115,true,0.480301,0.690386
f27b719a-4d0f-4d6b-99db-db1aa218347b,dd102ab7-56d3-4d73-ae35-646383c140e3,555,1785907405253444709,1785907405573829709,320,true,0.498697,0.75392
f27b719a-4d0f-4d6b-99db-db1aa218347b,dd102ab7-56d3-4d73-ae35-646383c140e3,556,1785907405613818709,1785907406294456709,680,true,0.507026,0.552624
f27b719a-4d0f-4d6b-99db-db1aa218347b,dd102ab7-56d3-4d73-ae35-646383c140e3,557,1785907406329443709,1785907406564693709,235,true,0.514279,0.714034
f27b719a-4d0f-4d6b-99db-db1aa218347b,dd102ab7-56d3-4d73-ae35-646383c140e3,558,1785907406669818709,1785907407085193709,415,true,0.625047,0.623218
f27b719a-4d0f-4d6b-99db-db1aa218347b,dd102ab7-56d3-4d73-ae35-646383c140e3,559,1785907407115193709,1785907407445568709,330,true,0.529249,0.665814
f27b719a-4d0f-4d6b-99db-db1aa218347b,dd102ab7-56d3-4d73-ae35-646383c140e3,560,1785907407475580709,1785907407880942709,405,true,0.512082,0.57116
f27b719a-4d0f-4d6b-99db-db1aa218347b,dd102ab7-56d3-4d73-ae35-646383c140e3,561,1785907407915942709,1785907408171192709,255,true,0.528575,0.420505
f27b719a-4d0f-4d6b-99db-db1aa218347b,dd102ab7-56d3-4d73-ae35-646383c140e3,562,1785907408316322709,1785907408531567709,215,true,0.527162,0.480643
f27b719a-4d0f-4d6b-99db-db1aa218347b,dd102ab7-56d3-4d73-ae35-646383c140e3,563,1785907408721692709,1785907409037067709,315,true,0.490254,0.739228
f27b719a-4d0f-4d6b-99db-db1aa218347b,dd102ab7-56d3-4d73-ae35-646383c140e3,564,1785907409062067709,1785907409277192709,215,true,0.501493,0.808898
f27b719a-4d0f-4d6b-99db-db1aa218347b,dd102ab7-56d3-4d73-ae35-646383c140e3,565,1785907409322317709,1785907409602567709,280,true,0.50715,0.549173
f27b719a-4d0f-4d6b-99db-db1aa218347b,dd102ab7-56d3-4d73-ae35-646383c140e3,566,1785907409617567709,1785907409797696709,180,true,0.501161,0.504459
f27b719a-4d0f-4d6b-99db-db1aa218347b,dd102ab7-56d3-4d73-ae35-646383c140e3,567,1785907409827696709,1785907410283191709,455,true,0.46685,0.62218
f27b719a-4d0f-4d6b-99db-db1aa218347b,dd102ab7-56d3-4d73-ae35-646383c140e3,568,1785907410373316709,1785907411514316709,1141,true,0.51125,0.455541
f27b719a-4d0f-4d6b-99db-db1aa218347b,dd102ab7-56d3-4d73-ae35-646383c140e3,569,1785907411564441709,1785907411714566709,150,true,0.51275,0.747003
f27b719a-4d0f-4d6b-99db-db1aa218347b,dd102ab7-56d3-4d73-ae35-646383c140e3,570,1785907411759566709,1785907412480195709,720,true,0.530687,0.434477
f27b719a-4d0f-4d6b-99db-db1aa218347b,dd102ab7-56d3-4d73-ae35-646383c140e3,571,1785907412515320709,1785907412910690709,395,true,0.636471,0.514734
f27b719a-4d0f-4d6b-99db-db1aa218347b,dd102ab7-56d3-4d73-ae35-646383c140e3,572,1785907413020690709,1785907413185943709,165,true,0.657709,0.437237
f27b719a-4d0f-4d6b-99db-db1aa218347b,dd102ab7-56d3-4d73-ae35-646383c140e3,573,1785907413225940709,1785907413696320709,470,true,0.508138,0.700805
f27b719a-4d0f-4d6b-99db-db1aa218347b,dd102ab7-56d3-4d73-ae35-646383c140e3,574,1785907413731440709,1785907413871565709,140,true,0.597933,0.634243
f27b719a-4d0f-4d6b-99db-db1aa218347b,dd102ab7-56d3-4d73-ae35-646383c140e3,575,1785907413906565709,1785907414051694709,145,true,0.625549,0.47106
f27b719a-4d0f-4d6b-99db-db1aa218347b,dd102ab7-56d3-4d73-ae35-646383c140e3,576,1785907414106814709,1785907414271944709,165,true,0.647047,0.34776
f27b719a-4d0f-4d6b-99db-db1aa218347b,dd102ab7-56d3-4d73-ae35-646383c140e3,577,1785907414291939709,1785907414627195709,335,true,0.603151,0.332809
f27b719a-4d0f-4d6b-99db-db1aa218347b,dd102ab7-56d3-4d73-ae35-646383c140e3,578,1785907414707314709,1785907415312939709,605,true,0.525089,0.68297
f27b719a-4d0f-4d6b-99db-db1aa218347b,dd102ab7-56d3-4d73-ae35-646383c140e3,579,1785907415347939709,1785907415483069709,135,true,0.624674,0.458401
f27b719a-4d0f-4d6b-99db-db1aa218347b,dd102ab7-56d3-4d73-ae35-646383c140e3,580,1785907415773318709,1785907416148688709,375,true,0.590674,0.523954
f27b719a-4d0f-4d6b-99db-db1aa218347b,dd102ab7-56d3-4d73-ae35-646383c140e3,581,1785907416253822709,1785907416333813709,79,true,0.493281,0.290583
f27b719a-4d0f-4d6b-99db-db1aa218347b,dd102ab7-56d3-4d73-ae35-646383c140e3,584,1785907417169688709,1785907417499938709,330,true,0.563519,0.385371
f27b719a-4d0f-4d6b-99db-db1aa218347b,dd102ab7-56d3-4d73-ae35-646383c140e3,585,1785907417524938709,1785907417625063709,100,true,0.570134,0.29959
f27b719a-4d0f-4d6b-99db-db1aa218347b,dd102ab7-56d3-4d73-ae35-646383c140e3,586,1785907417670063709,1785907417995438709,325,true,0.553679,0.05286
f27b719a-4d0f-4d6b-99db-db1aa218347b,dd102ab7-56d3-4d73-ae35-646383c140e3,587,1785907418275692709,1785907418430820709,155,true,0.518357,0.583204
f27b719a-4d0f-4d6b-99db-db1aa218347b,dd102ab7-56d3-4d73-ae35-646383c140e3,588,1785907418465812709,1785907418806187709,340,true,0.483302,0.756309
f27b719a-4d0f-4d6b-99db-db1aa218347b,dd102ab7-56d3-4d73-ae35-646383c140e3,589,1785907418856187709,1785907419226562709,370,true,0.407944,0.597443
f27b719a-4d0f-4d6b-99db-db1aa218347b,dd102ab7-56d3-4d73-ae35-646383c140e3,590,1785907419271562709,1785907419496812709,225,true,0.564259,0.601536
f27b719a-4d0f-4d6b-99db-db1aa218347b,dd102ab7-56d3-4d73-ae35-646383c140e3,591,1785907419712068709,1785907420097312709,385,true,0.53873,0.463569
f27b719a-4d0f-4d6b-99db-db1aa218347b,dd102ab7-56d3-4d73-ae35-646383c140e3,592,1785907420117437709,1785907420262561709,145,true,0.539925,0.419962
f27b719a-4d0f-4d6b-99db-db1aa218347b,dd102ab7-56d3-4d73-ae35-646383c140e3,593,1785907420302562709,1785907420602813709,300,true,0.675018,0.596481
f27b719a-4d0f-4d6b-99db-db1aa218347b,dd102ab7-56d3-4d73-ae35-646383c140e3,594,1785907420647936709,1785907421128311709,480,true,0.374927,0.636907
f27b719a-4d0f-4d6b-99db-db1aa218347b,dd102ab7-56d3-4d73-ae35-646383c140e3,595,1785907421163311709,1785907421418561709,255,true,0.493695,0.823589
f27b719a-4d0f-4d6b-99db-db1aa218347b,dd102ab7-56d3-4d73-ae35-646383c140e3,596,1785907421593811709,1785907421798936709,205,true,0.37717,0.682365
f27b719a-4d0f-4d6b-99db-db1aa218347b,dd102ab7-56d3-4d73-ae35-646383c140e3,597,1785907421844061709,1785907422264436709,420,true,0.659661,0.617757
f27b719a-4d0f-4d6b-99db-db1aa218347b,dd102ab7-56d3-4d73-ae35-646383c140e3,598,1785907422299436709,1785907422559685709,260,true,0.52421,0.611612
f27b719a-4d0f-4d6b-99db-db1aa218347b,dd102ab7-56d3-4d73-ae35-646383c140e3,599,1785907422599685709,1785907422754810709,155,true,0.665235,0.677686
f27b719a-4d0f-4d6b-99db-db1aa218347b,dd102ab7-56d3-4d73-ae35-646383c140e3,600,1785907422774821709,1785907422995068709,220,true,0.630218,0.660013
f27b719a-4d0f-4d6b-99db-db1aa218347b,dd102ab7-56d3-4d73-ae35-646383c140e3,601,1785907423030060709,1785907423325442709,295,true,0.540346,0.677686
f27b719a-4d0f-4d6b-99db-db1aa218347b,dd102ab7-56d3-4d73-ae35-646383c140e3,602,1785907423580685709,1785907423955935709,375,true,0.382877,0.604777
f27b719a-4d0f-4d6b-99db-db1aa218347b,dd102ab7-56d3-4d73-ae35-646383c140e3,603,1785907423991060709,1785907424361309709,370,true,0.501267,0.578595
f27b719a-4d0f-4d6b-99db-db1aa218347b,dd102ab7-56d3-4d73-ae35-646383c140e3,604,1785907424401435709,1785907424586559709,185,true,0.504961,0.787958
f27b719a-4d0f-4d6b-99db-db1aa218347b,dd102ab7-56d3-4d73-ae35-646383c140e3,605,1785907424626559709,1785907424891821709,265,true,0.391091,0.576717
f27b719a-4d0f-4d6b-99db-db1aa218347b,dd102ab7-56d3-4d73-ae35-646383c140e3,606,1785907424926934709,1785907425222184709,295,true,0.498147,0.503727
f27b719a-4d0f-4d6b-99db-db1aa218347b,dd102ab7-56d3-4d73-ae35-646383c140e3,607,1785907425257184709,1785907425782684709,525,true,0.618896,0.515416
f27b719a-4d0f-4d6b-99db-db1aa218347b,dd102ab7-56d3-4d73-ae35-646383c140e3,608,1785907425882809709,1785907426087934709,205,true,0.65863,0.451799
f27b719a-4d0f-4d6b-99db-db1aa218347b,dd102ab7-56d3-4d73-ae35-646383c140e3,609,1785907426108063709,1785907426278199709,170,true,0.609899,0.393371
f27b719a-4d0f-4d6b-99db-db1aa218347b,dd102ab7-56d3-4d73-ae35-646383c140e3,610,1785907426313183709,1785907426483309709,170,true,0.692069,0.322023
f27b719a-4d0f-4d6b-99db-db1aa218347b,dd102ab7-56d3-4d73-ae35-646383c140e3,612,1785907427088933709,1785907427174058709,85,true,0.458932,0.34682
f27b719a-4d0f-4d6b-99db-db1aa218347b,dd102ab7-56d3-4d73-ae35-646383c140e3,613,1785907427214061709,1785907427404183709,190,true,0.558529,0.506988
f27b719a-4d0f-4d6b-99db-db1aa218347b,dd102ab7-56d3-4d73-ae35-646383c140e3,614,1785907427439194709,1785907427749558709,310,true,0.448801,0.375746
f27b719a-4d0f-4d6b-99db-db1aa218347b,dd102ab7-56d3-4d73-ae35-646383c140e3,615,1785907427779558709,1785907427969808709,190,true,0.466054,0.521113
f27b719a-4d0f-4d6b-99db-db1aa218347b,dd102ab7-56d3-4d73-ae35-646383c140e3,616,1785907428009808709,1785907428019808709,10,true,0.60925,0.523161
f27b719a-4d0f-4d6b-99db-db1aa218347b,dd102ab7-56d3-4d73-ae35-646383c140e3,617,1785907428395182709,1785907428765436709,370,true,0.473528,0.444393
f27b719a-4d0f-4d6b-99db-db1aa218347b,dd102ab7-56d3-4d73-ae35-646383c140e3,618,1785907428955682709,1785907429140807709,185,true,0.442423,0.657247
f27b719a-4d0f-4d6b-99db-db1aa218347b,dd102ab7-56d3-4d73-ae35-646383c140e3,619,1785907429230932709,1785907429381057709,150,true,0.488648,0.450477
f27b719a-4d0f-4d6b-99db-db1aa218347b,dd102ab7-56d3-4d73-ae35-646383c140e3,620,1785907429431057709,1785907429706432709,275,true,0.50163,0.208216
f27b719a-4d0f-4d6b-99db-db1aa218347b,dd102ab7-56d3-4d73-ae35-646383c140e3,621,1785907429731432709,1785907429946557709,215,true,0.513515,0.147074
f27b719a-4d0f-4d6b-99db-db1aa218347b,dd102ab7-56d3-4d73-ae35-646383c140e3,622,1785907430026682709,1785907430226807709,200,true,0.482778,0.651264
f27b719a-4d0f-4d6b-99db-db1aa218347b,dd102ab7-56d3-4d73-ae35-646383c140e3,623,1785907430276939709,1785907430422056709,145,true,0.519001,0.263433
f27b719a-4d0f-4d6b-99db-db1aa218347b,dd102ab7-56d3-4d73-ae35-646383c140e3,624,1785907430477057709,1785907430677306709,200,true,0.534249,0.733033
f27b719a-4d0f-4d6b-99db-db1aa218347b,dd102ab7-56d3-4d73-ae35-646383c140e3,625,1785907430702306709,1785907430962563709,260,true,0.521355,0.818523
f27b719a-4d0f-4d6b-99db-db1aa218347b,dd102ab7-56d3-4d73-ae35-646383c140e3,626,1785907431002556709,1785907431167806709,165,true,0.38169,0.65874
f27b719a-4d0f-4d6b-99db-db1aa218347b,dd102ab7-56d3-4d73-ae35-646383c140e3,627,1785907431212806709,1785907431623185709,410,true,0.605682,0.664682
f27b719a-4d0f-4d6b-99db-db1aa218347b,dd102ab7-56d3-4d73-ae35-646383c140e3,628,1785907431728306709,1785907432569055709,840,true,0.533576,0.553649
f27b719a-4d0f-4d6b-99db-db1aa218347b,dd102ab7-56d3-4d73-ae35-646383c140e3,629,1785907432609055709,1785907432769305709,160,true,0.50082,0.806698
f27b719a-4d0f-4d6b-99db-db1aa218347b,dd102ab7-56d3-4d73-ae35-646383c140e3,630,1785907432804305709,1785907433014430709,210,true,0.395832,0.696189
f27b719a-4d0f-4d6b-99db-db1aa218347b,dd102ab7-56d3-4d73-ae35-646383c140e3,631,1785907433114555709,1785907433479930709,365,true,0.36261,0.632791
f27b719a-4d0f-4d6b-99db-db1aa218347b,dd102ab7-56d3-4d73-ae35-646383c140e3,632,1785907433519930709,1785907433955310709,435,true,0.506351,0.476816
f27b719a-4d0f-4d6b-99db-db1aa218347b,dd102ab7-56d3-4d73-ae35-646383c140e3,633,1785907433975430709,1785907434280679709,305,true,0.51514,0.572737
f27b719a-4d0f-4d6b-99db-db1aa218347b,dd102ab7-56d3-4d73-ae35-646383c140e3,634,1785907434305679709,1785907434630929709,325,true,0.518418,0.504652
f27b719a-4d0f-4d6b-99db-db1aa218347b,dd102ab7-56d3-4d73-ae35-646383c140e3,635,1785907434671054709,1785907435346679709,675,true,0.396884,0.65363
f27b719a-4d0f-4d6b-99db-db1aa218347b,dd102ab7-56d3-4d73-ae35-646383c140e3,636,1785907435506804709,1785907435661929709,155,true,0.650587,0.649958
f27b719a-4d0f-4d6b-99db-db1aa218347b,dd102ab7-56d3-4d73-ae35-646383c140e3,637,1785907435707054709,1785907436337562709,630,true,0.515667,0.487827
f27b719a-4d0f-4d6b-99db-db1aa218347b,dd102ab7-56d3-4d73-ae35-646383c140e3,638,1785907436367678709,1785907436457681709,90,true,0.600313,0.549719
f27b719a-4d0f-4d6b-99db-db1aa218347b,dd102ab7-56d3-4d73-ae35-646383c140e3,639,1785907436497678709,1785907436973178709,475,true,0.377432,0.659984
f27b719a-4d0f-4d6b-99db-db1aa218347b,dd102ab7-56d3-4d73-ae35-646383c140e3,640,1785907437013178709,1785907438074177709,1060,true,0.509212,0.54795
f27b719a-4d0f-4d6b-99db-db1aa218347b,dd102ab7-56d3-4d73-ae35-646383c140e3,641,1785907438119309709,1785907438294431709,175,true,0.521063,0.201047
f27b719a-4d0f-4d6b-99db-db1aa218347b,dd102ab7-56d3-4d73-ae35-646383c140e3,642,1785907438354427709,1785907438604681709,250,true,0.526884,0.653242
f27b719a-4d0f-4d6b-99db-db1aa218347b,dd102ab7-56d3-4d73-ae35-646383c140e3,643,1785907438634802709,1785907438945052709,310,true,0.539711,0.513743
f27b719a-4d0f-4d6b-99db-db1aa218347b,dd102ab7-56d3-4d73-ae35-646383c140e3,644,1785907438985052709,1785907439185302709,200,true,0.573095,0.716012
f27b719a-4d0f-4d6b-99db-db1aa218347b,dd102ab7-56d3-4d73-ae35-646383c140e3,645,1785907439220302709,1785907439710808709,490,true,0.617054,0.485799
f27b719a-4d0f-4d6b-99db-db1aa218347b,dd102ab7-56d3-4d73-ae35-646383c140e3,646,1785907439790801709,1785907440181176709,390,true,0.615424,0.387297
f27b719a-4d0f-4d6b-99db-db1aa218347b,dd102ab7-56d3-4d73-ae35-646383c140e3,647,1785907440211176709,1785907440561564709,350,true,0.669946,0.359279
f27b719a-4d0f-4d6b-99db-db1aa218347b,dd102ab7-56d3-4d73-ae35-646383c140e3,648,1785907440601551709,1785907440851801709,250,true,0.46276,0.435279
f27b719a-4d0f-4d6b-99db-db1aa218347b,dd102ab7-56d3-4d73-ae35-646383c140e3,649,1785907440891801709,1785907441392300709,500,true,0.630074,0.39927
f27b719a-4d0f-4d6b-99db-db1aa218347b,dd102ab7-56d3-4d73-ae35-646383c140e3,650,1785907441417301709,1785907441572550709,155,true,0.642218,0.479348
f27b719a-4d0f-4d6b-99db-db1aa218347b,dd102ab7-56d3-4d73-ae35-646383c140e3,651,1785907441637551709,1785907441847811709,210,true,0.656106,0.480863
f27b719a-4d0f-4d6b-99db-db1aa218347b,dd102ab7-56d3-4d73-ae35-646383c140e3,652,1785907441877800709,1785907442848675709,970,true,0.641392,0.375788
f27b719a-4d0f-4d6b-99db-db1aa218347b,dd102ab7-56d3-4d73-ae35-646383c140e3,653,1785907442923800709,1785907443754549709,830,true,0.43396,0.43297
f27b719a-4d0f-4d6b-99db-db1aa218347b,dd102ab7-56d3-4d73-ae35-646383c140e3,654,1785907443784549709,1785907444179924709,395,true,0.499143,0.391813
f27b719a-4d0f-4d6b-99db-db1aa218347b,dd102ab7-56d3-4d73-ae35-646383c140e3,655,1785907444214924709,1785907444425174709,210,true,0.472442,0.570578
f27b719a-4d0f-4d6b-99db-db1aa218347b,dd102ab7-56d3-4d73-ae35-646383c140e3,656,1785907444455174709,1785907444750423709,295,true,0.417322,0.644404
f27b719a-4d0f-4d6b-99db-db1aa218347b,dd102ab7-56d3-4d73-ae35-646383c140e3,657,1785907444795549709,1785907444915673709,120,true,0.650061,0.696509
f27b719a-4d0f-4d6b-99db-db1aa218347b,dd102ab7-56d3-4d73-ae35-646383c140e3,658,1785907444960673709,1785907445065804709,105,true,0.519897,0.496192
f27b719a-4d0f-4d6b-99db-db1aa218347b,dd102ab7-56d3-4d73-ae35-646383c140e3,659,1785907445105799709,1785907445110798709,4,true,0.523291,0.147915
f27b719a-4d0f-4d6b-99db-db1aa218347b,dd102ab7-56d3-4d73-ae35-646383c140e3,660,1785907445376048709,1785907445676298709,300,true,0.629038,0.667891
f27b719a-4d0f-4d6b-99db-db1aa218347b,dd102ab7-56d3-4d73-ae35-646383c140e3,661,1785907445761423709,1785907446006673709,245,true,0.383485,0.700815
f27b719a-4d0f-4d6b-99db-db1aa218347b,dd102ab7-56d3-4d73-ae35-646383c140e3,662,1785907446046673709,1785907446547172709,500,true,0.507886,0.871297
f27b719a-4d0f-4d6b-99db-db1aa218347b,dd102ab7-56d3-4d73-ae35-646383c140e3,663,1785907446672297709,1785907446907547709,235,true,0.525286,0.544396
f27b719a-4d0f-4d6b-99db-db1aa218347b,dd102ab7-56d3-4d73-ae35-646383c140e3,664,1785907446922547709,1785907447352922709,430,true,0.535215,0.467437
f27b719a-4d0f-4d6b-99db-db1aa218347b,dd102ab7-56d3-4d73-ae35-646383c140e3,665,1785907447407922709,1785907447653172709,245,true,0.514437,0.842256
f27b719a-4d0f-4d6b-99db-db1aa218347b,dd102ab7-56d3-4d73-ae35-646383c140e3,666,1785907447788297709,1785907448008552709,220,true,0.455383,0.598434
f27b719a-4d0f-4d6b-99db-db1aa218347b,dd102ab7-56d3-4d73-ae35-646383c140e3,667,1785907448043547709,1785907448178672709,135,true,0.513546,0.461328
f27b719a-4d0f-4d6b-99db-db1aa218347b,dd102ab7-56d3-4d73-ae35-646383c140e3,668,1785907448213671709,1785907448488921709,275,true,0.384834,0.656834
f27b719a-4d0f-4d6b-99db-db1aa218347b,dd102ab7-56d3-4d73-ae35-646383c140e3,669,1785907448524046709,1785907448779296709,255,true,0.478869,0.63124
f27b719a-4d0f-4d6b-99db-db1aa218347b,dd102ab7-56d3-4d73-ae35-646383c140e3,670,1785907448814296709,1785907449249671709,435,true,0.626042,0.679578
f27b719a-4d0f-4d6b-99db-db1aa218347b,dd102ab7-56d3-4d73-ae35-646383c140e3,671,1785907449299796709,1785907449845296709,545,true,0.390744,0.696641
f27b719a-4d0f-4d6b-99db-db1aa218347b,dd102ab7-56d3-4d73-ae35-646383c140e3,672,1785907449890296709,1785907450465795709,575,true,0.648282,0.659455
f27b719a-4d0f-4d6b-99db-db1aa218347b,dd102ab7-56d3-4d73-ae35-646383c140e3,673,1785907450510920709,1785907450776170709,265,true,0.394554,0.691922
f27b719a-4d0f-4d6b-99db-db1aa218347b,dd102ab7-56d3-4d73-ae35-646383c140e3,674,1785907450836176709,1785907451036420709,200,true,0.61254,0.6961
f27b719a-4d0f-4d6b-99db-db1aa218347b,dd102ab7-56d3-4d73-ae35-646383c140e3,675,1785907451106422709,1785907451291545709,185,true,0.535023,0.286578
f27b719a-4d0f-4d6b-99db-db1aa218347b,dd102ab7-56d3-4d73-ae35-646383c140e3,676,1785907451356670709,1785907451526795709,170,true,0.596461,0.753918
f27b719a-4d0f-4d6b-99db-db1aa218347b,dd102ab7-56d3-4d73-ae35-646383c140e3,677,1785907451591920709,1785907452237544709,645,true,0.656525,0.441773
f27b719a-4d0f-4d6b-99db-db1aa218347b,dd102ab7-56d3-4d73-ae35-646383c140e3,678,1785907452272544709,1785907452627794709,355,true,0.626195,0.36939
f27b719a-4d0f-4d6b-99db-db1aa218347b,dd102ab7-56d3-4d73-ae35-646383c140e3,679,1785907452657919709,1785907452863044709,205,true,0.677771,0.352722
f27b719a-4d0f-4d6b-99db-db1aa218347b,dd102ab7-56d3-4d73-ae35-646383c140e3,680,1785907452888044709,1785907453038294709,150,true,0.631187,0.380105
f27b719a-4d0f-4d6b-99db-db1aa218347b,dd102ab7-56d3-4d73-ae35-646383c140e3,681,1785907453158294709,1785907453463671709,305,true,0.50672,0.378869
f27b719a-4d0f-4d6b-99db-db1aa218347b,dd102ab7-56d3-4d73-ae35-646383c140e3,682,1785907453493668709,1785907453763918709,270,true,0.51947,0.509141
f27b719a-4d0f-4d6b-99db-db1aa218347b,dd102ab7-56d3-4d73-ae35-646383c140e3,683,1785907453798918709,1785907453944043709,145,true,0.587907,0.66051
f27b719a-4d0f-4d6b-99db-db1aa218347b,dd102ab7-56d3-4d73-ae35-646383c140e3,684,1785907453969168709,1785907454164293709,195,true,0.542303,0.741891
f27b719a-4d0f-4d6b-99db-db1aa218347b,dd102ab7-56d3-4d73-ae35-646383c140e3,685,1785907454204293709,1785907454539668709,335,true,0.632694,0.442777
f27b719a-4d0f-4d6b-99db-db1aa218347b,dd102ab7-56d3-4d73-ae35-646383c140e3,686,1785907454564668709,1785907455115167709,550,true,0.62976,0.351436
f27b719a-4d0f-4d6b-99db-db1aa218347b,dd102ab7-56d3-4d73-ae35-646383c140e3,687,1785907455180292709,1785907455360417709,180,true,1.001275,0.506883
f27b719a-4d0f-4d6b-99db-db1aa218347b,dd102ab7-56d3-4d73-ae35-646383c140e3,688,1785907455430417709,1785907455740792709,310,true,0.470508,0.501452
f27b719a-4d0f-4d6b-99db-db1aa218347b,dd102ab7-56d3-4d73-ae35-646383c140e3,689,1785907455770803709,1785907455870920709,100,true,0.525752,0.430459
f27b719a-4d0f-4d6b-99db-db1aa218347b,dd102ab7-56d3-4d73-ae35-646383c140e3,690,1785907455950917709,1785907456471417709,520,true,0.519758,0.422051
f27b719a-4d0f-4d6b-99db-db1aa218347b,dd102ab7-56d3-4d73-ae35-646383c140e3,691,1785907456506541709,1785907456566541709,60,true,0.700696,0.365506
f27b719a-4d0f-4d6b-99db-db1aa218347b,dd102ab7-56d3-4d73-ae35-646383c140e3,692,1785907456841791709,1785907457342291709,500,true,0.535688,0.051258
f27b719a-4d0f-4d6b-99db-db1aa218347b,dd102ab7-56d3-4d73-ae35-646383c140e3,693,1785907457447416709,1785907457557416709,110,true,0.50747,0.402826
f27b719a-4d0f-4d6b-99db-db1aa218347b,dd102ab7-56d3-4d73-ae35-646383c140e3,694,1785907457822666709,1785907458148040709,325,true,0.463043,0.420761
f27b719a-4d0f-4d6b-99db-db1aa218347b,dd102ab7-56d3-4d73-ae35-646383c140e3,695,1785907458223040709,1785907458483290709,260,true,0.649362,0.561019
f27b719a-4d0f-4d6b-99db-db1aa218347b,dd102ab7-56d3-4d73-ae35-646383c140e3,696,1785907458583415709,1785907458658551709,75,false,0.361312,1.516107
f27b719a-4d0f-4d6b-99db-db1aa218347b,dd102ab7-56d3-4d73-ae35-646383c140e3,697,1785907458848672709,1785907458983790709,135,false,0.585985,1.491861
f27b719a-4d0f-4d6b-99db-db1aa218347b,dd102ab7-56d3-4d73-ae35-646383c140e3,698,1785907459103915709,1785907459339165709,235,false,0.528266,1.529079
f27b719a-4d0f-4d6b-99db-db1aa218347b,dd102ab7-56d3-4d73-ae35-646383c140e3,700,1785907459964789709,1785907460199914709,235,false,0.504715,1.635567
f27b719a-4d0f-4d6b-99db-db1aa218347b,dd102ab7-56d3-4d73-ae35-646383c140e3,701,1785907460235039709,1785907460545289709,310,false,0.495611,1.443933
f27b719a-4d0f-4d6b-99db-db1aa218347b,dd102ab7-56d3-4d73-ae35-646383c140e3,703,1785907460990664709,1785907461175913709,185,true,0.502042,0.396267
f27b719a-4d0f-4d6b-99db-db1aa218347b,dd102ab7-56d3-4d73-ae35-646383c140e3,704,1785907461456163709,1785907461501163709,45,true,0.410367,0.600205
f27b719a-4d0f-4d6b-99db-db1aa218347b,dd102ab7-56d3-4d73-ae35-646383c140e3,705,1785907461536169709,1785907461591288709,55,true,0.540243,0.620281
f27b719a-4d0f-4d6b-99db-db1aa218347b,dd102ab7-56d3-4d73-ae35-646383c140e3,706,1785907461846538709,1785907462011663709,165,true,0.521046,0.717357
f27b719a-4d0f-4d6b-99db-db1aa218347b,dd102ab7-56d3-4d73-ae35-646383c140e3,707,1785907462336925709,1785907462367038709,30,true,0.378403,0.630656
f27b719a-4d0f-4d6b-99db-db1aa218347b,dd102ab7-56d3-4d73-ae35-646383c140e3,708,1785907462527167709,1785907462917537709,390,true,0.6069,0.642324
f27b719a-4d0f-4d6b-99db-db1aa218347b,dd102ab7-56d3-4d73-ae35-646383c140e3,709,1785907463362912709,1785907463377912709,15,false,0.591523,1.620185
f27b719a-4d0f-4d6b-99db-db1aa218347b,dd102ab7-56d3-4d73-ae35-646383c140e3,710,1785907463503037709,1785907463548037709,45,false,0.276359,1.55818
f27b719a-4d0f-4d6b-99db-db1aa218347b,dd102ab7-56d3-4d73-ae35-646383c140e3,711,1785907463828287709,1785907463883416709,55,true,0.531409,0.56817
f27b719a-4d0f-4d6b-99db-db1aa218347b,dd102ab7-56d3-4d73-ae35-646383c140e3,712,1785907464058537709,1785907464484053709,425,true,0.426134,0.627307
f27b719a-4d0f-4d6b-99db-db1aa218347b,dd102ab7-56d3-4d73-ae35-646383c140e3,713,1785907464524177709,1785907464679303709,155,true,0.500964,0.422624
f27b719a-4d0f-4d6b-99db-db1aa218347b,dd102ab7-56d3-4d73-ae35-646383c140e3,714,1785907464724311709,1785907465044681709,320,true,0.513179,0.15788
f27b719a-4d0f-4d6b-99db-db1aa218347b,dd102ab7-56d3-4d73-ae35-646383c140e3,715,1785907465109677709,1785907465254802709,145,true,0.584419,0.643926
f27b719a-4d0f-4d6b-99db-db1aa218347b,dd102ab7-56d3-4d73-ae35-646383c140e3,716,1785907465289803709,1785907465505057709,215,true,0.532606,0.485849
f27b719a-4d0f-4d6b-99db-db1aa218347b,dd102ab7-56d3-4d73-ae35-646383c140e3,717,1785907465535052709,1785907465895427709,360,true,0.530429,0.577247
f27b719a-4d0f-4d6b-99db-db1aa218347b,dd102ab7-56d3-4d73-ae35-646383c140e3,718,1785907465935427709,1785907466020557709,85,true,0.649308,0.627858
f27b719a-4d0f-4d6b-99db-db1aa218347b,dd102ab7-56d3-4d73-ae35-646383c140e3,719,1785907466150689709,1785907466671184709,520,true,0.510849,0.459214
f27b719a-4d0f-4d6b-99db-db1aa218347b,dd102ab7-56d3-4d73-ae35-646383c140e3,720,1785907466731177709,1785907467161552709,430,true,0.653605,0.632847
f27b719a-4d0f-4d6b-99db-db1aa218347b,dd102ab7-56d3-4d73-ae35-646383c140e3,721,1785907467206677709,1785907467456927709,250,true,0.527195,0.342493
f27b719a-4d0f-4d6b-99db-db1aa218347b,dd102ab7-56d3-4d73-ae35-646383c140e3,722,1785907467476938709,1785907467697177709,220,true,0.526051,0.414213
f27b719a-4d0f-4d6b-99db-db1aa218347b,dd102ab7-56d3-4d73-ae35-646383c140e3,723,1785907467742177709,1785907467982427709,240,true,0.526411,0.211733
f27b719a-4d0f-4d6b-99db-db1aa218347b,dd102ab7-56d3-4d73-ae35-646383c140e3,724,1785907468022427709,1785907468257681709,235,true,0.529278,0.462477
f27b719a-4d0f-4d6b-99db-db1aa218347b,dd102ab7-56d3-4d73-ae35-646383c140e3,725,1785907468292680709,1785907468893189709,600,true,0.606491,0.54954
f27b719a-4d0f-4d6b-99db-db1aa218347b,dd102ab7-56d3-4d73-ae35-646383c140e3,726,1785907468983302709,1785907469358677709,375,true,0.596055,0.371506
f27b719a-4d0f-4d6b-99db-db1aa218347b,dd102ab7-56d3-4d73-ae35-646383c140e3,727,1785907469398677709,1785907469668935709,270,true,0.469977,0.571568
f27b719a-4d0f-4d6b-99db-db1aa218347b,dd102ab7-56d3-4d73-ae35-646383c140e3,728,1785907469699052709,1785907469879177709,180,true,0.455977,0.682534
f27b719a-4d0f-4d6b-99db-db1aa218347b,dd102ab7-56d3-4d73-ae35-646383c140e3,729,1785907469899181709,1785907470104427709,205,true,0.477056,0.752879
f27b719a-4d0f-4d6b-99db-db1aa218347b,dd102ab7-56d3-4d73-ae35-646383c140e3,730,1785907470124427709,1785907470304552709,180,true,0.536774,0.750248
f27b719a-4d0f-4d6b-99db-db1aa218347b,dd102ab7-56d3-4d73-ae35-646383c140e3,731,1785907470344552709,1785907470945177709,600,true,0.598196,0.508409
f27b719a-4d0f-4d6b-99db-db1aa218347b,dd102ab7-56d3-4d73-ae35-646383c140e3,732,1785907470980177709,1785907471800927709,820,true,0.62798,0.418795
f27b719a-4d0f-4d6b-99db-db1aa218347b,dd102ab7-56d3-4d73-ae35-646383c140e3,733,1785907471976181709,1785907472711801709,735,true,0.488276,0.400054
f27b719a-4d0f-4d6b-99db-db1aa218347b,dd102ab7-56d3-4d73-ae35-646383c140e3,734,1785907472746801709,1785907473002061709,255,true,0.546639,0.511505
f27b719a-4d0f-4d6b-99db-db1aa218347b,dd102ab7-56d3-4d73-ae35-646383c140e3,735,1785907473037180709,1785907473182301709,145,true,0.492568,0.40369
f27b719a-4d0f-4d6b-99db-db1aa218347b,dd102ab7-56d3-4d73-ae35-646383c140e3,736,1785907473217301709,1785907473862926709,645,true,0.536182,0.175014
f27b719a-4d0f-4d6b-99db-db1aa218347b,dd102ab7-56d3-4d73-ae35-646383c140e3,737,1785907473902926709,1785907474023051709,120,true,0.502906,0.437456
f27b719a-4d0f-4d6b-99db-db1aa218347b,dd102ab7-56d3-4d73-ae35-646383c140e3,738,1785907474108176709,1785907474263301709,155,true,0.494583,0.560776
f27b719a-4d0f-4d6b-99db-db1aa218347b,dd102ab7-56d3-4d73-ae35-646383c140e3,739,1785907474303311709,1785907474708683709,405,true,0.389328,0.615488
f27b719a-4d0f-4d6b-99db-db1aa218347b,dd102ab7-56d3-4d73-ae35-646383c140e3,740,1785907474743676709,1785907475003936709,260,true,0.482259,0.732252
f27b719a-4d0f-4d6b-99db-db1aa218347b,dd102ab7-56d3-4d73-ae35-646383c140e3,741,1785907475039063709,1785907475419301709,380,true,0.372232,0.664467
f27b719a-4d0f-4d6b-99db-db1aa218347b,dd102ab7-56d3-4d73-ae35-646383c140e3,742,1785907475459426709,1785907475689551709,230,true,0.555416,0.653826
f27b719a-4d0f-4d6b-99db-db1aa218347b,dd102ab7-56d3-4d73-ae35-646383c140e3,743,1785907475814680709,1785907475919801709,105,true,0.520237,0.678026
460c7f6d-057c-43b0-99db-c47a748365d1,dd102ab7-56d3-4d73-ae35-646383c140e3,765,1785907485298674709,1785907485418674709,120,true,0.414703,0.502524
460c7f6d-057c-43b0-99db-c47a748365d1,dd102ab7-56d3-4d73-ae35-646383c140e3,766,1785907485448799709,1785907485744049709,295,true,0.527422,0.527074
460c7f6d-057c-43b0-99db-c47a748365d1,dd102ab7-56d3-4d73-ae35-646383c140e3,767,1785907485884174709,1785907486059302709,175,true,0.504758,0.433535
460c7f6d-057c-43b0-99db-c47a748365d1,dd102ab7-56d3-4d73-ae35-646383c140e3,768,1785907486099438709,1785907486309549709,210,true,0.614348,0.192517
460c7f6d-057c-43b0-99db-c47a748365d1,dd102ab7-56d3-4d73-ae35-646383c140e3,769,1785907486344549709,1785907486604799709,260,true,0.524305,0.077483
460c7f6d-057c-43b0-99db-c47a748365d1,dd102ab7-56d3-4d73-ae35-646383c140e3,770,1785907486639924709,1785907486780049709,140,true,0.550075,0.23812
460c7f6d-057c-43b0-99db-c47a748365d1,dd102ab7-56d3-4d73-ae35-646383c140e3,771,1785907486810049709,1785907487255424709,445,true,0.536122,0.169173
460c7f6d-057c-43b0-99db-c47a748365d1,dd102ab7-56d3-4d73-ae35-646383c140e3,772,1785907487310549709,1785907487710934709,400,true,0.52473,0.582044
460c7f6d-057c-43b0-99db-c47a748365d1,dd102ab7-56d3-4d73-ae35-646383c140e3,773,1785907487735924709,1785907488106306709,370,true,0.525325,0.512347
460c7f6d-057c-43b0-99db-c47a748365d1,dd102ab7-56d3-4d73-ae35-646383c140e3,774,1785907488146299709,1785907488236423709,90,true,0.642242,0.598174
460c7f6d-057c-43b0-99db-c47a748365d1,dd102ab7-56d3-4d73-ae35-646383c140e3,775,1785907488361430709,1785907488751799709,390,true,0.54038,0.599399
460c7f6d-057c-43b0-99db-c47a748365d1,dd102ab7-56d3-4d73-ae35-646383c140e3,776,1785907488786924709,1785907489232315709,445,true,0.658368,0.614039
460c7f6d-057c-43b0-99db-c47a748365d1,dd102ab7-56d3-4d73-ae35-646383c140e3,777,1785907489287298709,1785907489697803709,410,true,0.546516,0.396697
460c7f6d-057c-43b0-99db-c47a748365d1,dd102ab7-56d3-4d73-ae35-646383c140e3,778,1785907489737799709,1785907489983048709,245,true,0.532353,0.648408
460c7f6d-057c-43b0-99db-c47a748365d1,dd102ab7-56d3-4d73-ae35-646383c140e3,779,1785907490023048709,1785907490533548709,510,true,0.53549,0.450593
460c7f6d-057c-43b0-99db-c47a748365d1,dd102ab7-56d3-4d73-ae35-646383c140e3,780,1785907490573548709,1785907490883798709,310,true,0.538175,0.719365
460c7f6d-057c-43b0-99db-c47a748365d1,dd102ab7-56d3-4d73-ae35-646383c140e3,781,1785907490913923709,1785907491044048709,130,true,0.526262,0.852739
460c7f6d-057c-43b0-99db-c47a748365d1,dd102ab7-56d3-4d73-ae35-646383c140e3,782,1785907491159055709,1785907491264173709,105,true,0.523993,0.876275
460c7f6d-057c-43b0-99db-c47a748365d1,dd102ab7-56d3-4d73-ae35-646383c140e3,783,1785907491309298709,1785907492220048709,910,true,0.538592,0.417632
460c7f6d-057c-43b0-99db-c47a748365d1,dd102ab7-56d3-4d73-ae35-646383c140e3,784,1785907492325177709,1785907492490303709,165,true,0.676404,0.619294
460c7f6d-057c-43b0-99db-c47a748365d1,dd102ab7-56d3-4d73-ae35-646383c140e3,785,1785907492535423709,1785907492805675709,270,true,0.53101,0.427408
460c7f6d-057c-43b0-99db-c47a748365d1,dd102ab7-56d3-4d73-ae35-646383c140e3,786,1785907492845673709,1785907493211048709,365,true,0.657841,0.579815
460c7f6d-057c-43b0-99db-c47a748365d1,dd102ab7-56d3-4d73-ae35-646383c140e3,787,1785907493251052709,1785907493441298709,190,true,0.53402,0.444699
460c7f6d-057c-43b0-99db-c47a748365d1,dd102ab7-56d3-4d73-ae35-646383c140e3,788,1785907493486298709,1785907493956673709,470,true,0.65877,0.65633
460c7f6d-057c-43b0-99db-c47a748365d1,dd102ab7-56d3-4d73-ae35-646383c140e3,789,1785907494006809709,1785907494232048709,225,true,0.522036,0.443665
460c7f6d-057c-43b0-99db-c47a748365d1,dd102ab7-56d3-4d73-ae35-646383c140e3,790,1785907494272048709,1785907494432172709,160,true,0.661366,0.653189
460c7f6d-057c-43b0-99db-c47a748365d1,dd102ab7-56d3-4d73-ae35-646383c140e3,791,1785907494537297709,1785907494807547709,270,true,0.520999,0.575145
460c7f6d-057c-43b0-99db-c47a748365d1,dd102ab7-56d3-4d73-ae35-646383c140e3,792,1785907494827547709,1785907495117797709,290,true,0.530596,0.619109
460c7f6d-057c-43b0-99db-c47a748365d1,dd102ab7-56d3-4d73-ae35-646383c140e3,793,1785907495162922709,1785907495603297709,440,true,0.400904,0.557409
460c7f6d-057c-43b0-99db-c47a748365d1,dd102ab7-56d3-4d73-ae35-646383c140e3,794,1785907495643297709,1785907495998672709,355,true,0.520981,0.793004
460c7f6d-057c-43b0-99db-c47a748365d1,dd102ab7-56d3-4d73-ae35-646383c140e3,795,1785907496033681709,1785907496203797709,170,true,0.384058,0.606266
460c7f6d-057c-43b0-99db-c47a748365d1,dd102ab7-56d3-4d73-ae35-646383c140e3,796,1785907496364047709,1785907496789422709,425,true,0.400233,0.579976
460c7f6d-057c-43b0-99db-c47a748365d1,dd102ab7-56d3-4d73-ae35-646383c140e3,797,1785907496829422709,1785907497725297709,895,true,0.526834,0.451137
460c7f6d-057c-43b0-99db-c47a748365d1,dd102ab7-56d3-4d73-ae35-646383c140e3,798,1785907497770297709,1785907498020547709,250,true,0.522492,0.758824
460c7f6d-057c-43b0-99db-c47a748365d1,dd102ab7-56d3-4d73-ae35-646383c140e3,799,1785907498045551709,1785907498145677709,100,true,0.514945,0.853208
460c7f6d-057c-43b0-99db-c47a748365d1,dd102ab7-56d3-4d73-ae35-646383c140e3,800,1785907498185671709,1785907498330797709,145,true,0.388867,0.709622
460c7f6d-057c-43b0-99db-c47a748365d1,dd102ab7-56d3-4d73-ae35-646383c140e3,801,1785907498365927709,1785907498465921709,99,true,0.494939,0.522142
460c7f6d-057c-43b0-99db-c47a748365d1,dd102ab7-56d3-4d73-ae35-646383c140e3,802,1785907498601046709,1785907498721179709,120,true,0.498838,0.658858
460c7f6d-057c-43b0-99db-c47a748365d1,dd102ab7-56d3-4d73-ae35-646383c140e3,803,1785907498761297709,1785907499411802709,650,true,0.542454,0.377286
460c7f6d-057c-43b0-99db-c47a748365d1,dd102ab7-56d3-4d73-ae35-646383c140e3,804,1785907499441921709,1785907499777171709,335,true,0.509694,0.510643
460c7f6d-057c-43b0-99db-c47a748365d1,dd102ab7-56d3-4d73-ae35-646383c140e3,805,1785907499822172709,1785907499987421709,165,true,0.660261,0.673374
460c7f6d-057c-43b0-99db-c47a748365d1,dd102ab7-56d3-4d73-ae35-646383c140e3,806,1785907500152546709,1785907500628046709,475,true,0.525732,0.447485
460c7f6d-057c-43b0-99db-c47a748365d1,dd102ab7-56d3-4d73-ae35-646383c140e3,807,1785907500673046709,1785907500953296709,280,true,0.654877,0.658027
460c7f6d-057c-43b0-99db-c47a748365d1,dd102ab7-56d3-4d73-ae35-646383c140e3,808,1785907500983296709,1785907501278546709,295,true,0.58259,0.617142
460c7f6d-057c-43b0-99db-c47a748365d1,dd102ab7-56d3-4d73-ae35-646383c140e3,809,1785907501308671709,1785907501458796709,150,true,0.649087,0.55734
460c7f6d-057c-43b0-99db-c47a748365d1,dd102ab7-56d3-4d73-ae35-646383c140e3,810,1785907501498798709,1785907501663923709,165,true,0.541567,0.404425
460c7f6d-057c-43b0-99db-c47a748365d1,dd102ab7-56d3-4d73-ae35-646383c140e3,811,1785907501699046709,1785907501884171709,185,true,0.542247,0.228458
460c7f6d-057c-43b0-99db-c47a748365d1,dd102ab7-56d3-4d73-ae35-646383c140e3,812,1785907501964296709,1785907502279546709,315,true,0.571826,0.792063
460c7f6d-057c-43b0-99db-c47a748365d1,dd102ab7-56d3-4d73-ae35-646383c140e3,813,1785907502314546709,1785907502449671709,135,true,0.521193,0.619385
460c7f6d-057c-43b0-99db-c47a748365d1,dd102ab7-56d3-4d73-ae35-646383c140e3,814,1785907502474671709,1785907502589796709,115,true,0.524038,0.701606
460c7f6d-057c-43b0-99db-c47a748365d1,dd102ab7-56d3-4d73-ae35-646383c140e3,815,1785907502629920709,1785907503070297709,440,true,0.620228,0.49215
460c7f6d-057c-43b0-99db-c47a748365d1,dd102ab7-56d3-4d73-ae35-646383c140e3,816,1785907503160420709,1785907503921045709,760,true,0.61098,0.385433
460c7f6d-057c-43b0-99db-c47a748365d1,dd102ab7-56d3-4d73-ae35-646383c140e3,817,1785907503956045709,1785907504456545709,500,true,0.688578,0.424869
460c7f6d-057c-43b0-99db-c47a748365d1,dd102ab7-56d3-4d73-ae35-646383c140e3,818,1785907504551670709,1785907504706809709,155,true,0.733627,0.40273
460c7f6d-057c-43b0-99db-c47a748365d1,dd102ab7-56d3-4d73-ae35-646383c140e3,819,1785907504751795709,1785907504992054709,240,true,0.490697,0.378516
460c7f6d-057c-43b0-99db-c47a748365d1,dd102ab7-56d3-4d73-ae35-646383c140e3,820,1785907505032170709,1785907505272295709,240,true,0.698124,0.387334
460c7f6d-057c-43b0-99db-c47a748365d1,dd102ab7-56d3-4d73-ae35-646383c140e3,821,1785907505307420709,1785907505527545709,220,true,0.614225,0.380389
460c7f6d-057c-43b0-99db-c47a748365d1,dd102ab7-56d3-4d73-ae35-646383c140e3,822,1785907505567670709,1785907505722795709,155,true,0.470448,0.559367
460c7f6d-057c-43b0-99db-c47a748365d1,dd102ab7-56d3-4d73-ae35-646383c140e3,823,1785907505762795709,1785907506008045709,245,true,0.614731,0.507952
460c7f6d-057c-43b0-99db-c47a748365d1,dd102ab7-56d3-4d73-ae35-646383c140e3,824,1785907506083047709,1785907506758805709,675,true,0.531282,0.430809
460c7f6d-057c-43b0-99db-c47a748365d1,dd102ab7-56d3-4d73-ae35-646383c140e3,825,1785907506778795709,1785907507254169709,475,true,0.575384,0.45573
460c7f6d-057c-43b0-99db-c47a748365d1,dd102ab7-56d3-4d73-ae35-646383c140e3,826,1785907507304294709,1785907507704671709,400,true,0.544623,0.186544
460c7f6d-057c-43b0-99db-c47a748365d1,dd102ab7-56d3-4d73-ae35-646383c140e3,827,1785907507774669709,1785907507979919709,205,true,0.519679,0.203928
460c7f6d-057c-43b0-99db-c47a748365d1,dd102ab7-56d3-4d73-ae35-646383c140e3,828,1785907508029924709,1785907508790669709,760,true,0.520087,0.507565
460c7f6d-057c-43b0-99db-c47a748365d1,dd102ab7-56d3-4d73-ae35-646383c140e3,829,1785907508830676709,1785907509020794709,190,true,0.660327,0.561637
460c7f6d-057c-43b0-99db-c47a748365d1,dd102ab7-56d3-4d73-ae35-646383c140e3,830,1785907509055931709,1785907509191044709,135,true,0.545295,0.525214
460c7f6d-057c-43b0-99db-c47a748365d1,dd102ab7-56d3-4d73-ae35-646383c140e3,831,1785907509286044709,1785907509936669709,650,true,0.655114,0.639064
460c7f6d-057c-43b0-99db-c47a748365d1,dd102ab7-56d3-4d73-ae35-646383c140e3,832,1785907509976794709,1785907510307044709,330,true,0.536079,0.396875
460c7f6d-057c-43b0-99db-c47a748365d1,dd102ab7-56d3-4d73-ae35-646383c140e3,833,1785907510407169709,1785907510637419709,230,true,0.626087,0.658755
460c7f6d-057c-43b0-99db-c47a748365d1,dd102ab7-56d3-4d73-ae35-646383c140e3,834,1785907510677419709,1785907511127794709,450,true,0.513748,0.456266
460c7f6d-057c-43b0-99db-c47a748365d1,dd102ab7-56d3-4d73-ae35-646383c140e3,835,1785907511217918709,1785907511403053709,185,true,0.535514,0.500629
460c7f6d-057c-43b0-99db-c47a748365d1,dd102ab7-56d3-4d73-ae35-646383c140e3,836,1785907511448168709,1785907511608293709,160,true,0.670294,0.663932
460c7f6d-057c-43b0-99db-c47a748365d1,dd102ab7-56d3-4d73-ae35-646383c140e3,837,1785907511653293709,1785907512178793709,525,true,0.50384,0.469721
460c7f6d-057c-43b0-99db-c47a748365d1,dd102ab7-56d3-4d73-ae35-646383c140e3,838,1785907512208793709,1785907512514168709,305,true,0.503813,0.613962
460c7f6d-057c-43b0-99db-c47a748365d1,dd102ab7-56d3-4d73-ae35-646383c140e3,839,1785907512559168709,1785907512809418709,250,true,0.513495,0.859865
460c7f6d-057c-43b0-99db-c47a748365d1,dd102ab7-56d3-4d73-ae35-646383c140e3,840,1785907512849418709,1785907513219793709,370,true,0.371138,0.683163
460c7f6d-057c-43b0-99db-c47a748365d1,dd102ab7-56d3-4d73-ae35-646383c140e3,841,1785907513259793709,1785907513435043709,175,true,0.539034,0.541307
460c7f6d-057c-43b0-99db-c47a748365d1,dd102ab7-56d3-4d73-ae35-646383c140e3,842,1785907513470043709,1785907513735301709,265,true,0.516285,0.794879
460c7f6d-057c-43b0-99db-c47a748365d1,dd102ab7-56d3-4d73-ae35-646383c140e3,843,1785907513775293709,1785907513965543709,190,true,0.411484,0.59837
460c7f6d-057c-43b0-99db-c47a748365d1,dd102ab7-56d3-4d73-ae35-646383c140e3,844,1785907514130668709,1785907514285793709,155,true,0.485956,0.598574
460c7f6d-057c-43b0-99db-c47a748365d1,dd102ab7-56d3-4d73-ae35-646383c140e3,845,1785907514320793709,1785907514816293709,495,true,0.538234,0.460703
460c7f6d-057c-43b0-99db-c47a748365d1,dd102ab7-56d3-4d73-ae35-646383c140e3,846,1785907514856292709,1785907515016418709,160,true,0.653794,0.550699
460c7f6d-057c-43b0-99db-c47a748365d1,dd102ab7-56d3-4d73-ae35-646383c140e3,847,1785907515051543709,1785907515346793709,295,true,0.534242,0.46826
460c7f6d-057c-43b0-99db-c47a748365d1,dd102ab7-56d3-4d73-ae35-646383c140e3,848,1785907515396792709,1785907515632042709,235,true,0.650643,0.595014
460c7f6d-057c-43b0-99db-c47a748365d1,dd102ab7-56d3-4d73-ae35-646383c140e3,849,1785907515657042709,1785907515847292709,190,true,0.663983,0.720266
460c7f6d-057c-43b0-99db-c47a748365d1,dd102ab7-56d3-4d73-ae35-646383c140e3,850,1785907515887292709,1785907516022417709,135,true,0.597691,0.58618
460c7f6d-057c-43b0-99db-c47a748365d1,dd102ab7-56d3-4d73-ae35-646383c140e3,851,1785907516177542709,1785907516377792709,200,true,0.543796,0.284742
460c7f6d-057c-43b0-99db-c47a748365d1,dd102ab7-56d3-4d73-ae35-646383c140e3,852,1785907516427795709,1785907517238542709,810,true,0.62956,0.563163
460c7f6d-057c-43b0-99db-c47a748365d1,dd102ab7-56d3-4d73-ae35-646383c140e3,853,1785907517273542709,1785907517513792709,240,true,0.529783,0.489629
460c7f6d-057c-43b0-99db-c47a748365d1,dd102ab7-56d3-4d73-ae35-646383c140e3,854,1785907517553792709,1785907517809042709,255,true,0.669513,0.653188
460c7f6d-057c-43b0-99db-c47a748365d1,dd102ab7-56d3-4d73-ae35-646383c140e3,855,1785907517854167709,1785907518359667709,505,true,0.518641,0.509258
460c7f6d-057c-43b0-99db-c47a748365d1,dd102ab7-56d3-4d73-ae35-646383c140e3,856,1785907518394666709,1785907518714917709,320,true,0.62403,0.433903
460c7f6d-057c-43b0-99db-c47a748365d1,dd102ab7-56d3-4d73-ae35-646383c140e3,857,1785907518749917709,1785907519000167709,250,true,0.701972,0.40418
460c7f6d-057c-43b0-99db-c47a748365d1,dd102ab7-56d3-4d73-ae35-646383c140e3,858,1785907519150291709,1785907519555791709,405,true,0.637262,0.515227
460c7f6d-057c-43b0-99db-c47a748365d1,dd102ab7-56d3-4d73-ae35-646383c140e3,859,1785907519695916709,1785907521062166709,1366,true,0.640446,0.380661
460c7f6d-057c-43b0-99db-c47a748365d1,dd102ab7-56d3-4d73-ae35-646383c140e3,860,1785907521092166709,1785907521887921709,795,true,0.720382,0.362195
460c7f6d-057c-43b0-99db-c47a748365d1,dd102ab7-56d3-4d73-ae35-646383c140e3,861,1785907522038041709,1785907522273295709,235,true,0.678446,0.354696
460c7f6d-057c-43b0-99db-c47a748365d1,dd102ab7-56d3-4d73-ae35-646383c140e3,862,1785907522313291709,1785907522578541709,265,true,0.505165,0.338299
460c7f6d-057c-43b0-99db-c47a748365d1,dd102ab7-56d3-4d73-ae35-646383c140e3,863,1785907522618540709,1785907522793790709,175,true,0.619644,0.41072
460c7f6d-057c-43b0-99db-c47a748365d1,dd102ab7-56d3-4d73-ae35-646383c140e3,864,1785907522833790709,1785907523484415709,650,true,0.515447,0.225716
460c7f6d-057c-43b0-99db-c47a748365d1,dd102ab7-56d3-4d73-ae35-646383c140e3,865,1785907523534415709,1785907523699665709,165,true,0.493662,0.529052
460c7f6d-057c-43b0-99db-c47a748365d1,dd102ab7-56d3-4d73-ae35-646383c140e3,866,1785907523824790709,1785907524250165709,425,true,0.544535,0.476047
460c7f6d-057c-43b0-99db-c47a748365d1,dd102ab7-56d3-4d73-ae35-646383c140e3,867,1785907524295172709,1785907524490415709,195,true,0.379019,0.665685
460c7f6d-057c-43b0-99db-c47a748365d1,dd102ab7-56d3-4d73-ae35-646383c140e3,868,1785907524525415709,1785907525271044709,745,true,0.530751,0.479467
460c7f6d-057c-43b0-99db-c47a748365d1,dd102ab7-56d3-4d73-ae35-646383c140e3,869,1785907525321165709,1785907525636414709,315,true,0.517485,0.918932
460c7f6d-057c-43b0-99db-c47a748365d1,dd102ab7-56d3-4d73-ae35-646383c140e3,870,1785907525681414709,1785907526066789709,385,true,0.368399,0.634344
460c7f6d-057c-43b0-99db-c47a748365d1,dd102ab7-56d3-4d73-ae35-646383c140e3,871,1785907526111915709,1785907526367164709,255,true,0.649344,0.692561
460c7f6d-057c-43b0-99db-c47a748365d1,dd102ab7-56d3-4d73-ae35-646383c140e3,872,1785907526637414709,1785907526752539709,115,true,0.458047,0.665423
460c7f6d-057c-43b0-99db-c47a748365d1,dd102ab7-56d3-4d73-ae35-646383c140e3,873,1785907526782539709,1785907526922671709,140,true,0.387931,0.624216
460c7f6d-057c-43b0-99db-c47a748365d1,dd102ab7-56d3-4d73-ae35-646383c140e3,874,1785907526962664709,1785907527488164709,525,true,0.515681,0.865964
460c7f6d-057c-43b0-99db-c47a748365d1,dd102ab7-56d3-4d73-ae35-646383c140e3,875,1785907527538164709,1785907527848539709,310,true,0.546121,0.513577
460c7f6d-057c-43b0-99db-c47a748365d1,dd102ab7-56d3-4d73-ae35-646383c140e3,876,1785907527883539709,1785907528459039709,575,true,0.528171,0.891708
460c7f6d-057c-43b0-99db-c47a748365d1,dd102ab7-56d3-4d73-ae35-646383c140e3,877,1785907528499165709,1785907528834418709,335,true,0.529332,0.534794
460c7f6d-057c-43b0-99db-c47a748365d1,dd102ab7-56d3-4d73-ae35-646383c140e3,878,1785907528939539709,1785907529194788709,255,true,0.528436,0.575108
460c7f6d-057c-43b0-99db-c47a748365d1,dd102ab7-56d3-4d73-ae35-646383c140e3,879,1785907529234788709,1785907529384913709,150,true,0.512174,0.85513
460c7f6d-057c-43b0-99db-c47a748365d1,dd102ab7-56d3-4d73-ae35-646383c140e3,880,1785907529430038709,1785907529845413709,415,true,0.365133,0.629447
460c7f6d-057c-43b0-99db-c47a748365d1,dd102ab7-56d3-4d73-ae35-646383c140e3,881,1785907529895423709,1785907530195663709,300,true,0.60942,0.56772
460c7f6d-057c-43b0-99db-c47a748365d1,dd102ab7-56d3-4d73-ae35-646383c140e3,882,1785907530245791709,1785907530405913709,160,true,0.502614,0.238134
460c7f6d-057c-43b0-99db-c47a748365d1,dd102ab7-56d3-4d73-ae35-646383c140e3,883,1785907530460913709,1785907530701163709,240,true,0.356139,0.655977
460c7f6d-057c-43b0-99db-c47a748365d1,dd102ab7-56d3-4d73-ae35-646383c140e3,884,1785907530736163709,1785907530921413709,185,true,0.44828,0.710964
460c7f6d-057c-43b0-99db-c47a748365d1,dd102ab7-56d3-4d73-ae35-646383c140e3,885,1785907530961413709,1785907531376800709,415,true,0.602221,0.696042
460c7f6d-057c-43b0-99db-c47a748365d1,dd102ab7-56d3-4d73-ae35-646383c140e3,886,1785907531416788709,1785907531827295709,410,true,0.343227,0.644838
460c7f6d-057c-43b0-99db-c47a748365d1,dd102ab7-56d3-4d73-ae35-646383c140e3,887,1785907531862287709,1785907532077421709,215,true,0.555975,0.701943
460c7f6d-057c-43b0-99db-c47a748365d1,dd102ab7-56d3-4d73-ae35-646383c140e3,888,1785907532132537709,1785907532347662709,215,true,0.525383,0.250207
460c7f6d-057c-43b0-99db-c47a748365d1,dd102ab7-56d3-4d73-ae35-646383c140e3,889,1785907532412787709,1785907532567912709,155,true,0.679953,0.79316
460c7f6d-057c-43b0-99db-c47a748365d1,dd102ab7-56d3-4d73-ae35-646383c140e3,890,1785907532618037709,1785907532948293709,330,true,0.352765,0.657384
460c7f6d-057c-43b0-99db-c47a748365d1,dd102ab7-56d3-4d73-ae35-646383c140e3,891,1785907533043419709,1785907533123429709,80,true,0.395944,0.712004
460c7f6d-057c-43b0-99db-c47a748365d1,dd102ab7-56d3-4d73-ae35-646383c140e3,892,1785907533183537709,1785907533994287709,810,true,0.678523,0.692917
460c7f6d-057c-43b0-99db-c47a748365d1,dd102ab7-56d3-4d73-ae35-646383c140e3,893,1785907534049287709,1785907534484667709,435,true,0.526827,0.262629
460c7f6d-057c-43b0-99db-c47a748365d1,dd102ab7-56d3-4d73-ae35-646383c140e3,894,1785907534539787709,1785907534985162709,445,true,0.551693,0.679767
460c7f6d-057c-43b0-99db-c47a748365d1,dd102ab7-56d3-4d73-ae35-646383c140e3,895,1785907535020169709,1785907535851036709,830,true,0.624563,0.561034
460c7f6d-057c-43b0-99db-c47a748365d1,dd102ab7-56d3-4d73-ae35-646383c140e3,896,1785907535966161709,1785907536151286709,185,true,0.645846,0.584372
460c7f6d-057c-43b0-99db-c47a748365d1,dd102ab7-56d3-4d73-ae35-646383c140e3,897,1785907536191286709,1785907536356544709,165,true,0.651554,0.400063
460c7f6d-057c-43b0-99db-c47a748365d1,dd102ab7-56d3-4d73-ae35-646383c140e3,898,1785907536401536709,1785907536811924709,410,true,0.553522,0.787067
460c7f6d-057c-43b0-99db-c47a748365d1,dd102ab7-56d3-4d73-ae35-646383c140e3,899,1785907536856920709,1785907537017161709,160,true,0.464512,0.478256
460c7f6d-057c-43b0-99db-c47a748365d1,dd102ab7-56d3-4d73-ae35-646383c140e3,900,1785907537047161709,1785907537367411709,320,true,0.64533,0.423717
460c7f6d-057c-43b0-99db-c47a748365d1,dd102ab7-56d3-4d73-ae35-646383c140e3,901,1785907537482536709,1785907537777786709,295,true,0.629809,0.523274
460c7f6d-057c-43b0-99db-c47a748365d1,dd102ab7-56d3-4d73-ae35-646383c140e3,902,1785907537822911709,1785907538068035709,245,true,0.426874,0.580441
460c7f6d-057c-43b0-99db-c47a748365d1,dd102ab7-56d3-4d73-ae35-646383c140e3,903,1785907538108161709,1785907538308285709,200,true,0.473601,0.461846
460c7f6d-057c-43b0-99db-c47a748365d1,dd102ab7-56d3-4d73-ae35-646383c140e3,904,1785907538348410709,1785907538443410709,95,true,0.649279,0.461166
460c7f6d-057c-43b0-99db-c47a748365d1,dd102ab7-56d3-4d73-ae35-646383c140e3,905,1785907538588535709,1785907538933910709,345,true,0.629653,0.521236
460c7f6d-057c-43b0-99db-c47a748365d1,dd102ab7-56d3-4d73-ae35-646383c140e3,906,1785907539494410709,1785907539644535709,150,true,0.549178,0.499058
460c7f6d-057c-43b0-99db-c47a748365d1,dd102ab7-56d3-4d73-ae35-646383c140e3,907,1785907539669535709,1785907540009910709,340,true,0.561341,0.40777
460c7f6d-057c-43b0-99db-c47a748365d1,dd102ab7-56d3-4d73-ae35-646383c140e3,908,1785907540049910709,1785907540240171709,190,true,0.539995,0.249185
460c7f6d-057c-43b0-99db-c47a748365d1,dd102ab7-56d3-4d73-ae35-646383c140e3,910,1785907540935785709,1785907540985785709,50,true,0.527914,0.542274
460c7f6d-057c-43b0-99db-c47a748365d1,dd102ab7-56d3-4d73-ae35-646383c140e3,912,1785907541616422709,1785907541811538709,195,true,0.522506,0.634021
460c7f6d-057c-43b0-99db-c47a748365d1,dd102ab7-56d3-4d73-ae35-646383c140e3,913,1785907541856659709,1785907542016784709,160,true,0.572915,0.843705
460c7f6d-057c-43b0-99db-c47a748365d1,dd102ab7-56d3-4d73-ae35-646383c140e3,914,1785907542056791709,1785907542442159709,385,true,0.533959,0.501413
460c7f6d-057c-43b0-99db-c47a748365d1,dd102ab7-56d3-4d73-ae35-646383c140e3,915,1785907542572284709,1785907542892659709,320,true,0.552333,0.875058
460c7f6d-057c-43b0-99db-c47a748365d1,dd102ab7-56d3-4d73-ae35-646383c140e3,916,1785907542947659709,1785907543097784709,150,true,0.520024,0.261266
460c7f6d-057c-43b0-99db-c47a748365d1,dd102ab7-56d3-4d73-ae35-646383c140e3,917,1785907543122784709,1785907543428168709,305,true,0.534968,0.189992
460c7f6d-057c-43b0-99db-c47a748365d1,dd102ab7-56d3-4d73-ae35-646383c140e3,918,1785907543483159709,1785907543783417709,300,true,0.498241,0.709307
460c7f6d-057c-43b0-99db-c47a748365d1,dd102ab7-56d3-4d73-ae35-646383c140e3,919,1785907543818534709,1785907544188784709,370,true,0.397943,0.692479
460c7f6d-057c-43b0-99db-c47a748365d1,dd102ab7-56d3-4d73-ae35-646383c140e3,920,1785907544228908709,1785907544384033709,155,true,0.550443,0.493745
460c7f6d-057c-43b0-99db-c47a748365d1,dd102ab7-56d3-4d73-ae35-646383c140e3,921,1785907544504162709,1785907544734283709,230,true,0.518074,0.663938
460c7f6d-057c-43b0-99db-c47a748365d1,dd102ab7-56d3-4d73-ae35-646383c140e3,922,1785907544769408709,1785907544979533709,210,true,0.62912,0.630273
460c7f6d-057c-43b0-99db-c47a748365d1,dd102ab7-56d3-4d73-ae35-646383c140e3,923,1785907545089658709,1785907545239783709,150,true,0.411142,0.728001
460c7f6d-057c-43b0-99db-c47a748365d1,dd102ab7-56d3-4d73-ae35-646383c140e3,924,1785907545279908709,1785907545595158709,315,true,0.600482,0.663282
460c7f6d-057c-43b0-99db-c47a748365d1,dd102ab7-56d3-4d73-ae35-646383c140e3,925,1785907545635158709,1785907545910408709,275,true,0.390866,0.557974
460c7f6d-057c-43b0-99db-c47a748365d1,dd102ab7-56d3-4d73-ae35-646383c140e3,926,1785907545940408709,1785907546661158709,720,true,0.52759,0.712003
460c7f6d-057c-43b0-99db-c47a748365d1,dd102ab7-56d3-4d73-ae35-646383c140e3,927,1785907546826283709,1785907547356782709,530,true,0.490445,0.638635
460c7f6d-057c-43b0-99db-c47a748365d1,dd102ab7-56d3-4d73-ae35-646383c140e3,928,1785907547391782709,1785907547647032709,255,true,0.414041,0.694105
460c7f6d-057c-43b0-99db-c47a748365d1,dd102ab7-56d3-4d73-ae35-646383c140e3,929,1785907547672032709,1785907548557916709,885,true,0.512912,0.722831
460c7f6d-057c-43b0-99db-c47a748365d1,dd102ab7-56d3-4d73-ae35-646383c140e3,930,1785907548713032709,1785907548898282709,185,true,0.526394,0.743576
460c7f6d-057c-43b0-99db-c47a748365d1,dd102ab7-56d3-4d73-ae35-646383c140e3,931,1785907548933282709,1785907549038407709,105,true,0.687317,0.646035
460c7f6d-057c-43b0-99db-c47a748365d1,dd102ab7-56d3-4d73-ae35-646383c140e3,932,1785907549143407709,1785907549473781709,330,true,0.517512,0.213694
460c7f6d-057c-43b0-99db-c47a748365d1,dd102ab7-56d3-4d73-ae35-646383c140e3,933,1785907549673906709,1785907549839157709,165,true,0.759889,0.439239
460c7f6d-057c-43b0-99db-c47a748365d1,dd102ab7-56d3-4d73-ae35-646383c140e3,934,1785907549879156709,1785907550049281709,170,true,0.689034,0.625211
460c7f6d-057c-43b0-99db-c47a748365d1,dd102ab7-56d3-4d73-ae35-646383c140e3,935,1785907550089420709,1785907550659906709,570,true,0.551747,0.702707
460c7f6d-057c-43b0-99db-c47a748365d1,dd102ab7-56d3-4d73-ae35-646383c140e3,936,1785907550810032709,1785907550845031709,34,true,0.545936,0.339963
460c7f6d-057c-43b0-99db-c47a748365d1,dd102ab7-56d3-4d73-ae35-646383c140e3,937,1785907550895156709,1785907551760906709,865,true,0.388244,0.662643
460c7f6d-057c-43b0-99db-c47a748365d1,dd102ab7-56d3-4d73-ae35-646383c140e3,938,1785907551805906709,1785907552536656709,730,true,0.616951,0.556802
460c7f6d-057c-43b0-99db-c47a748365d1,dd102ab7-56d3-4d73-ae35-646383c140e3,939,1785907552566655709,1785907552982030709,415,true,0.612575,0.401879
460c7f6d-057c-43b0-99db-c47a748365d1,dd102ab7-56d3-4d73-ae35-646383c140e3,940,1785907553112160709,1785907553782787709,670,true,0.642082,0.379591
460c7f6d-057c-43b0-99db-c47a748365d1,dd102ab7-56d3-4d73-ae35-646383c140e3,941,1785907553812905709,1785907554573530709,760,true,0.717762,0.374362
460c7f6d-057c-43b0-99db-c47a748365d1,dd102ab7-56d3-4d73-ae35-646383c140e3,942,1785907554603531709,1785907554828779709,225,true,0.626624,0.398557
460c7f6d-057c-43b0-99db-c47a748365d1,dd102ab7-56d3-4d73-ae35-646383c140e3,943,1785907554848780709,1785907554953905709,105,true,0.689739,0.368485
460c7f6d-057c-43b0-99db-c47a748365d1,dd102ab7-56d3-4d73-ae35-646383c140e3,944,1785907555064029709,1785907555389279709,325,true,0.633372,0.410083
460c7f6d-057c-43b0-99db-c47a748365d1,dd102ab7-56d3-4d73-ae35-646383c140e3,945,1785907555499404709,1785907555924783709,425,true,0.618189,0.414384
460c7f6d-057c-43b0-99db-c47a748365d1,dd102ab7-56d3-4d73-ae35-646383c140e3,946,1785907555969904709,1785907556210154709,240,true,0.417354,0.514805
460c7f6d-057c-43b0-99db-c47a748365d1,dd102ab7-56d3-4d73-ae35-646383c140e3,947,1785907556245154709,1785907556565404709,320,true,0.477479,0.370438
460c7f6d-057c-43b0-99db-c47a748365d1,dd102ab7-56d3-4d73-ae35-646383c140e3,948,1785907556600411709,1785907556860654709,260,true,0.536809,0.231574
460c7f6d-057c-43b0-99db-c47a748365d1,dd102ab7-56d3-4d73-ae35-646383c140e3,949,1785907556945779709,1785907557080904709,135,true,0.499218,0.590411
460c7f6d-057c-43b0-99db-c47a748365d1,dd102ab7-56d3-4d73-ae35-646383c140e3,950,1785907557166029709,1785907557346154709,180,true,0.561554,0.3159
460c7f6d-057c-43b0-99db-c47a748365d1,dd102ab7-56d3-4d73-ae35-646383c140e3,951,1785907557386154709,1785907557531278709,145,true,0.5616,0.479382
460c7f6d-057c-43b0-99db-c47a748365d1,dd102ab7-56d3-4d73-ae35-646383c140e3,952,1785907557576404709,1785907557811534709,235,true,0.402986,0.656755
460c7f6d-057c-43b0-99db-c47a748365d1,dd102ab7-56d3-4d73-ae35-646383c140e3,953,1785907557866653709,1785907558242028709,375,true,0.67533,0.748456
460c7f6d-057c-43b0-99db-c47a748365d1,dd102ab7-56d3-4d73-ae35-646383c140e3,954,1785907558292028709,1785907558702403709,410,true,0.382843,0.697605
460c7f6d-057c-43b0-99db-c47a748365d1,dd102ab7-56d3-4d73-ae35-646383c140e3,955,1785907558742528709,1785907559212903709,470,true,0.647732,0.697299
460c7f6d-057c-43b0-99db-c47a748365d1,dd102ab7-56d3-4d73-ae35-646383c140e3,956,1785907559242904709,1785907559953661709,710,true,0.544852,0.736323
460c7f6d-057c-43b0-99db-c47a748365d1,dd102ab7-56d3-4d73-ae35-646383c140e3,957,1785907559988653709,1785907560273903709,285,true,0.400815,0.70603
460c7f6d-057c-43b0-99db-c47a748365d1,dd102ab7-56d3-4d73-ae35-646383c140e3,958,1785907560308903709,1785907560479152709,170,true,0.536612,0.884272
460c7f6d-057c-43b0-99db-c47a748365d1,dd102ab7-56d3-4d73-ae35-646383c140e3,959,1785907560524152709,1785907560669277709,145,true,0.5295,0.530633
460c7f6d-057c-43b0-99db-c47a748365d1,dd102ab7-56d3-4d73-ae35-646383c140e3,960,1785907560714277709,1785907560919527709,205,true,0.550173,0.24525
460c7f6d-057c-43b0-99db-c47a748365d1,dd102ab7-56d3-4d73-ae35-646383c140e3,961,1785907561019652709,1785907561174777709,155,true,0.571913,0.536934
460c7f6d-057c-43b0-99db-c47a748365d1,dd102ab7-56d3-4d73-ae35-646383c140e3,962,1785907561204777709,1785907561420027709,215,true,0.646162,0.511865
460c7f6d-057c-43b0-99db-c47a748365d1,dd102ab7-56d3-4d73-ae35-646383c140e3,963,1785907561455027709,1785907561745277709,290,true,0.519274,0.704366
460c7f6d-057c-43b0-99db-c47a748365d1,dd102ab7-56d3-4d73-ae35-646383c140e3,964,1785907561770290709,1785907562220777709,450,true,0.562192,0.809064
460c7f6d-057c-43b0-99db-c47a748365d1,dd102ab7-56d3-4d73-ae35-646383c140e3,965,1785907562245777709,1785907563216651709,970,true,0.545274,0.823824
460c7f6d-057c-43b0-99db-c47a748365d1,dd102ab7-56d3-4d73-ae35-646383c140e3,966,1785907563246651709,1785907563526901709,280,true,0.634041,0.740435
460c7f6d-057c-43b0-99db-c47a748365d1,dd102ab7-56d3-4d73-ae35-646383c140e3,967,1785907563557026709,1785907563972401709,415,true,0.547819,0.76379
460c7f6d-057c-43b0-99db-c47a748365d1,dd102ab7-56d3-4d73-ae35-646383c140e3,968,1785907564007401709,1785907564242651709,235,true,0.631335,0.527815
460c7f6d-057c-43b0-99db-c47a748365d1,dd102ab7-56d3-4d73-ae35-646383c140e3,969,1785907564282651709,1785907564628026709,345,true,0.584966,0.807769
460c7f6d-057c-43b0-99db-c47a748365d1,dd102ab7-56d3-4d73-ae35-646383c140e3,970,1785907564708026709,1785907564948280709,240,true,0.733288,0.618146
460c7f6d-057c-43b0-99db-c47a748365d1,dd102ab7-56d3-4d73-ae35-646383c140e3,971,1785907564988276709,1785907565068401709,80,true,0.873371,0.51905
460c7f6d-057c-43b0-99db-c47a748365d1,dd102ab7-56d3-4d73-ae35-646383c140e3,972,1785907565203525709,1785907565378650709,175,true,0.462809,0.458242
460c7f6d-057c-43b0-99db-c47a748365d1,dd102ab7-56d3-4d73-ae35-646383c140e3,973,1785907565418776709,1785907565729025709,310,true,0.569514,0.374915
460c7f6d-057c-43b0-99db-c47a748365d1,dd102ab7-56d3-4d73-ae35-646383c140e3,974,1785907565759025709,1785907566369650709,610,true,0.525847,0.258553
460c7f6d-057c-43b0-99db-c47a748365d1,dd102ab7-56d3-4d73-ae35-646383c140e3,975,1785907566419650709,1785907566694907709,275,true,0.510204,0.672071
460c7f6d-057c-43b0-99db-c47a748365d1,dd102ab7-56d3-4d73-ae35-646383c140e3,976,1785907566785025709,1785907567205400709,420,true,0.557805,0.533752
460c7f6d-057c-43b0-99db-c47a748365d1,dd102ab7-56d3-4d73-ae35-646383c140e3,977,1785907567255400709,1785907567520650709,265,true,0.3955,0.727825
460c7f6d-057c-43b0-99db-c47a748365d1,dd102ab7-56d3-4d73-ae35-646383c140e3,978,1785907567565775709,1785907568111279709,545,true,0.550215,0.533636
460c7f6d-057c-43b0-99db-c47a748365d1,dd102ab7-56d3-4d73-ae35-646383c140e3,979,1785907568151275709,1785907568451527709,300,true,0.390633,0.685085
460c7f6d-057c-43b0-99db-c47a748365d1,dd102ab7-56d3-4d73-ae35-646383c140e3,980,1785907568481649709,1785907568841909709,360,true,0.525943,0.702765
460c7f6d-057c-43b0-99db-c47a748365d1,dd102ab7-56d3-4d73-ae35-646383c140e3,981,1785907568937024709,1785907569132149709,195,true,0.559339,0.5588
460c7f6d-057c-43b0-99db-c47a748365d1,dd102ab7-56d3-4d73-ae35-646383c140e3,982,1785907569172276709,1785907569552660709,380,true,0.550577,0.890476
460c7f6d-057c-43b0-99db-c47a748365d1,dd102ab7-56d3-4d73-ae35-646383c140e3,983,1785907569592649709,1785907569932903709,340,true,0.530787,0.507667
460c7f6d-057c-43b0-99db-c47a748365d1,dd102ab7-56d3-4d73-ae35-646383c140e3,984,1785907569978024709,1785907570403398709,425,true,0.388778,0.700431
460c7f6d-057c-43b0-99db-c47a748365d1,dd102ab7-56d3-4d73-ae35-646383c140e3,985,1785907570438398709,1785907570703648709,265,true,0.502911,0.71868
460c7f6d-057c-43b0-99db-c47a748365d1,dd102ab7-56d3-4d73-ae35-646383c140e3,986,1785907570743773709,1785907571074023709,330,true,0.538323,0.890489
460c7f6d-057c-43b0-99db-c47a748365d1,dd102ab7-56d3-4d73-ae35-646383c140e3,987,1785907571114023709,1785907571339273709,225,true,0.521047,0.532881
460c7f6d-057c-43b0-99db-c47a748365d1,dd102ab7-56d3-4d73-ae35-646383c140e3,988,1785907571474398709,1785907571704653709,230,true,0.414979,0.713689
460c7f6d-057c-43b0-99db-c47a748365d1,dd102ab7-56d3-4d73-ae35-646383c140e3,989,1785907571749648709,1785907571904773709,155,true,0.651758,0.581034
460c7f6d-057c-43b0-99db-c47a748365d1,dd102ab7-56d3-4d73-ae35-646383c140e3,990,1785907571924773709,1785907572090023709,165,true,0.67179,0.678404
460c7f6d-057c-43b0-99db-c47a748365d1,dd102ab7-56d3-4d73-ae35-646383c140e3,991,1785907572130023709,1785907572425273709,295,true,0.394599,0.73422
460c7f6d-057c-43b0-99db-c47a748365d1,dd102ab7-56d3-4d73-ae35-646383c140e3,992,1785907572470398709,1785907572915772709,445,true,0.676186,0.725543
460c7f6d-057c-43b0-99db-c47a748365d1,dd102ab7-56d3-4d73-ae35-646383c140e3,993,1785907572955773709,1785907573381147709,425,true,0.381126,0.735616
460c7f6d-057c-43b0-99db-c47a748365d1,dd102ab7-56d3-4d73-ae35-646383c140e3,994,1785907573416272709,1785907574357147709,940,true,0.520324,0.702446
460c7f6d-057c-43b0-99db-c47a748365d1,dd102ab7-56d3-4d73-ae35-646383c140e3,995,1785907574392147709,1785907574572283709,180,true,0.53797,0.918236
460c7f6d-057c-43b0-99db-c47a748365d1,dd102ab7-56d3-4d73-ae35-646383c140e3,996,1785907574612397709,1785907574792522709,180,true,0.533447,0.547104
460c7f6d-057c-43b0-99db-c47a748365d1,dd102ab7-56d3-4d73-ae35-646383c140e3,997,1785907574832522709,1785907575002657709,170,true,0.398414,0.688829
460c7f6d-057c-43b0-99db-c47a748365d1,dd102ab7-56d3-4d73-ae35-646383c140e3,998,1785907575037772709,1785907575252908709,215,true,0.626895,0.711858
460c7f6d-057c-43b0-99db-c47a748365d1,dd102ab7-56d3-4d73-ae35-646383c140e3,999,1785907575293022709,1785907575488147709,195,true,0.552618,0.908986
460c7f6d-057c-43b0-99db-c47a748365d1,dd102ab7-56d3-4d73-ae35-646383c140e3,1000,1785907575528160709,1785907575928521709,400,true,0.553194,0.545129
460c7f6d-057c-43b0-99db-c47a748365d1,dd102ab7-56d3-4d73-ae35-646383c140e3,1001,1785907575968646709,1785907576328896709,360,true,0.651527,0.541455
460c7f6d-057c-43b0-99db-c47a748365d1,dd102ab7-56d3-4d73-ae35-646383c140e3,1002,1785907576409021709,1785907577304896709,895,true,0.679009,0.392274
460c7f6d-057c-43b0-99db-c47a748365d1,dd102ab7-56d3-4d73-ae35-646383c140e3,1003,1785907577359904709,1785907577620146709,260,true,0.477984,0.470627
460c7f6d-057c-43b0-99db-c47a748365d1,dd102ab7-56d3-4d73-ae35-646383c140e3,1004,1785907577660146709,1785907577815396709,155,true,0.665625,0.467439
460c7f6d-057c-43b0-99db-c47a748365d1,dd102ab7-56d3-4d73-ae35-646383c140e3,1005,1785907577840396709,1785907578310770709,470,true,0.670144,0.42733
460c7f6d-057c-43b0-99db-c47a748365d1,dd102ab7-56d3-4d73-ae35-646383c140e3,1006,1785907578375895709,1785907578611145709,235,true,0.765777,0.37648
460c7f6d-057c-43b0-99db-c47a748365d1,dd102ab7-56d3-4d73-ae35-646383c140e3,1007,1785907578666145709,1785907578841270709,175,true,0.487278,0.678834
460c7f6d-057c-43b0-99db-c47a748365d1,dd102ab7-56d3-4d73-ae35-646383c140e3,1008,1785907578936395709,1785907579396770709,460,true,0.518712,0.790684
460c7f6d-057c-43b0-99db-c47a748365d1,dd102ab7-56d3-4d73-ae35-646383c140e3,1009,1785907579446903709,1785907579717145709,270,true,0.601129,0.556623
460c7f6d-057c-43b0-99db-c47a748365d1,dd102ab7-56d3-4d73-ae35-646383c140e3,1010,1785907579747145709,1785907580037395709,290,true,0.519208,0.608235
460c7f6d-057c-43b0-99db-c47a748365d1,dd102ab7-56d3-4d73-ae35-646383c140e3,1011,1785907580127520709,1785907580262645709,135,true,0.570405,0.344622
460c7f6d-057c-43b0-99db-c47a748365d1,dd102ab7-56d3-4d73-ae35-646383c140e3,1012,1785907580287645709,1785907580738144709,450,true,0.548193,0.224474
460c7f6d-057c-43b0-99db-c47a748365d1,dd102ab7-56d3-4d73-ae35-646383c140e3,1013,1785907580793144709,1785907581028401709,235,true,0.527391,0.667009
460c7f6d-057c-43b0-99db-c47a748365d1,dd102ab7-56d3-4d73-ae35-646383c140e3,1014,1785907581153519709,1785907581403769709,250,true,0.586886,0.519079
460c7f6d-057c-43b0-99db-c47a748365d1,dd102ab7-56d3-4d73-ae35-646383c140e3,1015,1785907581819144709,1785907581864144709,45,true,0.562046,0.515344
460c7f6d-057c-43b0-99db-c47a748365d1,dd102ab7-56d3-4d73-ae35-646383c140e3,1016,1785907581914144709,1785907582079394709,165,true,0.425524,0.622946
460c7f6d-057c-43b0-99db-c47a748365d1,dd102ab7-56d3-4d73-ae35-646383c140e3,1017,1785907582114394709,1785907582259519709,145,true,0.54444,0.689345
460c7f6d-057c-43b0-99db-c47a748365d1,dd102ab7-56d3-4d73-ae35-646383c140e3,1018,1785907582294519709,1785907582544769709,250,true,0.560007,0.863103
460c7f6d-057c-43b0-99db-c47a748365d1,dd102ab7-56d3-4d73-ae35-646383c140e3,1019,1785907582584769709,1785907582740019709,155,true,0.553652,0.532712
460c7f6d-057c-43b0-99db-c47a748365d1,dd102ab7-56d3-4d73-ae35-646383c140e3,1020,1785907582780019709,1785907583220393709,440,true,0.395594,0.73008
460c7f6d-057c-43b0-99db-c47a748365d1,dd102ab7-56d3-4d73-ae35-646383c140e3,1021,1785907583250394709,1785907583405645709,155,true,0.449566,0.703209
460c7f6d-057c-43b0-99db-c47a748365d1,dd102ab7-56d3-4d73-ae35-646383c140e3,1022,1785907583590768709,1785907584111268709,520,true,0.52601,0.491885
460c7f6d-057c-43b0-99db-c47a748365d1,dd102ab7-56d3-4d73-ae35-646383c140e3,1023,1785907584246393709,1785907584521643709,275,true,0.403926,0.698484
460c7f6d-057c-43b0-99db-c47a748365d1,dd102ab7-56d3-4d73-ae35-646383c140e3,1024,1785907584561643709,1785907584867018709,305,true,0.544863,0.4964
460c7f6d-057c-43b0-99db-c47a748365d1,dd102ab7-56d3-4d73-ae35-646383c140e3,1025,1785907584892018709,1785907585107143709,215,true,0.557675,0.62547
460c7f6d-057c-43b0-99db-c47a748365d1,dd102ab7-56d3-4d73-ae35-646383c140e3,1026,1785907585147267709,1785907585332404709,185,true,0.390823,0.663041
460c7f6d-057c-43b0-99db-c47a748365d1,dd102ab7-56d3-4d73-ae35-646383c140e3,1027,1785907585372392709,1785907585637642709,265,true,0.534918,0.51644
460c7f6d-057c-43b0-99db-c47a748365d1,dd102ab7-56d3-4d73-ae35-646383c140e3,1028,1785907585667767709,1785907586103147709,435,true,0.541252,0.678713
460c7f6d-057c-43b0-99db-c47a748365d1,dd102ab7-56d3-4d73-ae35-646383c140e3,1029,1785907586138142709,1785907586393392709,255,true,0.665464,0.662527
460c7f6d-057c-43b0-99db-c47a748365d1,dd102ab7-56d3-4d73-ae35-646383c140e3,1030,1785907586428405709,1785907586518517709,90,true,0.562564,0.700926
460c7f6d-057c-43b0-99db-c47a748365d1,dd102ab7-56d3-4d73-ae35-646383c140e3,1031,1785907586658642709,1785907586993892709,335,true,0.561831,0.463662
460c7f6d-057c-43b0-99db-c47a748365d1,dd102ab7-56d3-4d73-ae35-646383c140e3,1032,1785907587034017709,1785907587394267709,360,true,0.575925,0.639278
460c7f6d-057c-43b0-99db-c47a748365d1,dd102ab7-56d3-4d73-ae35-646383c140e3,1033,1785907587434401709,1785907587874766709,440,true,0.694664,0.73138
460c7f6d-057c-43b0-99db-c47a748365d1,dd102ab7-56d3-4d73-ae35-646383c140e3,1034,1785907587964891709,1785907588780641709,815,true,0.55251,0.498275
460c7f6d-057c-43b0-99db-c47a748365d1,dd102ab7-56d3-4d73-ae35-646383c140e3,1035,1785907588825641709,1785907589000892709,175,true,0.614566,0.688913
460c7f6d-057c-43b0-99db-c47a748365d1,dd102ab7-56d3-4d73-ae35-646383c140e3,1036,1785907589025891709,1785907589171016709,145,true,0.679975,0.733031
460c7f6d-057c-43b0-99db-c47a748365d1,dd102ab7-56d3-4d73-ae35-646383c140e3,1037,1785907589211023709,1785907589511266709,300,true,0.545988,0.504599
460c7f6d-057c-43b0-99db-c47a748365d1,dd102ab7-56d3-4d73-ae35-646383c140e3,1038,1785907589561391709,1785907589716521709,155,true,0.568115,0.294551
460c7f6d-057c-43b0-99db-c47a748365d1,dd102ab7-56d3-4d73-ae35-646383c140e3,1039,1785907589751516709,1785907590292022709,540,true,0.637723,0.488302
460c7f6d-057c-43b0-99db-c47a748365d1,dd102ab7-56d3-4d73-ae35-646383c140e3,1040,1785907590322019709,1785907590657392709,335,true,0.668808,0.399957
460c7f6d-057c-43b0-99db-c47a748365d1,dd102ab7-56d3-4d73-ae35-646383c140e3,1041,1785907590692393709,1785907591177890709,485,true,0.711196,0.362043
460c7f6d-057c-43b0-99db-c47a748365d1,dd102ab7-56d3-4d73-ae35-646383c140e3,1042,1785907591288019709,1785907591488140709,200,true,0.651435,0.407614
460c7f6d-057c-43b0-99db-c47a748365d1,dd102ab7-56d3-4d73-ae35-646383c140e3,1043,1785907591528140709,1785907591783390709,255,true,0.47305,0.430041
460c7f6d-057c-43b0-99db-c47a748365d1,dd102ab7-56d3-4d73-ae35-646383c140e3,1044,1785907591818515709,1785907591973653709,155,true,0.453692,0.645285
460c7f6d-057c-43b0-99db-c47a748365d1,dd102ab7-56d3-4d73-ae35-646383c140e3,1045,1785907592018640709,1785907592258890709,240,true,0.65305,0.529796
460c7f6d-057c-43b0-99db-c47a748365d1,dd102ab7-56d3-4d73-ae35-646383c140e3,1046,1785907592293890709,1785907592784389709,490,true,0.689438,0.385096
460c7f6d-057c-43b0-99db-c47a748365d1,dd102ab7-56d3-4d73-ae35-646383c140e3,1047,1785907592809389709,1785907593124639709,315,true,0.744403,0.350942
460c7f6d-057c-43b0-99db-c47a748365d1,dd102ab7-56d3-4d73-ae35-646383c140e3,1048,1785907593159764709,1785907593405014709,245,true,0.664936,0.411919
460c7f6d-057c-43b0-99db-c47a748365d1,dd102ab7-56d3-4d73-ae35-646383c140e3,1049,1785907593460014709,1785907593595141709,135,true,0.473249,0.55993
460c7f6d-057c-43b0-99db-c47a748365d1,dd102ab7-56d3-4d73-ae35-646383c140e3,1050,1785907593635139709,1785907593925389709,290,true,0.557917,0.391357
460c7f6d-057c-43b0-99db-c47a748365d1,dd102ab7-56d3-4d73-ae35-646383c140e3,1051,1785907593975514709,1785907594065639709,90,true,0.494549,0.285927
460c7f6d-057c-43b0-99db-c47a748365d1,dd102ab7-56d3-4d73-ae35-646383c140e3,1052,1785907594160639709,1785907594471014709,310,true,0.54573,0.222419
460c7f6d-057c-43b0-99db-c47a748365d1,dd102ab7-56d3-4d73-ae35-646383c140e3,1053,1785907594546014709,1785907594676138709,130,true,0.525034,0.542106
460c7f6d-057c-43b0-99db-c47a748365d1,dd102ab7-56d3-4d73-ae35-646383c140e3,1054,1785907594791276709,1785907596022388709,1231,true,0.560771,0.514826
460c7f6d-057c-43b0-99db-c47a748365d1,dd102ab7-56d3-4d73-ae35-646383c140e3,1055,1785907596107513709,1785907596262638709,155,true,0.648281,0.691528
460c7f6d-057c-43b0-99db-c47a748365d1,dd102ab7-56d3-4d73-ae35-646383c140e3,1056,1785907596412763709,1785907596592888709,180,true,0.561918,0.915526
460c7f6d-057c-43b0-99db-c47a748365d1,dd102ab7-56d3-4d73-ae35-646383c140e3,1057,1785907597078388709,1785907597538894709,460,true,0.687923,0.666754
460c7f6d-057c-43b0-99db-c47a748365d1,dd102ab7-56d3-4d73-ae35-646383c140e3,1058,1785907597588887709,1785907597929262709,340,true,0.383869,0.643122
460c7f6d-057c-43b0-99db-c47a748365d1,dd102ab7-56d3-4d73-ae35-646383c140e3,1059,1785907597964262709,1785907598454637709,490,true,0.53079,0.686437
460c7f6d-057c-43b0-99db-c47a748365d1,dd102ab7-56d3-4d73-ae35-646383c140e3,1060,1785907598484762709,1785907598724892709,240,true,0.656543,0.691901
460c7f6d-057c-43b0-99db-c47a748365d1,dd102ab7-56d3-4d73-ae35-646383c140e3,1061,1785907598770012709,1785907598965137709,195,true,0.537938,0.676434
460c7f6d-057c-43b0-99db-c47a748365d1,dd102ab7-56d3-4d73-ae35-646383c140e3,1062,1785907599050262709,1785907599365512709,315,true,0.382239,0.620815
460c7f6d-057c-43b0-99db-c47a748365d1,dd102ab7-56d3-4d73-ae35-646383c140e3,1063,1785907599415636709,1785907599660886709,245,true,0.663152,0.693897
460c7f6d-057c-43b0-99db-c47a748365d1,dd102ab7-56d3-4d73-ae35-646383c140e3,1064,1785907599705886709,1785907599921011709,215,true,0.387673,0.667596
460c7f6d-057c-43b0-99db-c47a748365d1,dd102ab7-56d3-4d73-ae35-646383c140e3,1065,1785907600041136709,1785907600606772709,565,true,0.367552,0.654963
460c7f6d-057c-43b0-99db-c47a748365d1,dd102ab7-56d3-4d73-ae35-646383c140e3,1066,1785907600651761709,1785907601182261709,530,true,0.65148,0.465898
460c7f6d-057c-43b0-99db-c47a748365d1,dd102ab7-56d3-4d73-ae35-646383c140e3,1067,1785907601217261709,1785907601322386709,105,true,0.677799,0.375794
460c7f6d-057c-43b0-99db-c47a748365d1,dd102ab7-56d3-4d73-ae35-646383c140e3,1068,1785907601472511709,1785907602083135709,610,true,0.647739,0.388608
460c7f6d-057c-43b0-99db-c47a748365d1,dd102ab7-56d3-4d73-ae35-646383c140e3,1069,1785907602118135709,1785907602453385709,335,true,0.640032,0.519604
460c7f6d-057c-43b0-99db-c47a748365d1,dd102ab7-56d3-4d73-ae35-646383c140e3,1070,1785907602488517709,1785907602683635709,195,true,0.502067,0.768225
460c7f6d-057c-43b0-99db-c47a748365d1,dd102ab7-56d3-4d73-ae35-646383c140e3,1071,1785907602713635709,1785907603089010709,375,true,0.564068,0.818752
460c7f6d-057c-43b0-99db-c47a748365d1,dd102ab7-56d3-4d73-ae35-646383c140e3,1072,1785907603129143709,1785907603384260709,255,true,0.478166,0.604845
460c7f6d-057c-43b0-99db-c47a748365d1,dd102ab7-56d3-4d73-ae35-646383c140e3,1073,1785907603419385709,1785907603609510709,190,true,0.64661,0.485113
460c7f6d-057c-43b0-99db-c47a748365d1,dd102ab7-56d3-4d73-ae35-646383c140e3,1074,1785907603689635709,1785907603944884709,255,true,0.664931,0.46635
460c7f6d-057c-43b0-99db-c47a748365d1,dd102ab7-56d3-4d73-ae35-646383c140e3,1075,1785907603984885709,1785907604360260709,375,true,0.457284,0.423948
460c7f6d-057c-43b0-99db-c47a748365d1,dd102ab7-56d3-4d73-ae35-646383c140e3,1076,1785907604525384709,1785907604635509709,110,true,0.335773,0.58358
460c7f6d-057c-43b0-99db-c47a748365d1,dd102ab7-56d3-4d73-ae35-646383c140e3,1077,1785907604810634709,1785907604915759709,105,true,0.426624,0.478224
460c7f6d-057c-43b0-99db-c47a748365d1,dd102ab7-56d3-4d73-ae35-646383c140e3,1078,1785907605015884709,1785907605221009709,205,true,0.632249,0.337611
460c7f6d-057c-43b0-99db-c47a748365d1,dd102ab7-56d3-4d73-ae35-646383c140e3,1079,1785907605261134709,1785907605476273709,215,true,0.513589,0.330148
460c7f6d-057c-43b0-99db-c47a748365d1,dd102ab7-56d3-4d73-ae35-646383c140e3,1082,1785907606126883709,1785907606337133709,210,true,0.524018,0.178227
460c7f6d-057c-43b0-99db-c47a748365d1,dd102ab7-56d3-4d73-ae35-646383c140e3,1084,1785907607152883709,1785907607663388709,510,true,0.519654,0.550154
460c7f6d-057c-43b0-99db-c47a748365d1,dd102ab7-56d3-4d73-ae35-646383c140e3,1085,1785907607803509709,1785907608163758709,360,true,0.551816,0.894527
460c7f6d-057c-43b0-99db-c47a748365d1,dd102ab7-56d3-4d73-ae35-646383c140e3,1086,1785907608213883709,1785907608589257709,375,true,0.534729,0.493754
460c7f6d-057c-43b0-99db-c47a748365d1,dd102ab7-56d3-4d73-ae35-646383c140e3,1087,1785907608639257709,1785907608799382709,160,true,0.581703,0.941549
460c7f6d-057c-43b0-99db-c47a748365d1,dd102ab7-56d3-4d73-ae35-646383c140e3,1088,1785907608844382709,1785907609064632709,220,true,0.389803,0.669792
460c7f6d-057c-43b0-99db-c47a748365d1,dd102ab7-56d3-4d73-ae35-646383c140e3,1089,1785907609109632709,1785907609620145709,510,true,0.64289,0.728621
460c7f6d-057c-43b0-99db-c47a748365d1,dd102ab7-56d3-4d73-ae35-646383c140e3,1090,1785907609665257709,1785907609870388709,205,true,0.395911,0.679717
460c7f6d-057c-43b0-99db-c47a748365d1,dd102ab7-56d3-4d73-ae35-646383c140e3,1091,1785907609925507709,1785907610245757709,320,true,0.561856,0.90597
460c7f6d-057c-43b0-99db-c47a748365d1,dd102ab7-56d3-4d73-ae35-646383c140e3,1092,1785907610285761709,1785907610435882709,150,true,0.648566,0.690658
460c7f6d-057c-43b0-99db-c47a748365d1,dd102ab7-56d3-4d73-ae35-646383c140e3,1093,1785907610561007709,1785907610696131709,135,true,0.658634,0.635113
460c7f6d-057c-43b0-99db-c47a748365d1,dd102ab7-56d3-4d73-ae35-646383c140e3,1094,1785907610731256709,1785907610956381709,225,true,0.565658,0.511032
460c7f6d-057c-43b0-99db-c47a748365d1,dd102ab7-56d3-4d73-ae35-646383c140e3,1095,1785907611006506709,1785907611411881709,405,true,0.531449,0.930677
460c7f6d-057c-43b0-99db-c47a748365d1,dd102ab7-56d3-4d73-ae35-646383c140e3,1096,1785907611461881709,1785907611642006709,180,true,0.542761,0.492646
460c7f6d-057c-43b0-99db-c47a748365d1,dd102ab7-56d3-4d73-ae35-646383c140e3,1097,1785907611687131709,1785907611972390709,285,true,0.674704,0.703773
460c7f6d-057c-43b0-99db-c47a748365d1,dd102ab7-56d3-4d73-ae35-646383c140e3,1098,1785907612017381709,1785907612297631709,280,true,0.393445,0.696938
460c7f6d-057c-43b0-99db-c47a748365d1,dd102ab7-56d3-4d73-ae35-646383c140e3,1099,1785907612332761709,1785907612688006709,355,true,0.629502,0.726799
460c7f6d-057c-43b0-99db-c47a748365d1,dd102ab7-56d3-4d73-ae35-646383c140e3,1100,1785907612733131709,1785907613108380709,375,true,0.38297,0.676123
460c7f6d-057c-43b0-99db-c47a748365d1,dd102ab7-56d3-4d73-ae35-646383c140e3,1101,1785907613153505709,1785907613739005709,585,true,0.675332,0.746115
460c7f6d-057c-43b0-99db-c47a748365d1,dd102ab7-56d3-4d73-ae35-646383c140e3,1102,1785907613789130709,1785907613934255709,145,true,0.468455,0.624815
460c7f6d-057c-43b0-99db-c47a748365d1,dd102ab7-56d3-4d73-ae35-646383c140e3,1103,1785907613969255709,1785907614129380709,160,true,0.398567,0.671566
460c7f6d-057c-43b0-99db-c47a748365d1,dd102ab7-56d3-4d73-ae35-646383c140e3,1104,1785907614239505709,1785907614574767709,335,true,0.582611,0.193087
460c7f6d-057c-43b0-99db-c47a748365d1,dd102ab7-56d3-4d73-ae35-646383c140e3,1105,1785907614624880709,1785907614770005709,145,true,0.602524,0.694289
460c7f6d-057c-43b0-99db-c47a748365d1,dd102ab7-56d3-4d73-ae35-646383c140e3,1106,1785907614805005709,1785907615235379709,430,true,0.624813,0.52558
460c7f6d-057c-43b0-99db-c47a748365d1,dd102ab7-56d3-4d73-ae35-646383c140e3,1107,1785907615340504709,1785907616051129709,710,true,0.570958,0.755545
460c7f6d-057c-43b0-99db-c47a748365d1,dd102ab7-56d3-4d73-ae35-646383c140e3,1108,1785907616091254709,1785907616261379709,170,true,0.599152,0.470621
460c7f6d-057c-43b0-99db-c47a748365d1,dd102ab7-56d3-4d73-ae35-646383c140e3,1109,1785907616296379709,1785907616486629709,190,true,0.484767,0.375809
460c7f6d-057c-43b0-99db-c47a748365d1,dd102ab7-56d3-4d73-ae35-646383c140e3,1110,1785907616616754709,1785907616836883709,220,true,0.675835,0.423419
460c7f6d-057c-43b0-99db-c47a748365d1,dd102ab7-56d3-4d73-ae35-646383c140e3,1111,1785907616877004709,1785907617137254709,260,true,0.497792,0.423752
460c7f6d-057c-43b0-99db-c47a748365d1,dd102ab7-56d3-4d73-ae35-646383c140e3,1112,1785907617172254709,1785907618198253709,1025,true,0.628502,0.558171
460c7f6d-057c-43b0-99db-c47a748365d1,dd102ab7-56d3-4d73-ae35-646383c140e3,1113,1785907618278260709,1785907618353378709,75,true,0.516288,0.526562
460c7f6d-057c-43b0-99db-c47a748365d1,dd102ab7-56d3-4d73-ae35-646383c140e3,1114,1785907618383378709,1785907619464378709,1081,true,0.530139,0.303126
460c7f6d-057c-43b0-99db-c47a748365d1,dd102ab7-56d3-4d73-ae35-646383c140e3,1115,1785907619629503709,1785907619799763709,170,true,0.515432,0.364266
460c7f6d-057c-43b0-99db-c47a748365d1,dd102ab7-56d3-4d73-ae35-646383c140e3,1116,1785907619854752709,1785907620065002709,210,true,0.576556,0.710159
460c7f6d-057c-43b0-99db-c47a748365d1,dd102ab7-56d3-4d73-ae35-646383c140e3,1118,1785907620470377709,1785907620735627709,265,true,0.518414,0.561601
460c7f6d-057c-43b0-99db-c47a748365d1,dd102ab7-56d3-4d73-ae35-646383c140e3,1119,1785907620780627709,1785907621095877709,315,true,0.562639,0.910065
460c7f6d-057c-43b0-99db-c47a748365d1,dd102ab7-56d3-4d73-ae35-646383c140e3,1120,1785907621191002709,1785907621311127709,120,false,0.678013,1.796352
460c7f6d-057c-43b0-99db-c47a748365d1,dd102ab7-56d3-4d73-ae35-646383c140e3,1121,1785907621381127709,1785907621401252709,20,true,0.522862,0.66252
460c7f6d-057c-43b0-99db-c47a748365d1,dd102ab7-56d3-4d73-ae35-646383c140e3,1122,1785907621956751709,1785907621996751709,40,true,0.549373,0.471971
460c7f6d-057c-43b0-99db-c47a748365d1,dd102ab7-56d3-4d73-ae35-646383c140e3,1123,1785907622096876709,1785907622217001709,120,true,0.5506,0.801829
460c7f6d-057c-43b0-99db-c47a748365d1,dd102ab7-56d3-4d73-ae35-646383c140e3,1124,1785907622282001709,1785907622347126709,65,true,0.577652,0.885217
460c7f6d-057c-43b0-99db-c47a748365d1,dd102ab7-56d3-4d73-ae35-646383c140e3,1127,1785907622857626709,1785907623753376709,895,true,0.642868,0.61606
460c7f6d-057c-43b0-99db-c47a748365d1,dd102ab7-56d3-4d73-ae35-646383c140e3,1128,1785907623768376709,1785907624669250709,900,true,0.682985,0.610159
460c7f6d-057c-43b0-99db-c47a748365d1,dd102ab7-56d3-4d73-ae35-646383c140e3,1129,1785907624699256709,1785907624889508709,190,true,0.623239,0.530229
460c7f6d-057c-43b0-99db-c47a748365d1,dd102ab7-56d3-4d73-ae35-646383c140e3,1130,1785907625049625709,1785907625455010709,405,true,0.55238,0.748122
460c7f6d-057c-43b0-99db-c47a748365d1,dd102ab7-56d3-4d73-ae35-646383c140e3,1131,1785907625495007709,1785907625750250709,255,true,0.63903,0.499218
460c7f6d-057c-43b0-99db-c47a748365d1,dd102ab7-56d3-4d73-ae35-646383c140e3,1132,1785907625825375709,1785907626185750709,360,true,0.631249,0.416787
460c7f6d-057c-43b0-99db-c47a748365d1,dd102ab7-56d3-4d73-ae35-646383c140e3,1133,1785907626220754709,1785907626395884709,175,true,0.508341,0.403958
460c7f6d-057c-43b0-99db-c47a748365d1,dd102ab7-56d3-4d73-ae35-646383c140e3,1134,1785907626430874709,1785907626676124709,245,true,0.619213,0.363307
460c7f6d-057c-43b0-99db-c47a748365d1,dd102ab7-56d3-4d73-ae35-646383c140e3,1135,1785907626711124709,1785907626906376709,195,true,0.720044,0.417696
460c7f6d-057c-43b0-99db-c47a748365d1,dd102ab7-56d3-4d73-ae35-646383c140e3,1136,1785907626961374709,1785907627161624709,200,true,0.526166,0.680418
460c7f6d-057c-43b0-99db-c47a748365d1,dd102ab7-56d3-4d73-ae35-646383c140e3,1137,1785907627196624709,1785907627626999709,430,true,0.565266,0.77931
460c7f6d-057c-43b0-99db-c47a748365d1,dd102ab7-56d3-4d73-ae35-646383c140e3,1138,1785907627647124709,1785907627912249709,265,true,0.586328,0.85714
460c7f6d-057c-43b0-99db-c47a748365d1,dd102ab7-56d3-4d73-ae35-646383c140e3,1139,1785907627962374709,1785907628262623709,300,true,0.529045,0.443291
460c7f6d-057c-43b0-99db-c47a748365d1,dd102ab7-56d3-4d73-ae35-646383c140e3,1140,1785907628417748709,1785907628602998709,185,true,0.486009,0.44933
460c7f6d-057c-43b0-99db-c47a748365d1,dd102ab7-56d3-4d73-ae35-646383c140e3,1141,1785907628642999709,1785907628988373709,345,true,0.618825,0.332053
460c7f6d-057c-43b0-99db-c47a748365d1,dd102ab7-56d3-4d73-ae35-646383c140e3,1142,1785907629023385709,1785907629333623709,310,true,0.519631,0.394795
460c7f6d-057c-43b0-99db-c47a748365d1,dd102ab7-56d3-4d73-ae35-646383c140e3,1143,1785907629358623709,1785907629583879709,225,true,0.569066,0.378744
460c7f6d-057c-43b0-99db-c47a748365d1,dd102ab7-56d3-4d73-ae35-646383c140e3,1144,1785907629623873709,1785907630199498709,575,true,0.545314,0.212314
460c7f6d-057c-43b0-99db-c47a748365d1,dd102ab7-56d3-4d73-ae35-646383c140e3,1145,1785907630264503709,1785907630529748709,265,true,0.536211,0.658981
460c7f6d-057c-43b0-99db-c47a748365d1,dd102ab7-56d3-4d73-ae35-646383c140e3,1146,1785907630564760709,1785907630654872709,90,true,0.398189,0.669956
460c7f6d-057c-43b0-99db-c47a748365d1,dd102ab7-56d3-4d73-ae35-646383c140e3,1147,1785907631535757709,1785907631705872709,170,true,0.523082,0.409033
460c7f6d-057c-43b0-99db-c47a748365d1,dd102ab7-56d3-4d73-ae35-646383c140e3,1148,1785907631885997709,1785907632201385709,315,true,0.553469,0.362892
460c7f6d-057c-43b0-99db-c47a748365d1,dd102ab7-56d3-4d73-ae35-646383c140e3,1149,1785907632226372709,1785907632411497709,185,true,0.562709,0.485551
460c7f6d-057c-43b0-99db-c47a748365d1,dd102ab7-56d3-4d73-ae35-646383c140e3,1150,1785907632541622709,1785907632731880709,190,true,0.54392,0.445163
460c7f6d-057c-43b0-99db-c47a748365d1,dd102ab7-56d3-4d73-ae35-646383c140e3,1151,1785907632766871709,1785907632971996709,205,true,0.686802,0.618122
460c7f6d-057c-43b0-99db-c47a748365d1,dd102ab7-56d3-4d73-ae35-646383c140e3,1152,1785907633012128709,1785907633387496709,375,true,0.555287,0.611862
460c7f6d-057c-43b0-99db-c47a748365d1,dd102ab7-56d3-4d73-ae35-646383c140e3,1153,1785907633417496709,1785907633912996709,495,true,0.554016,0.480576
460c7f6d-057c-43b0-99db-c47a748365d1,dd102ab7-56d3-4d73-ae35-646383c140e3,1154,1785907633958007709,1785907634393371709,435,true,0.684412,0.677103
460c7f6d-057c-43b0-99db-c47a748365d1,dd102ab7-56d3-4d73-ae35-646383c140e3,1155,1785907634433371709,1785907634978995709,545,true,0.538134,0.481097
460c7f6d-057c-43b0-99db-c47a748365d1,dd102ab7-56d3-4d73-ae35-646383c140e3,1156,1785907635018995709,1785907635289252709,270,true,0.652142,0.692496
460c7f6d-057c-43b0-99db-c47a748365d1,dd102ab7-56d3-4d73-ae35-646383c140e3,1157,1785907635324245709,1785907635469370709,145,true,0.621363,0.554344
460c7f6d-057c-43b0-99db-c47a748365d1,dd102ab7-56d3-4d73-ae35-646383c140e3,1158,1785907635489370709,1785907635634495709,145,true,0.610724,0.474559
460c7f6d-057c-43b0-99db-c47a748365d1,dd102ab7-56d3-4d73-ae35-646383c140e3,1159,1785907635799752709,1785907636545370709,745,true,0.654322,0.347552
460c7f6d-057c-43b0-99db-c47a748365d1,dd102ab7-56d3-4d73-ae35-646383c140e3,1160,1785907636775620709,1785907637080870709,305,true,0.698883,0.334265
460c7f6d-057c-43b0-99db-c47a748365d1,dd102ab7-56d3-4d73-ae35-646383c140e3,1161,1785907637121003709,1785907637240995709,119,true,0.579814,0.407634
460c7f6d-057c-43b0-99db-c47a748365d1,dd102ab7-56d3-4d73-ae35-646383c140e3,1162,1785907637261119709,1785907637531369709,270,true,0.615021,0.35543
460c7f6d-057c-43b0-99db-c47a748365d1,dd102ab7-56d3-4d73-ae35-646383c140e3,1163,1785907637571369709,1785907637696494709,125,true,0.542591,0.583111
460c7f6d-057c-43b0-99db-c47a748365d1,dd102ab7-56d3-4d73-ae35-646383c140e3,1164,1785907637731494709,1785907638402119709,670,true,0.639662,0.360212
460c7f6d-057c-43b0-99db-c47a748365d1,dd102ab7-56d3-4d73-ae35-646383c140e3,1165,1785907638432119709,1785907638792494709,360,true,0.735503,0.325248
460c7f6d-057c-43b0-99db-c47a748365d1,dd102ab7-56d3-4d73-ae35-646383c140e3,1166,1785907638937619709,1785907639152868709,215,true,0.569347,0.315187
460c7f6d-057c-43b0-99db-c47a748365d1,dd102ab7-56d3-4d73-ae35-646383c140e3,1167,1785907639182872709,1785907639418130709,235,true,0.648294,0.215132
460c7f6d-057c-43b0-99db-c47a748365d1,dd102ab7-56d3-4d73-ae35-646383c140e3,1168,1785907639443118709,1785907639803493709,360,true,0.529386,0.146316
460c7f6d-057c-43b0-99db-c47a748365d1,dd102ab7-56d3-4d73-ae35-646383c140e3,1169,1785907639878493709,1785907640193868709,315,true,0.546903,0.618524
460c7f6d-057c-43b0-99db-c47a748365d1,dd102ab7-56d3-4d73-ae35-646383c140e3,1170,1785907640228868709,1785907640363995709,135,true,0.53214,0.450286
460c7f6d-057c-43b0-99db-c47a748365d1,dd102ab7-56d3-4d73-ae35-646383c140e3,1171,1785907640459118709,1785907640584244709,125,true,0.402806,0.645106
460c7f6d-057c-43b0-99db-c47a748365d1,dd102ab7-56d3-4d73-ae35-646383c140e3,1172,1785907640644243709,1785907641034618709,390,true,0.672318,0.679503
460c7f6d-057c-43b0-99db-c47a748365d1,dd102ab7-56d3-4d73-ae35-646383c140e3,1173,1785907641069618709,1785907641655242709,585,true,0.580695,0.677509
460c7f6d-057c-43b0-99db-c47a748365d1,dd102ab7-56d3-4d73-ae35-646383c140e3,1174,1785907641690242709,1785907641830367709,140,true,0.696069,0.685857
460c7f6d-057c-43b0-99db-c47a748365d1,dd102ab7-56d3-4d73-ae35-646383c140e3,1175,1785907641875367709,1785907642405870709,530,true,0.547968,0.896347
460c7f6d-057c-43b0-99db-c47a748365d1,dd102ab7-56d3-4d73-ae35-646383c140e3,1176,1785907642445878709,1785907642641117709,195,true,0.6468,0.590113
460c7f6d-057c-43b0-99db-c47a748365d1,dd102ab7-56d3-4d73-ae35-646383c140e3,1177,1785907642666117709,1785907643011492709,345,true,0.687993,0.678971
460c7f6d-057c-43b0-99db-c47a748365d1,dd102ab7-56d3-4d73-ae35-646383c140e3,1178,1785907643066497709,1785907643376750709,310,true,0.394317,0.623091
460c7f6d-057c-43b0-99db-c47a748365d1,dd102ab7-56d3-4d73-ae35-646383c140e3,1179,1785907643421867709,1785907643802241709,380,true,0.570405,0.474019
460c7f6d-057c-43b0-99db-c47a748365d1,dd102ab7-56d3-4d73-ae35-646383c140e3,1180,1785907643842241709,1785907644297623709,455,true,0.386318,0.606127
460c7f6d-057c-43b0-99db-c47a748365d1,dd102ab7-56d3-4d73-ae35-646383c140e3,1181,1785907644337741709,1785907644788116709,450,true,0.533415,0.50536
460c7f6d-057c-43b0-99db-c47a748365d1,dd102ab7-56d3-4d73-ae35-646383c140e3,1182,1785907644888241709,1785907645038366709,150,true,0.550504,0.509185
460c7f6d-057c-43b0-99db-c47a748365d1,dd102ab7-56d3-4d73-ae35-646383c140e3,1183,1785907645078366709,1785907645233491709,155,true,0.395147,0.641803
460c7f6d-057c-43b0-99db-c47a748365d1,dd102ab7-56d3-4d73-ae35-646383c140e3,1184,1785907645273616709,1785907645754001709,480,true,0.530478,0.397255
460c7f6d-057c-43b0-99db-c47a748365d1,dd102ab7-56d3-4d73-ae35-646383c140e3,1185,1785907645784115709,1785907646529740709,745,true,0.63757,0.4793
460c7f6d-057c-43b0-99db-c47a748365d1,dd102ab7-56d3-4d73-ae35-646383c140e3,1186,1785907646559740709,1785907646679870709,120,true,0.655718,0.366727
460c7f6d-057c-43b0-99db-c47a748365d1,dd102ab7-56d3-4d73-ae35-646383c140e3,1187,1785907646784990709,1785907647095245709,310,true,0.714829,0.349047
460c7f6d-057c-43b0-99db-c47a748365d1,dd102ab7-56d3-4d73-ae35-646383c140e3,1188,1785907647145365709,1785907647460629709,315,true,0.56369,0.551641
460c7f6d-057c-43b0-99db-c47a748365d1,dd102ab7-56d3-4d73-ae35-646383c140e3,1189,1785907647495619709,1785907647840989709,345,true,0.570787,0.767992
460c7f6d-057c-43b0-99db-c47a748365d1,dd102ab7-56d3-4d73-ae35-646383c140e3,1190,1785907647885989709,1785907648266373709,380,true,0.673076,0.385352
460c7f6d-057c-43b0-99db-c47a748365d1,dd102ab7-56d3-4d73-ae35-646383c140e3,1191,1785907648296364709,1785907648456614709,160,true,0.613401,0.500945
460c7f6d-057c-43b0-99db-c47a748365d1,dd102ab7-56d3-4d73-ae35-646383c140e3,1193,1785907648791864709,1785907649182239709,390,true,0.673757,0.346244
460c7f6d-057c-43b0-99db-c47a748365d1,dd102ab7-56d3-4d73-ae35-646383c140e3,1194,1785907649212239709,1785907649432489709,220,true,0.717295,0.334586
460c7f6d-057c-43b0-99db-c47a748365d1,dd102ab7-56d3-4d73-ae35-646383c140e3,1195,1785907649477489709,1785907649757739709,280,true,0.634735,0.499327
460c7f6d-057c-43b0-99db-c47a748365d1,dd102ab7-56d3-4d73-ae35-646383c140e3,1196,1785907649787864709,1785907649997996709,210,true,0.540905,0.376231
460c7f6d-057c-43b0-99db-c47a748365d1,dd102ab7-56d3-4d73-ae35-646383c140e3,1197,1785907650022988709,1785907650298238709,275,true,0.59346,0.333938
460c7f6d-057c-43b0-99db-c47a748365d1,dd102ab7-56d3-4d73-ae35-646383c140e3,1198,1785907650328363709,1785907650598625709,270,true,0.485595,0.255351
460c7f6d-057c-43b0-99db-c47a748365d1,dd102ab7-56d3-4d73-ae35-646383c140e3,1199,1785907650628613709,1785907650808738709,180,true,0.559688,0.26585
460c7f6d-057c-43b0-99db-c47a748365d1,dd102ab7-56d3-4d73-ae35-646383c140e3,1200,1785907650833743709,1785907650988992709,155,true,0.559871,0.132944
460c7f6d-057c-43b0-99db-c47a748365d1,dd102ab7-56d3-4d73-ae35-646383c140e3,1201,1785907651144113709,1785907651304238709,160,true,0.548415,0.452941
460c7f6d-057c-43b0-99db-c47a748365d1,dd102ab7-56d3-4d73-ae35-646383c140e3,1202,1785907651359238709,1785907651439375709,80,true,0.574708,0.192822
460c7f6d-057c-43b0-99db-c47a748365d1,dd102ab7-56d3-4d73-ae35-646383c140e3,1203,1785907651549488709,1785907651634488709,85,true,0.594599,0.382156
460c7f6d-057c-43b0-99db-c47a748365d1,dd102ab7-56d3-4d73-ae35-646383c140e3,1204,1785907652024863709,1785907652455362709,430,true,0.531103,0.394473
460c7f6d-057c-43b0-99db-c47a748365d1,dd102ab7-56d3-4d73-ae35-646383c140e3,1205,1785907652500362709,1785907652665487709,165,true,0.629758,0.654746
460c7f6d-057c-43b0-99db-c47a748365d1,dd102ab7-56d3-4d73-ae35-646383c140e3,1206,1785907652815612709,1785907653120987709,305,true,0.534753,0.432448
460c7f6d-057c-43b0-99db-c47a748365d1,dd102ab7-56d3-4d73-ae35-646383c140e3,1207,1785907653165987709,1785907653506362709,340,true,0.681595,0.646027
460c7f6d-057c-43b0-99db-c47a748365d1,dd102ab7-56d3-4d73-ae35-646383c140e3,1208,1785907653551362709,1785907653936741709,385,true,0.534009,0.802761
460c7f6d-057c-43b0-99db-c47a748365d1,dd102ab7-56d3-4d73-ae35-646383c140e3,1209,1785907653976737709,1785907654166862709,190,true,0.371511,0.637014
460c7f6d-057c-43b0-99db-c47a748365d1,dd102ab7-56d3-4d73-ae35-646383c140e3,1210,1785907654206987709,1785907655072736709,865,true,0.550083,0.520667
460c7f6d-057c-43b0-99db-c47a748365d1,dd102ab7-56d3-4d73-ae35-646383c140e3,1211,1785907655112871709,1785907655222861709,109,true,0.669864,0.682844
460c7f6d-057c-43b0-99db-c47a748365d1,dd102ab7-56d3-4d73-ae35-646383c140e3,1212,1785907655317990709,1785907655743361709,425,true,0.524867,0.487851
460c7f6d-057c-43b0-99db-c47a748365d1,dd102ab7-56d3-4d73-ae35-646383c140e3,1213,1785907655803487709,1785907656128736709,325,true,0.688313,0.634725
460c7f6d-057c-43b0-99db-c47a748365d1,dd102ab7-56d3-4d73-ae35-646383c140e3,1214,1785907656168861709,1785907656679235709,510,true,0.537785,0.844266
460c7f6d-057c-43b0-99db-c47a748365d1,dd102ab7-56d3-4d73-ae35-646383c140e3,1215,1785907656719365709,1785907656874485709,155,true,0.647339,0.620217
460c7f6d-057c-43b0-99db-c47a748365d1,dd102ab7-56d3-4d73-ae35-646383c140e3,1216,1785907656924492709,1785907657189735709,265,true,0.38261,0.628611
460c7f6d-057c-43b0-99db-c47a748365d1,dd102ab7-56d3-4d73-ae35-646383c140e3,1217,1785907657234860709,1785907657575110709,340,true,0.524648,0.837737
460c7f6d-057c-43b0-99db-c47a748365d1,dd102ab7-56d3-4d73-ae35-646383c140e3,1218,1785907657615110709,1785907657860374709,245,true,0.682599,0.711053
460c7f6d-057c-43b0-99db-c47a748365d1,dd102ab7-56d3-4d73-ae35-646383c140e3,1219,1785907657965485709,1785907658215739709,250,true,0.666982,0.544772
460c7f6d-057c-43b0-99db-c47a748365d1,dd102ab7-56d3-4d73-ae35-646383c140e3,1220,1785907658250735709,1785907658565995709,315,true,0.532038,0.463628
460c7f6d-057c-43b0-99db-c47a748365d1,dd102ab7-56d3-4d73-ae35-646383c140e3,1221,1785907658606109709,1785907658836364709,230,true,0.676948,0.626058
460c7f6d-057c-43b0-99db-c47a748365d1,dd102ab7-56d3-4d73-ae35-646383c140e3,1222,1785907658931367709,1785907659111609709,180,true,0.549592,0.250687
460c7f6d-057c-43b0-99db-c47a748365d1,dd102ab7-56d3-4d73-ae35-646383c140e3,1223,1785907659131609709,1785907659361734709,230,true,0.558767,0.161964
460c7f6d-057c-43b0-99db-c47a748365d1,dd102ab7-56d3-4d73-ae35-646383c140e3,1224,1785907659416868709,1785907659636995709,220,true,0.58676,0.561768
460c7f6d-057c-43b0-99db-c47a748365d1,dd102ab7-56d3-4d73-ae35-646383c140e3,1225,1785907659667109709,1785907659972366709,305,true,0.526081,0.481533
460c7f6d-057c-43b0-99db-c47a748365d1,dd102ab7-56d3-4d73-ae35-646383c140e3,1226,1785907660012359709,1785907660172609709,160,true,0.646814,0.395609
460c7f6d-057c-43b0-99db-c47a748365d1,dd102ab7-56d3-4d73-ae35-646383c140e3,1227,1785907660197609709,1785907660297609709,100,true,0.628109,0.484123
460c7f6d-057c-43b0-99db-c47a748365d1,dd102ab7-56d3-4d73-ae35-646383c140e3,1228,1785907660422733709,1785907660918233709,495,true,0.49376,0.366174
460c7f6d-057c-43b0-99db-c47a748365d1,dd102ab7-56d3-4d73-ae35-646383c140e3,1229,1785907661068358709,1785907661769108709,700,true,0.519552,0.360027
460c7f6d-057c-43b0-99db-c47a748365d1,dd102ab7-56d3-4d73-ae35-646383c140e3,1230,1785907661809108709,1785907662079358709,270,true,0.663292,0.359584
460c7f6d-057c-43b0-99db-c47a748365d1,dd102ab7-56d3-4d73-ae35-646383c140e3,1231,1785907662109358709,1785907662274483709,165,true,0.657049,0.457204
460c7f6d-057c-43b0-99db-c47a748365d1,dd102ab7-56d3-4d73-ae35-646383c140e3,1232,1785907662319608709,1785907662474733709,155,true,0.477547,0.374878
460c7f6d-057c-43b0-99db-c47a748365d1,dd102ab7-56d3-4d73-ae35-646383c140e3,1233,1785907662539733709,1785907662804988709,265,true,0.49218,0.388714
460c7f6d-057c-43b0-99db-c47a748365d1,dd102ab7-56d3-4d73-ae35-646383c140e3,1234,1785907662840107709,1785907663055232709,215,true,0.67092,0.346752
460c7f6d-057c-43b0-99db-c47a748365d1,dd102ab7-56d3-4d73-ae35-646383c140e3,1235,1785907663090234709,1785907663545732709,455,true,0.502541,0.350082
460c7f6d-057c-43b0-99db-c47a748365d1,dd102ab7-56d3-4d73-ae35-646383c140e3,1236,1785907663660857709,1785907663850982709,190,true,0.542178,0.348902
460c7f6d-057c-43b0-99db-c47a748365d1,dd102ab7-56d3-4d73-ae35-646383c140e3,1237,1785907663911107709,1785907664166357709,255,true,0.579477,0.15539
460c7f6d-057c-43b0-99db-c47a748365d1,dd102ab7-56d3-4d73-ae35-646383c140e3,1238,1785907664191365709,1785907664421482709,230,true,0.521674,0.101852
460c7f6d-057c-43b0-99db-c47a748365d1,dd102ab7-56d3-4d73-ae35-646383c140e3,1239,1785907664486607709,1785907664651732709,165,true,0.557101,0.279184
460c7f6d-057c-43b0-99db-c47a748365d1,dd102ab7-56d3-4d73-ae35-646383c140e3,1240,1785907664706862709,1785907665187231709,480,true,0.543662,0.176696
460c7f6d-057c-43b0-99db-c47a748365d1,dd102ab7-56d3-4d73-ae35-646383c140e3,1241,1785907665237362709,1785907665482495709,245,true,0.544701,0.454275
460c7f6d-057c-43b0-99db-c47a748365d1,dd102ab7-56d3-4d73-ae35-646383c140e3,1242,1785907665622606709,1785907665907985709,285,true,0.548001,0.582764
460c7f6d-057c-43b0-99db-c47a748365d1,dd102ab7-56d3-4d73-ae35-646383c140e3,1243,1785907665942993709,1785907666053106709,110,true,0.638674,0.702547
460c7f6d-057c-43b0-99db-c47a748365d1,dd102ab7-56d3-4d73-ae35-646383c140e3,1244,1785907666163231709,1785907666413356709,250,true,0.41898,0.64468
460c7f6d-057c-43b0-99db-c47a748365d1,dd102ab7-56d3-4d73-ae35-646383c140e3,1245,1785907666448481709,1785907666578610709,130,true,0.536129,0.499564
460c7f6d-057c-43b0-99db-c47a748365d1,dd102ab7-56d3-4d73-ae35-646383c140e3,1246,1785907666758731709,1785907666868855709,110,true,0.554631,0.524569
460c7f6d-057c-43b0-99db-c47a748365d1,dd102ab7-56d3-4d73-ae35-646383c140e3,1247,1785907666883856709,1785907666963864709,80,true,0.567926,0.540326
460c7f6d-057c-43b0-99db-c47a748365d1,dd102ab7-56d3-4d73-ae35-646383c140e3,1248,1785907667284243709,1785907667694605709,410,true,0.377827,0.588195
460c7f6d-057c-43b0-99db-c47a748365d1,dd102ab7-56d3-4d73-ae35-646383c140e3,1249,1785907667734605709,1785907668129980709,395,true,0.55801,0.447962
460c7f6d-057c-43b0-99db-c47a748365d1,dd102ab7-56d3-4d73-ae35-646383c140e3,1250,1785907668260105709,1785907668525355709,265,true,0.372155,0.651521
460c7f6d-057c-43b0-99db-c47a748365d1,dd102ab7-56d3-4d73-ae35-646383c140e3,1251,1785907668565480709,1785907668795605709,230,true,0.526684,0.474766
460c7f6d-057c-43b0-99db-c47a748365d1,dd102ab7-56d3-4d73-ae35-646383c140e3,1252,1785907668850739709,1785907669175979709,325,true,0.546581,0.849471
460c7f6d-057c-43b0-99db-c47a748365d1,dd102ab7-56d3-4d73-ae35-646383c140e3,1253,1785907669210980709,1785907669461229709,250,true,0.640578,0.689307
460c7f6d-057c-43b0-99db-c47a748365d1,dd102ab7-56d3-4d73-ae35-646383c140e3,1254,1785907669496354709,1785907669806604709,310,true,0.541066,0.847139
460c7f6d-057c-43b0-99db-c47a748365d1,dd102ab7-56d3-4d73-ae35-646383c140e3,1255,1785907669846611709,1785907670171979709,325,true,0.681172,0.659386
460c7f6d-057c-43b0-99db-c47a748365d1,dd102ab7-56d3-4d73-ae35-646383c140e3,1256,1785907670281988709,1785907670697490709,415,true,0.551102,0.834361
460c7f6d-057c-43b0-99db-c47a748365d1,dd102ab7-56d3-4d73-ae35-646383c140e3,1257,1785907670752479709,1785907671162854709,410,true,0.687993,0.678503
460c7f6d-057c-43b0-99db-c47a748365d1,dd102ab7-56d3-4d73-ae35-646383c140e3,1258,1785907671197853709,1785907671653358709,455,true,0.562415,0.659722
460c7f6d-057c-43b0-99db-c47a748365d1,dd102ab7-56d3-4d73-ae35-646383c140e3,1259,1785907671683364709,1785907672123728709,440,true,0.548161,0.760812
460c7f6d-057c-43b0-99db-c47a748365d1,dd102ab7-56d3-4d73-ae35-646383c140e3,1260,1785907672153728709,1785907672358982709,205,true,0.549619,0.845515
460c7f6d-057c-43b0-99db-c47a748365d1,dd102ab7-56d3-4d73-ae35-646383c140e3,1261,1785907672388990709,1785907673535102709,1146,true,0.694165,0.688841
460c7f6d-057c-43b0-99db-c47a748365d1,dd102ab7-56d3-4d73-ae35-646383c140e3,1262,1785907673575113709,1785907673875352709,300,true,0.654773,0.476916
460c7f6d-057c-43b0-99db-c47a748365d1,dd102ab7-56d3-4d73-ae35-646383c140e3,1263,1785907673985481709,1785907674250732709,265,true,0.474634,0.400582
460c7f6d-057c-43b0-99db-c47a748365d1,dd102ab7-56d3-4d73-ae35-646383c140e3,1264,1785907674290727709,1785907674566102709,275,true,0.614605,0.529539
460c7f6d-057c-43b0-99db-c47a748365d1,dd102ab7-56d3-4d73-ae35-646383c140e3,1265,1785907674646113709,1785907674666103709,19,true,0.430568,0.718211
460c7f6d-057c-43b0-99db-c47a748365d1,dd102ab7-56d3-4d73-ae35-646383c140e3,1269,1785907676482851709,1785907676532851709,50,true,0.641288,0.431294
460c7f6d-057c-43b0-99db-c47a748365d1,dd102ab7-56d3-4d73-ae35-646383c140e3,1272,1785907677879111709,1785907677974225709,95,true,0.534478,0.374122
460c7f6d-057c-43b0-99db-c47a748365d1,dd102ab7-56d3-4d73-ae35-646383c140e3,1273,1785907678299601709,1785907678344600709,44,true,0.545551,0.172223
460c7f6d-057c-43b0-99db-c47a748365d1,dd102ab7-56d3-4d73-ae35-646383c140e3,1276,1785907679275475709,1785907679325475709,50,true,0.538919,0.491814
460c7f6d-057c-43b0-99db-c47a748365d1,dd102ab7-56d3-4d73-ae35-646383c140e3,1277,1785907679565725709,1785907679710849709,145,true,0.546403,-0.000359
460c7f6d-057c-43b0-99db-c47a748365d1,dd102ab7-56d3-4d73-ae35-646383c140e3,1278,1785907679755974709,1785907680106235709,350,true,0.534825,0.321907
460c7f6d-057c-43b0-99db-c47a748365d1,dd102ab7-56d3-4d73-ae35-646383c140e3,1279,1785907680141224709,1785907680311474709,170,true,0.649063,0.478824
460c7f6d-057c-43b0-99db-c47a748365d1,dd102ab7-56d3-4d73-ae35-646383c140e3,1280,1785907680361474709,1785907680611724709,250,true,0.536046,0.051955
460c7f6d-057c-43b0-99db-c47a748365d1,dd102ab7-56d3-4d73-ae35-646383c140e3,1281,1785907680671724709,1785907680896974709,225,true,0.621397,0.467226
460c7f6d-057c-43b0-99db-c47a748365d1,dd102ab7-56d3-4d73-ae35-646383c140e3,1282,1785907680931974709,1785907681092224709,160,true,0.565691,0.431044
460c7f6d-057c-43b0-99db-c47a748365d1,dd102ab7-56d3-4d73-ae35-646383c140e3,1283,1785907681222349709,1785907681522599709,300,true,0.564751,0.49578
460c7f6d-057c-43b0-99db-c47a748365d1,dd102ab7-56d3-4d73-ae35-646383c140e3,1284,1785907681537599709,1785907681782848709,245,true,0.573415,0.545977
460c7f6d-057c-43b0-99db-c47a748365d1,dd102ab7-56d3-4d73-ae35-646383c140e3,1285,1785907681822849709,1785907682173223709,350,true,0.580578,0.348421
460c7f6d-057c-43b0-99db-c47a748365d1,dd102ab7-56d3-4d73-ae35-646383c140e3,1286,1785907682213235709,1785907682488473709,275,true,0.567858,0.08685
460c7f6d-057c-43b0-99db-c47a748365d1,dd102ab7-56d3-4d73-ae35-646383c140e3,1287,1785907682768723709,1785907682793723709,25,true,0.630155,0.412526
460c7f6d-057c-43b0-99db-c47a748365d1,dd102ab7-56d3-4d73-ae35-646383c140e3,1288,1785907682828864709,1785907682983973709,155,true,0.686681,0.507308
460c7f6d-057c-43b0-99db-c47a748365d1,dd102ab7-56d3-4d73-ae35-646383c140e3,1289,1785907683189100709,1785907684014848709,825,true,0.549188,0.3415
460c7f6d-057c-43b0-99db-c47a748365d1,dd102ab7-56d3-4d73-ae35-646383c140e3,1290,1785907684034972709,1785907684124972709,90,true,0.554999,0.435208
460c7f6d-057c-43b0-99db-c47a748365d1,dd102ab7-56d3-4d73-ae35-646383c140e3,1291,1785907684240097709,1785907684750597709,510,true,0.531392,0.371532
460c7f6d-057c-43b0-99db-c47a748365d1,dd102ab7-56d3-4d73-ae35-646383c140e3,1292,1785907684800601709,1785907685075847709,275,true,0.675904,0.611979
460c7f6d-057c-43b0-99db-c47a748365d1,dd102ab7-56d3-4d73-ae35-646383c140e3,1293,1785907685120972709,1785907685581347709,460,true,0.539827,0.440222
460c7f6d-057c-43b0-99db-c47a748365d1,dd102ab7-56d3-4d73-ae35-646383c140e3,1294,1785907685621472709,1785907685866597709,245,true,0.687602,0.665282
460c7f6d-057c-43b0-99db-c47a748365d1,dd102ab7-56d3-4d73-ae35-646383c140e3,1295,1785907685911722709,1785907686256971709,345,true,0.530232,0.456734
460c7f6d-057c-43b0-99db-c47a748365d1,dd102ab7-56d3-4d73-ae35-646383c140e3,1296,1785907686297096709,1785907686407096709,110,true,0.670112,0.349732
460c7f6d-057c-43b0-99db-c47a748365d1,dd102ab7-56d3-4d73-ae35-646383c140e3,1297,1785907686552346709,1785907686717471709,165,true,0.626675,0.363867
460c7f6d-057c-43b0-99db-c47a748365d1,dd102ab7-56d3-4d73-ae35-646383c140e3,1298,1785907686742471709,1785907686992721709,250,true,0.590382,0.372064
460c7f6d-057c-43b0-99db-c47a748365d1,dd102ab7-56d3-4d73-ae35-646383c140e3,1299,1785907687027721709,1785907687342971709,315,true,0.704942,0.352001
460c7f6d-057c-43b0-99db-c47a748365d1,dd102ab7-56d3-4d73-ae35-646383c140e3,1300,1785907687378096709,1785907687518221709,140,true,0.587592,0.408097
460c7f6d-057c-43b0-99db-c47a748365d1,dd102ab7-56d3-4d73-ae35-646383c140e3,1301,1785907687558221709,1785907687888596709,330,true,0.465194,0.330807
460c7f6d-057c-43b0-99db-c47a748365d1,dd102ab7-56d3-4d73-ae35-646383c140e3,1302,1785907688013596709,1785907688999595709,985,true,0.457568,0.380534
460c7f6d-057c-43b0-99db-c47a748365d1,dd102ab7-56d3-4d73-ae35-646383c140e3,1303,1785907689139720709,1785907689890470709,750,true,0.458146,0.418124
460c7f6d-057c-43b0-99db-c47a748365d1,dd102ab7-56d3-4d73-ae35-646383c140e3,1304,1785907690040595709,1785907690430969709,390,true,0.535055,0.172887
460c7f6d-057c-43b0-99db-c47a748365d1,dd102ab7-56d3-4d73-ae35-646383c140e3,1305,1785907690450970709,1785907690851352709,400,true,0.549695,0.139382
460c7f6d-057c-43b0-99db-c47a748365d1,dd102ab7-56d3-4d73-ae35-646383c140e3,1306,1785907691206594709,1785907691952344709,745,true,0.534288,0.482754
460c7f6d-057c-43b0-99db-c47a748365d1,dd102ab7-56d3-4d73-ae35-646383c140e3,1307,1785907691987344709,1785907692197594709,210,true,0.450469,0.629418
460c7f6d-057c-43b0-99db-c47a748365d1,dd102ab7-56d3-4d73-ae35-646383c140e3,1308,1785907692232594709,1785907692407718709,175,true,0.525897,0.62803
460c7f6d-057c-43b0-99db-c47a748365d1,dd102ab7-56d3-4d73-ae35-646383c140e3,1309,1785907692452844709,1785907692587968709,135,true,0.402396,0.650909
460c7f6d-057c-43b0-99db-c47a748365d1,dd102ab7-56d3-4d73-ae35-646383c140e3,1310,1785907692637968709,1785907692828218709,190,true,0.525697,0.455072
460c7f6d-057c-43b0-99db-c47a748365d1,dd102ab7-56d3-4d73-ae35-646383c140e3,1311,1785907692868218709,1785907693218593709,350,true,0.398317,0.63375
460c7f6d-057c-43b0-99db-c47a748365d1,dd102ab7-56d3-4d73-ae35-646383c140e3,1312,1785907693258593709,1785907693643968709,385,true,0.518554,0.4605
460c7f6d-057c-43b0-99db-c47a748365d1,dd102ab7-56d3-4d73-ae35-646383c140e3,1313,1785907693678976709,1785907693989218709,310,true,0.404469,0.627629
460c7f6d-057c-43b0-99db-c47a748365d1,dd102ab7-56d3-4d73-ae35-646383c140e3,1314,1785907694169468709,1785907694334593709,165,true,0.402118,0.645978
460c7f6d-057c-43b0-99db-c47a748365d1,dd102ab7-56d3-4d73-ae35-646383c140e3,1315,1785907694374592709,1785907694895092709,520,true,0.52209,0.459412
460c7f6d-057c-43b0-99db-c47a748365d1,dd102ab7-56d3-4d73-ae35-646383c140e3,1316,1785907694940092709,1785907695045217709,105,true,0.391529,0.657812
460c7f6d-057c-43b0-99db-c47a748365d1,dd102ab7-56d3-4d73-ae35-646383c140e3,1317,1785907695090342709,1785907695415592709,325,true,0.640336,0.51335
460c7f6d-057c-43b0-99db-c47a748365d1,dd102ab7-56d3-4d73-ae35-646383c140e3,1318,1785907695450602709,1785907695565717709,115,true,0.606122,0.39116
460c7f6d-057c-43b0-99db-c47a748365d1,dd102ab7-56d3-4d73-ae35-646383c140e3,1319,1785907695675842709,1785907695981092709,305,true,0.596946,0.407516
460c7f6d-057c-43b0-99db-c47a748365d1,dd102ab7-56d3-4d73-ae35-646383c140e3,1320,1785907696016217709,1785907696571716709,555,true,0.466745,0.360285
460c7f6d-057c-43b0-99db-c47a748365d1,dd102ab7-56d3-4d73-ae35-646383c140e3,1321,1785907696606717709,1785907696866967709,260,true,0.611007,0.388332
460c7f6d-057c-43b0-99db-c47a748365d1,dd102ab7-56d3-4d73-ae35-646383c140e3,1322,1785907697012091709,1785907697437471709,425,true,0.554152,0.699596
460c7f6d-057c-43b0-99db-c47a748365d1,dd102ab7-56d3-4d73-ae35-646383c140e3,1323,1785907697482591709,1785907698053091709,570,true,0.479817,0.355925
460c7f6d-057c-43b0-99db-c47a748365d1,dd102ab7-56d3-4d73-ae35-646383c140e3,1324,1785907698093091709,1785907698613600709,520,true,0.607406,0.400216
460c7f6d-057c-43b0-99db-c47a748365d1,dd102ab7-56d3-4d73-ae35-646383c140e3,1325,1785907698758716709,1785907699058965709,300,true,0.559613,0.365264
460c7f6d-057c-43b0-99db-c47a748365d1,dd102ab7-56d3-4d73-ae35-646383c140e3,1326,1785907699084091709,1785907699214216709,130,true,0.526735,0.310538
460c7f6d-057c-43b0-99db-c47a748365d1,dd102ab7-56d3-4d73-ae35-646383c140e3,1327,1785907699239216709,1785907699819730709,580,true,0.532779,0.16894
460c7f6d-057c-43b0-99db-c47a748365d1,dd102ab7-56d3-4d73-ae35-646383c140e3,1328,1785907699874724709,1785907700119965709,245,true,0.547791,0.498418
460c7f6d-057c-43b0-99db-c47a748365d1,dd102ab7-56d3-4d73-ae35-646383c140e3,1329,1785907700160090709,1785907700410215709,250,true,0.38815,0.650962
460c7f6d-057c-43b0-99db-c47a748365d1,dd102ab7-56d3-4d73-ae35-646383c140e3,1330,1785907700425340709,1785907700725590709,300,true,0.434383,0.635284
460c7f6d-057c-43b0-99db-c47a748365d1,dd102ab7-56d3-4d73-ae35-646383c140e3,1331,1785907700755590709,1785907700885715709,130,true,0.507166,0.644527
460c7f6d-057c-43b0-99db-c47a748365d1,dd102ab7-56d3-4d73-ae35-646383c140e3,1332,1785907701040839709,1785907701221089709,180,true,0.525479,0.820469
460c7f6d-057c-43b0-99db-c47a748365d1,dd102ab7-56d3-4d73-ae35-646383c140e3,1333,1785907701266089709,1785907701716464709,450,true,0.390927,0.659599
460c7f6d-057c-43b0-99db-c47a748365d1,dd102ab7-56d3-4d73-ae35-646383c140e3,1334,1785907701756589709,1785907701971728709,215,true,0.530856,0.813887
460c7f6d-057c-43b0-99db-c47a748365d1,dd102ab7-56d3-4d73-ae35-646383c140e3,1335,1785907702011714709,1785907702497214709,485,true,0.404928,0.646919
460c7f6d-057c-43b0-99db-c47a748365d1,dd102ab7-56d3-4d73-ae35-646383c140e3,1336,1785907702532214709,1785907702697470709,165,true,0.528044,0.841342
460c7f6d-057c-43b0-99db-c47a748365d1,dd102ab7-56d3-4d73-ae35-646383c140e3,1337,1785907702747464709,1785907702982713709,235,true,0.385617,0.674564
460c7f6d-057c-43b0-99db-c47a748365d1,dd102ab7-56d3-4d73-ae35-646383c140e3,1338,1785907703102838709,1785907703217963709,115,true,0.660502,0.412818
460c7f6d-057c-43b0-99db-c47a748365d1,dd102ab7-56d3-4d73-ae35-646383c140e3,1339,1785907703247963709,1785907703413088709,165,true,0.632338,0.52209
460c7f6d-057c-43b0-99db-c47a748365d1,dd102ab7-56d3-4d73-ae35-646383c140e3,1340,1785907703528213709,1785907704013713709,485,true,0.595391,0.393085
460c7f6d-057c-43b0-99db-c47a748365d1,dd102ab7-56d3-4d73-ae35-646383c140e3,1341,1785907704053713709,1785907704624213709,570,true,0.472121,0.402948
460c7f6d-057c-43b0-99db-c47a748365d1,dd102ab7-56d3-4d73-ae35-646383c140e3,1342,1785907704774338709,1785907705069588709,295,true,0.5947,0.40533
460c7f6d-057c-43b0-99db-c47a748365d1,dd102ab7-56d3-4d73-ae35-646383c140e3,1343,1785907705099724709,1785907705354976709,255,true,0.632576,0.47626
460c7f6d-057c-43b0-99db-c47a748365d1,dd102ab7-56d3-4d73-ae35-646383c140e3,1344,1785907705384962709,1785907705535100709,150,true,0.629773,0.576473
460c7f6d-057c-43b0-99db-c47a748365d1,dd102ab7-56d3-4d73-ae35-646383c140e3,1345,1785907705570087709,1785907705945462709,375,true,0.589292,0.385628
460c7f6d-057c-43b0-99db-c47a748365d1,dd102ab7-56d3-4d73-ae35-646383c140e3,1346,1785907705985467709,1785907706145720709,160,true,0.553864,0.687604
460c7f6d-057c-43b0-99db-c47a748365d1,dd102ab7-56d3-4d73-ae35-646383c140e3,1347,1785907706200712709,1785907706746212709,545,true,0.596596,0.410192
460c7f6d-057c-43b0-99db-c47a748365d1,dd102ab7-56d3-4d73-ae35-646383c140e3,1348,1785907706856337709,1785907707106587709,250,true,0.524261,0.425867
460c7f6d-057c-43b0-99db-c47a748365d1,dd102ab7-56d3-4d73-ae35-646383c140e3,1349,1785907707151587709,1785907707356836709,205,true,0.698571,0.292154
460c7f6d-057c-43b0-99db-c47a748365d1,dd102ab7-56d3-4d73-ae35-646383c140e3,1350,1785907707431837709,1785907707612087709,180,true,0.459212,0.576172
460c7f6d-057c-43b0-99db-c47a748365d1,dd102ab7-56d3-4d73-ae35-646383c140e3,1351,1785907707642086709,1785907707842211709,200,true,0.503995,0.468791
460c7f6d-057c-43b0-99db-c47a748365d1,dd102ab7-56d3-4d73-ae35-646383c140e3,1352,1785907707877336709,1785907707987336709,110,true,0.441597,0.402683
460c7f6d-057c-43b0-99db-c47a748365d1,dd102ab7-56d3-4d73-ae35-646383c140e3,1353,1785907708032461709,1785907708422836709,390,true,0.535816,0.161278
460c7f6d-057c-43b0-99db-c47a748365d1,dd102ab7-56d3-4d73-ae35-646383c140e3,1354,1785907708507836709,1785907708778086709,270,true,0.441373,0.624145
460c7f6d-057c-43b0-99db-c47a748365d1,dd102ab7-56d3-4d73-ae35-646383c140e3,1355,1785907708823211709,1785907709163463709,340,true,0.667205,0.679408
460c7f6d-057c-43b0-99db-c47a748365d1,dd102ab7-56d3-4d73-ae35-646383c140e3,1356,1785907709198461709,1785907709338586709,140,true,0.561031,0.625594
460c7f6d-057c-43b0-99db-c47a748365d1,dd102ab7-56d3-4d73-ae35-646383c140e3,1357,1785907709463710709,1785907709623960709,160,true,0.399551,0.668903
460c7f6d-057c-43b0-99db-c47a748365d1,dd102ab7-56d3-4d73-ae35-646383c140e3,1358,1785907709658960709,1785907710034348709,375,true,0.511004,0.487247
460c7f6d-057c-43b0-99db-c47a748365d1,dd102ab7-56d3-4d73-ae35-646383c140e3,1359,1785907710084335709,1785907710449710709,365,true,0.664692,0.665862
460c7f6d-057c-43b0-99db-c47a748365d1,dd102ab7-56d3-4d73-ae35-646383c140e3,1360,1785907710489710709,1785907710970210709,480,true,0.54861,0.768834
460c7f6d-057c-43b0-99db-c47a748365d1,dd102ab7-56d3-4d73-ae35-646383c140e3,1361,1785907711010210709,1785907711390585709,380,true,0.400243,0.643743
460c7f6d-057c-43b0-99db-c47a748365d1,dd102ab7-56d3-4d73-ae35-646383c140e3,1362,1785907711425585709,1785907711545709709,120,true,0.507006,0.721094
460c7f6d-057c-43b0-99db-c47a748365d1,dd102ab7-56d3-4d73-ae35-646383c140e3,1363,1785907711775959709,1785907711795959709,20,true,0.418796,0.653838
185b3449-be8f-4e45-b298-8c58e12b80ce,dd102ab7-56d3-4d73-ae35-646383c140e3,1390,1785907721885455709,1785907721930459709,45,true,0.339093,0.544373
185b3449-be8f-4e45-b298-8c58e12b80ce,dd102ab7-56d3-4d73-ae35-646383c140e3,1391,1785907721990455709,1785907722160705709,170,true,0.614043,0.551516
185b3449-be8f-4e45-b298-8c58e12b80ce,dd102ab7-56d3-4d73-ae35-646383c140e3,1393,1785907722956454709,1785907723036454709,80,true,0.473207,0.136947
185b3449-be8f-4e45-b298-8c58e12b80ce,dd102ab7-56d3-4d73-ae35-646383c140e3,1397,1785907724072454709,1785907724117454709,45,true,0.456779,0.588052
185b3449-be8f-4e45-b298-8c58e12b80ce,dd102ab7-56d3-4d73-ae35-646383c140e3,1399,1785907724768078709,1785907725003328709,235,true,0.519998,0.454244
185b3449-be8f-4e45-b298-8c58e12b80ce,dd102ab7-56d3-4d73-ae35-646383c140e3,1400,1785907725068453709,1785907725233578709,165,true,0.519044,0.571567
185b3449-be8f-4e45-b298-8c58e12b80ce,dd102ab7-56d3-4d73-ae35-646383c140e3,1401,1785907725373703709,1785907725488828709,115,true,0.65588,0.73528
185b3449-be8f-4e45-b298-8c58e12b80ce,dd102ab7-56d3-4d73-ae35-646383c140e3,1402,1785907725523828709,1785907725864078709,340,true,0.569878,0.667253
185b3449-be8f-4e45-b298-8c58e12b80ce,dd102ab7-56d3-4d73-ae35-646383c140e3,1403,1785907725899203709,1785907726134453709,235,true,0.529379,0.820949
185b3449-be8f-4e45-b298-8c58e12b80ce,dd102ab7-56d3-4d73-ae35-646383c140e3,1404,1785907726174453709,1785907726494703709,320,true,0.402083,0.691338
185b3449-be8f-4e45-b298-8c58e12b80ce,dd102ab7-56d3-4d73-ae35-646383c140e3,1405,1785907726599827709,1785907726634827709,35,true,0.626449,0.748376
185b3449-be8f-4e45-b298-8c58e12b80ce,dd102ab7-56d3-4d73-ae35-646383c140e3,1406,1785907726875078709,1785907727005212709,130,true,0.533094,0.832773
185b3449-be8f-4e45-b298-8c58e12b80ce,dd102ab7-56d3-4d73-ae35-646383c140e3,1407,1785907727425577709,1785907727515702709,90,true,0.513687,0.343549
185b3449-be8f-4e45-b298-8c58e12b80ce,dd102ab7-56d3-4d73-ae35-646383c140e3,1408,1785907727750952709,1785907727835952709,85,true,0.542356,0.152653
185b3449-be8f-4e45-b298-8c58e12b80ce,dd102ab7-56d3-4d73-ae35-646383c140e3,1409,1785907728076202709,1785907728406577709,330,true,0.541247,0.602895
185b3449-be8f-4e45-b298-8c58e12b80ce,dd102ab7-56d3-4d73-ae35-646383c140e3,1410,1785907728441577709,1785907728606702709,165,true,0.387375,0.664367
185b3449-be8f-4e45-b298-8c58e12b80ce,dd102ab7-56d3-4d73-ae35-646383c140e3,1411,1785907728681835709,1785907728987076709,305,true,0.529259,0.439177
185b3449-be8f-4e45-b298-8c58e12b80ce,dd102ab7-56d3-4d73-ae35-646383c140e3,1412,1785907729052076709,1785907729217332709,165,true,0.401857,0.682442
185b3449-be8f-4e45-b298-8c58e12b80ce,dd102ab7-56d3-4d73-ae35-646383c140e3,1413,1785907729252326709,1785907729927951709,675,true,0.518683,0.446757
185b3449-be8f-4e45-b298-8c58e12b80ce,dd102ab7-56d3-4d73-ae35-646383c140e3,1414,1785907730038076709,1785907730453451709,415,true,0.517167,0.47691
185b3449-be8f-4e45-b298-8c58e12b80ce,dd102ab7-56d3-4d73-ae35-646383c140e3,1415,1785907730498451709,1785907731279200709,780,true,0.548363,0.172909
185b3449-be8f-4e45-b298-8c58e12b80ce,dd102ab7-56d3-4d73-ae35-646383c140e3,1416,1785907731459338709,1785907731614575709,155,true,0.459701,0.569942
185b3449-be8f-4e45-b298-8c58e12b80ce,dd102ab7-56d3-4d73-ae35-646383c140e3,1417,1785907731659575709,1785907731754700709,95,true,0.500749,0.432239
185b3449-be8f-4e45-b298-8c58e12b80ce,dd102ab7-56d3-4d73-ae35-646383c140e3,1418,1785907731919825709,1785907732129950709,210,true,0.457175,0.66157
185b3449-be8f-4e45-b298-8c58e12b80ce,dd102ab7-56d3-4d73-ae35-646383c140e3,1419,1785907732170085709,1785907732570450709,400,true,0.672117,0.71575
185b3449-be8f-4e45-b298-8c58e12b80ce,dd102ab7-56d3-4d73-ae35-646383c140e3,1420,1785907732615454709,1785907733446204709,830,true,0.534573,0.469348
185b3449-be8f-4e45-b298-8c58e12b80ce,dd102ab7-56d3-4d73-ae35-646383c140e3,1421,1785907733481324709,1785907733681449709,200,true,0.504378,0.686954
185b3449-be8f-4e45-b298-8c58e12b80ce,dd102ab7-56d3-4d73-ae35-646383c140e3,1422,1785907733716456709,1785907734201949709,485,true,0.534141,0.47156
185b3449-be8f-4e45-b298-8c58e12b80ce,dd102ab7-56d3-4d73-ae35-646383c140e3,1423,1785907734337074709,1785907734562333709,225,true,0.526683,0.479717
185b3449-be8f-4e45-b298-8c58e12b80ce,dd102ab7-56d3-4d73-ae35-646383c140e3,1424,1785907734597324709,1785907735443085709,845,true,0.663455,0.696498
185b3449-be8f-4e45-b298-8c58e12b80ce,dd102ab7-56d3-4d73-ae35-646383c140e3,1425,1785907735478198709,1785907735718323709,240,true,0.54475,0.491465
185b3449-be8f-4e45-b298-8c58e12b80ce,dd102ab7-56d3-4d73-ae35-646383c140e3,1426,1785907735758448709,1785907736088698709,330,true,0.707145,0.682256
185b3449-be8f-4e45-b298-8c58e12b80ce,dd102ab7-56d3-4d73-ae35-646383c140e3,1427,1785907736128698709,1785907736223823709,95,true,0.530475,0.850318
185b3449-be8f-4e45-b298-8c58e12b80ce,dd102ab7-56d3-4d73-ae35-646383c140e3,1428,1785907736459085709,1785907737510072709,1050,true,0.517414,0.461403
185b3449-be8f-4e45-b298-8c58e12b80ce,dd102ab7-56d3-4d73-ae35-646383c140e3,1429,1785907737635202709,1785907737845322709,210,true,0.528747,0.523264
185b3449-be8f-4e45-b298-8c58e12b80ce,dd102ab7-56d3-4d73-ae35-646383c140e3,1430,1785907737885447709,1785907738290822709,405,true,0.676801,0.716874
185b3449-be8f-4e45-b298-8c58e12b80ce,dd102ab7-56d3-4d73-ae35-646383c140e3,1431,1785907738460947709,1785907738480947709,20,true,0.38482,0.693274
185b3449-be8f-4e45-b298-8c58e12b80ce,dd102ab7-56d3-4d73-ae35-646383c140e3,1432,1785907738531082709,1785907739216697709,685,true,0.685068,0.678984
185b3449-be8f-4e45-b298-8c58e12b80ce,dd102ab7-56d3-4d73-ae35-646383c140e3,1433,1785907739251696709,1785907739476954709,225,true,0.524687,0.648274
185b3449-be8f-4e45-b298-8c58e12b80ce,dd102ab7-56d3-4d73-ae35-646383c140e3,1434,1785907739511946709,1785907739857196709,345,true,0.553713,0.443926
185b3449-be8f-4e45-b298-8c58e12b80ce,dd102ab7-56d3-4d73-ae35-646383c140e3,1435,1785907739872321709,1785907740152571709,280,true,0.569078,0.521793
185b3449-be8f-4e45-b298-8c58e12b80ce,dd102ab7-56d3-4d73-ae35-646383c140e3,1436,1785907740187571709,1785907740337709709,150,true,0.574608,0.371894
185b3449-be8f-4e45-b298-8c58e12b80ce,dd102ab7-56d3-4d73-ae35-646383c140e3,1437,1785907740372696709,1785907740683071709,310,true,0.636792,0.512579
185b3449-be8f-4e45-b298-8c58e12b80ce,dd102ab7-56d3-4d73-ae35-646383c140e3,1438,1785907740803200709,1785907741323584709,520,true,0.616821,0.379533
185b3449-be8f-4e45-b298-8c58e12b80ce,dd102ab7-56d3-4d73-ae35-646383c140e3,1439,1785907741348695709,1785907741759074709,410,true,0.687179,0.394848
185b3449-be8f-4e45-b298-8c58e12b80ce,dd102ab7-56d3-4d73-ae35-646383c140e3,1440,1785907741789070709,1785907742004320709,215,true,0.610486,0.399594
185b3449-be8f-4e45-b298-8c58e12b80ce,dd102ab7-56d3-4d73-ae35-646383c140e3,1441,1785907742054320709,1785907742239445709,185,true,0.488716,0.677822
185b3449-be8f-4e45-b298-8c58e12b80ce,dd102ab7-56d3-4d73-ae35-646383c140e3,1442,1785907742269575709,1785907742444695709,175,true,0.554474,0.78015
185b3449-be8f-4e45-b298-8c58e12b80ce,dd102ab7-56d3-4d73-ae35-646383c140e3,1443,1785907742484695709,1785907742689948709,205,true,0.459007,0.524878
185b3449-be8f-4e45-b298-8c58e12b80ce,dd102ab7-56d3-4d73-ae35-646383c140e3,1444,1785907742724945709,1785907742960195709,235,true,0.614986,0.494383
185b3449-be8f-4e45-b298-8c58e12b80ce,dd102ab7-56d3-4d73-ae35-646383c140e3,1445,1785907742990195709,1785907743280445709,290,true,0.633107,0.374985
185b3449-be8f-4e45-b298-8c58e12b80ce,dd102ab7-56d3-4d73-ae35-646383c140e3,1446,1785907743300445709,1785907743435569709,135,true,0.684815,0.423812
185b3449-be8f-4e45-b298-8c58e12b80ce,dd102ab7-56d3-4d73-ae35-646383c140e3,1447,1785907743545694709,1785907743956069709,410,true,0.604576,0.546054
185b3449-be8f-4e45-b298-8c58e12b80ce,dd102ab7-56d3-4d73-ae35-646383c140e3,1448,1785907743986069709,1785907744176325709,190,true,0.55344,0.423241
185b3449-be8f-4e45-b298-8c58e12b80ce,dd102ab7-56d3-4d73-ae35-646383c140e3,1449,1785907744231329709,1785907744431569709,200,true,0.485918,0.213066
185b3449-be8f-4e45-b298-8c58e12b80ce,dd102ab7-56d3-4d73-ae35-646383c140e3,1450,1785907744461569709,1785907744861944709,400,true,0.527758,0.144928
185b3449-be8f-4e45-b298-8c58e12b80ce,dd102ab7-56d3-4d73-ae35-646383c140e3,1451,1785907744881944709,1785907745212318709,330,true,0.546466,0.148502
185b3449-be8f-4e45-b298-8c58e12b80ce,dd102ab7-56d3-4d73-ae35-646383c140e3,1452,1785907745372444709,1785907745597693709,225,true,0.481611,0.165241
185b3449-be8f-4e45-b298-8c58e12b80ce,dd102ab7-56d3-4d73-ae35-646383c140e3,1453,1785907745752818709,1785907745887943709,135,true,0.55712,0.649419
185b3449-be8f-4e45-b298-8c58e12b80ce,dd102ab7-56d3-4d73-ae35-646383c140e3,1454,1785907745917943709,1785907746193193709,275,true,0.520809,0.495012
185b3449-be8f-4e45-b298-8c58e12b80ce,dd102ab7-56d3-4d73-ae35-646383c140e3,1455,1785907746238193709,1785907746558568709,320,true,0.667789,0.734655
185b3449-be8f-4e45-b298-8c58e12b80ce,dd102ab7-56d3-4d73-ae35-646383c140e3,1456,1785907746608568709,1785907746788693709,180,true,0.509795,0.509593
185b3449-be8f-4e45-b298-8c58e12b80ce,dd102ab7-56d3-4d73-ae35-646383c140e3,1457,1785907746823818709,1785907747154068709,330,true,0.561163,0.627642
185b3449-be8f-4e45-b298-8c58e12b80ce,dd102ab7-56d3-4d73-ae35-646383c140e3,1458,1785907747189068709,1785907747534442709,345,true,0.536671,0.805976
185b3449-be8f-4e45-b298-8c58e12b80ce,dd102ab7-56d3-4d73-ae35-646383c140e3,1459,1785907747674567709,1785907747924817709,250,true,0.514515,0.829073
185b3449-be8f-4e45-b298-8c58e12b80ce,dd102ab7-56d3-4d73-ae35-646383c140e3,1460,1785907747944817709,1785907748155076709,210,true,0.518979,0.683404
185b3449-be8f-4e45-b298-8c58e12b80ce,dd102ab7-56d3-4d73-ae35-646383c140e3,1461,1785907748185067709,1785907748615442709,430,true,0.527708,0.814092
185b3449-be8f-4e45-b298-8c58e12b80ce,dd102ab7-56d3-4d73-ae35-646383c140e3,1462,1785907748655443709,1785907749150942709,495,true,0.39262,0.691664
185b3449-be8f-4e45-b298-8c58e12b80ce,dd102ab7-56d3-4d73-ae35-646383c140e3,1463,1785907749185946709,1785907749406192709,220,true,0.5517,0.80772
185b3449-be8f-4e45-b298-8c58e12b80ce,dd102ab7-56d3-4d73-ae35-646383c140e3,1464,1785907749441191709,1785907749826566709,385,true,0.388701,0.616861
185b3449-be8f-4e45-b298-8c58e12b80ce,dd102ab7-56d3-4d73-ae35-646383c140e3,1465,1785907749966699709,1785907751287941709,1321,true,0.384611,0.653603
185b3449-be8f-4e45-b298-8c58e12b80ce,dd102ab7-56d3-4d73-ae35-646383c140e3,1466,1785907751322951709,1785907752013690709,690,true,0.515509,0.813544
185b3449-be8f-4e45-b298-8c58e12b80ce,dd102ab7-56d3-4d73-ae35-646383c140e3,1467,1785907752058690709,1785907752333940709,275,true,0.383749,0.677196
185b3449-be8f-4e45-b298-8c58e12b80ce,dd102ab7-56d3-4d73-ae35-646383c140e3,1468,1785907752434065709,1785907752634197709,200,true,0.507697,0.524821
185b3449-be8f-4e45-b298-8c58e12b80ce,dd102ab7-56d3-4d73-ae35-646383c140e3,1469,1785907752669315709,1785907752989565709,320,true,0.647264,0.531646
185b3449-be8f-4e45-b298-8c58e12b80ce,dd102ab7-56d3-4d73-ae35-646383c140e3,1470,1785907753019565709,1785907753455065709,435,true,0.661449,0.39709
185b3449-be8f-4e45-b298-8c58e12b80ce,dd102ab7-56d3-4d73-ae35-646383c140e3,1471,1785907753565069709,1785907753795319709,230,true,0.618142,0.39456
185b3449-be8f-4e45-b298-8c58e12b80ce,dd102ab7-56d3-4d73-ae35-646383c140e3,1472,1785907753825314709,1785907754100564709,275,true,0.689244,0.42711
185b3449-be8f-4e45-b298-8c58e12b80ce,dd102ab7-56d3-4d73-ae35-646383c140e3,1473,1785907754125689709,1785907754500939709,375,true,0.634947,0.369582
185b3449-be8f-4e45-b298-8c58e12b80ce,dd102ab7-56d3-4d73-ae35-646383c140e3,1474,1785907754526064709,1785907754721189709,195,true,0.680274,0.415667
185b3449-be8f-4e45-b298-8c58e12b80ce,dd102ab7-56d3-4d73-ae35-646383c140e3,1475,1785907754881314709,1785907755116564709,235,true,0.459528,0.549393
185b3449-be8f-4e45-b298-8c58e12b80ce,dd102ab7-56d3-4d73-ae35-646383c140e3,1476,1785907755156564709,1785907755587064709,430,true,0.542143,0.724981
185b3449-be8f-4e45-b298-8c58e12b80ce,dd102ab7-56d3-4d73-ae35-646383c140e3,1477,1785907755612063709,1785907755747188709,135,true,0.553194,0.65922
185b3449-be8f-4e45-b298-8c58e12b80ce,dd102ab7-56d3-4d73-ae35-646383c140e3,1478,1785907755782197709,1785907755912313709,130,true,0.625496,0.494001
185b3449-be8f-4e45-b298-8c58e12b80ce,dd102ab7-56d3-4d73-ae35-646383c140e3,1479,1785907755957313709,1785907756262688709,305,true,0.481012,0.388731
185b3449-be8f-4e45-b298-8c58e12b80ce,dd102ab7-56d3-4d73-ae35-646383c140e3,1480,1785907756427820709,1785907756602938709,175,true,0.497968,0.180729
185b3449-be8f-4e45-b298-8c58e12b80ce,dd102ab7-56d3-4d73-ae35-646383c140e3,1481,1785907756627943709,1785907757043313709,415,true,0.517593,0.099845
185b3449-be8f-4e45-b298-8c58e12b80ce,dd102ab7-56d3-4d73-ae35-646383c140e3,1482,1785907757053325709,1785907757433688709,380,true,0.532478,0.134572
185b3449-be8f-4e45-b298-8c58e12b80ce,dd102ab7-56d3-4d73-ae35-646383c140e3,1483,1785907757473813709,1785907757663938709,190,true,0.491723,0.431415
185b3449-be8f-4e45-b298-8c58e12b80ce,dd102ab7-56d3-4d73-ae35-646383c140e3,1484,1785907757759063709,1785907758489687709,730,true,0.525851,0.453043
185b3449-be8f-4e45-b298-8c58e12b80ce,dd102ab7-56d3-4d73-ae35-646383c140e3,1485,1785907758524812709,1785907758654937709,130,true,0.511094,0.581307
185b3449-be8f-4e45-b298-8c58e12b80ce,dd102ab7-56d3-4d73-ae35-646383c140e3,1486,1785907758689937709,1785907758935187709,245,true,0.523637,0.427681
185b3449-be8f-4e45-b298-8c58e12b80ce,dd102ab7-56d3-4d73-ae35-646383c140e3,1487,1785907759025188709,1785907759260437709,235,true,0.514708,0.481772
185b3449-be8f-4e45-b298-8c58e12b80ce,dd102ab7-56d3-4d73-ae35-646383c140e3,1488,1785907759300437709,1785907759735937709,435,true,0.384253,0.666862
185b3449-be8f-4e45-b298-8c58e12b80ce,dd102ab7-56d3-4d73-ae35-646383c140e3,1489,1785907759780936709,1785907759941069709,160,true,0.53448,0.424929
185b3449-be8f-4e45-b298-8c58e12b80ce,dd102ab7-56d3-4d73-ae35-646383c140e3,1490,1785907760081186709,1785907760316436709,235,true,0.517094,0.474909
185b3449-be8f-4e45-b298-8c58e12b80ce,dd102ab7-56d3-4d73-ae35-646383c140e3,1491,1785907760366436709,1785907760571686709,205,true,0.693763,0.63264
185b3449-be8f-4e45-b298-8c58e12b80ce,dd102ab7-56d3-4d73-ae35-646383c140e3,1492,1785907760616698709,1785907760952068709,335,true,0.556666,0.44062
185b3449-be8f-4e45-b298-8c58e12b80ce,dd102ab7-56d3-4d73-ae35-646383c140e3,1493,1785907760997061709,1785907761472561709,475,true,0.699837,0.685771
185b3449-be8f-4e45-b298-8c58e12b80ce,dd102ab7-56d3-4d73-ae35-646383c140e3,1494,1785907761512570709,1785907761717815709,205,true,0.550565,0.776043
185b3449-be8f-4e45-b298-8c58e12b80ce,dd102ab7-56d3-4d73-ae35-646383c140e3,1495,1785907761797810709,1785907761988060709,190,true,0.525784,0.462196
185b3449-be8f-4e45-b298-8c58e12b80ce,dd102ab7-56d3-4d73-ae35-646383c140e3,1496,1785907762028063709,1785907762563571709,535,true,0.538393,0.825512
185b3449-be8f-4e45-b298-8c58e12b80ce,dd102ab7-56d3-4d73-ae35-646383c140e3,1497,1785907762598560709,1785907763319310709,720,true,0.685246,0.638206
185b3449-be8f-4e45-b298-8c58e12b80ce,dd102ab7-56d3-4d73-ae35-646383c140e3,1498,1785907763369310709,1785907763654560709,285,true,0.530458,0.179325
185b3449-be8f-4e45-b298-8c58e12b80ce,dd102ab7-56d3-4d73-ae35-646383c140e3,1499,1785907763714559709,1785907763959825709,245,true,0.669162,0.628686
185b3449-be8f-4e45-b298-8c58e12b80ce,dd102ab7-56d3-4d73-ae35-646383c140e3,1500,1785907764049934709,1785907764290186709,240,true,0.532296,0.869183
185b3449-be8f-4e45-b298-8c58e12b80ce,dd102ab7-56d3-4d73-ae35-646383c140e3,1501,1785907764345188709,1785907764850694709,505,true,0.69738,0.654742
185b3449-be8f-4e45-b298-8c58e12b80ce,dd102ab7-56d3-4d73-ae35-646383c140e3,1502,1785907764885684709,1785907765216059709,330,true,0.625804,0.524925
185b3449-be8f-4e45-b298-8c58e12b80ce,dd102ab7-56d3-4d73-ae35-646383c140e3,1503,1785907765246063709,1785907765511309709,265,true,0.674404,0.388643
185b3449-be8f-4e45-b298-8c58e12b80ce,dd102ab7-56d3-4d73-ae35-646383c140e3,1504,1785907765656434709,1785907765806558709,150,true,0.615753,0.582169
185b3449-be8f-4e45-b298-8c58e12b80ce,dd102ab7-56d3-4d73-ae35-646383c140e3,1505,1785907765846558709,1785907766011813709,165,true,0.478858,0.402909
185b3449-be8f-4e45-b298-8c58e12b80ce,dd102ab7-56d3-4d73-ae35-646383c140e3,1506,1785907766051808709,1785907766437183709,385,true,0.523859,0.684231
185b3449-be8f-4e45-b298-8c58e12b80ce,dd102ab7-56d3-4d73-ae35-646383c140e3,1507,1785907766472183709,1785907766742433709,270,true,0.643501,0.485351
185b3449-be8f-4e45-b298-8c58e12b80ce,dd102ab7-56d3-4d73-ae35-646383c140e3,1508,1785907766777445709,1785907767353058709,575,true,0.684677,0.375345
185b3449-be8f-4e45-b298-8c58e12b80ce,dd102ab7-56d3-4d73-ae35-646383c140e3,1509,1785907767448183709,1785907767653312709,205,true,0.636585,0.394877
185b3449-be8f-4e45-b298-8c58e12b80ce,dd102ab7-56d3-4d73-ae35-646383c140e3,1510,1785907767723319709,1785907768208807709,485,true,0.678447,0.378518
185b3449-be8f-4e45-b298-8c58e12b80ce,dd102ab7-56d3-4d73-ae35-646383c140e3,1511,1785907768233812709,1785907768499057709,265,true,0.629431,0.328505
185b3449-be8f-4e45-b298-8c58e12b80ce,dd102ab7-56d3-4d73-ae35-646383c140e3,1512,1785907768619182709,1785907768924557709,305,true,0.464088,0.424252
185b3449-be8f-4e45-b298-8c58e12b80ce,dd102ab7-56d3-4d73-ae35-646383c140e3,1513,1785907768959557709,1785907769169682709,210,true,0.572406,0.309654
185b3449-be8f-4e45-b298-8c58e12b80ce,dd102ab7-56d3-4d73-ae35-646383c140e3,1514,1785907769204807709,1785907769555057709,350,true,0.558414,0.081115
185b3449-be8f-4e45-b298-8c58e12b80ce,dd102ab7-56d3-4d73-ae35-646383c140e3,1515,1785907769630182709,1785907769865432709,235,true,0.595028,0.466428
185b3449-be8f-4e45-b298-8c58e12b80ce,dd102ab7-56d3-4d73-ae35-646383c140e3,1516,1785907769895440709,1785907770070557709,175,true,0.541052,0.364677
185b3449-be8f-4e45-b298-8c58e12b80ce,dd102ab7-56d3-4d73-ae35-646383c140e3,1517,1785907770105556709,1785907770526056709,420,true,0.546518,0.109905
185b3449-be8f-4e45-b298-8c58e12b80ce,dd102ab7-56d3-4d73-ae35-646383c140e3,1518,1785907770611070709,1785907770786306709,175,true,0.549281,0.709733
185b3449-be8f-4e45-b298-8c58e12b80ce,dd102ab7-56d3-4d73-ae35-646383c140e3,1519,1785907770816306709,1785907771346806709,530,true,0.557847,0.857386
185b3449-be8f-4e45-b298-8c58e12b80ce,dd102ab7-56d3-4d73-ae35-646383c140e3,1520,1785907771391806709,1785907771511941709,120,true,0.558173,0.648467
185b3449-be8f-4e45-b298-8c58e12b80ce,dd102ab7-56d3-4d73-ae35-646383c140e3,1521,1785907771541931709,1785907771697055709,155,true,0.69442,0.691425
185b3449-be8f-4e45-b298-8c58e12b80ce,dd102ab7-56d3-4d73-ae35-646383c140e3,1522,1785907771732181709,1785907771857306709,125,true,0.533003,0.777385
185b3449-be8f-4e45-b298-8c58e12b80ce,dd102ab7-56d3-4d73-ae35-646383c140e3,1523,1785907771902305709,1785907772017430709,115,true,0.382335,0.710381
185b3449-be8f-4e45-b298-8c58e12b80ce,dd102ab7-56d3-4d73-ae35-646383c140e3,1524,1785907772152555709,1785907772287680709,135,true,0.38971,0.741728
185b3449-be8f-4e45-b298-8c58e12b80ce,dd102ab7-56d3-4d73-ae35-646383c140e3,1525,1785907772332680709,1785907773628929709,1296,true,0.542954,0.451037
185b3449-be8f-4e45-b298-8c58e12b80ce,dd102ab7-56d3-4d73-ae35-646383c140e3,1526,1785907773668930709,1785907774314554709,645,true,0.540754,0.843018
185b3449-be8f-4e45-b298-8c58e12b80ce,dd102ab7-56d3-4d73-ae35-646383c140e3,1527,1785907774369554709,1785907774825054709,455,true,0.68616,0.652052
185b3449-be8f-4e45-b298-8c58e12b80ce,dd102ab7-56d3-4d73-ae35-646383c140e3,1528,1785907774860054709,1785907775285429709,425,true,0.554982,0.492456
185b3449-be8f-4e45-b298-8c58e12b80ce,dd102ab7-56d3-4d73-ae35-646383c140e3,1529,1785907775410554709,1785907776041178709,630,true,0.5298,0.866613
185b3449-be8f-4e45-b298-8c58e12b80ce,dd102ab7-56d3-4d73-ae35-646383c140e3,1530,1785907776086178709,1785907776291428709,205,true,0.53222,0.466753
185b3449-be8f-4e45-b298-8c58e12b80ce,dd102ab7-56d3-4d73-ae35-646383c140e3,1531,1785907776331441709,1785907776481562709,150,true,0.533948,0.815903
185b3449-be8f-4e45-b298-8c58e12b80ce,dd102ab7-56d3-4d73-ae35-646383c140e3,1532,1785907776531678709,1785907777017053709,485,true,0.59212,0.405379
185b3449-be8f-4e45-b298-8c58e12b80ce,dd102ab7-56d3-4d73-ae35-646383c140e3,1533,1785907777047178709,1785907777397428709,350,true,0.634249,0.531118
185b3449-be8f-4e45-b298-8c58e12b80ce,dd102ab7-56d3-4d73-ae35-646383c140e3,1534,1785907777422428709,1785907777522553709,100,true,0.585457,0.606035
185b3449-be8f-4e45-b298-8c58e12b80ce,dd102ab7-56d3-4d73-ae35-646383c140e3,1535,1785907777602678709,1785907778393431709,790,true,0.643746,0.408975
185b3449-be8f-4e45-b298-8c58e12b80ce,dd102ab7-56d3-4d73-ae35-646383c140e3,1536,1785907778423427709,1785907778698677709,275,true,0.707608,0.437775
185b3449-be8f-4e45-b298-8c58e12b80ce,dd102ab7-56d3-4d73-ae35-646383c140e3,1537,1785907778753677709,1785907778978927709,225,true,0.672528,0.473455
185b3449-be8f-4e45-b298-8c58e12b80ce,dd102ab7-56d3-4d73-ae35-646383c140e3,1538,1785907779023927709,1785907779204177709,180,true,0.462968,0.38961
185b3449-be8f-4e45-b298-8c58e12b80ce,dd102ab7-56d3-4d73-ae35-646383c140e3,1539,1785907779254177709,1785907779694551709,440,true,0.532017,0.702603
185b3449-be8f-4e45-b298-8c58e12b80ce,dd102ab7-56d3-4d73-ae35-646383c140e3,1540,1785907779804676709,1785907780089926709,285,true,0.566076,0.523397
185b3449-be8f-4e45-b298-8c58e12b80ce,dd102ab7-56d3-4d73-ae35-646383c140e3,1541,1785907780185062709,1785907780365176709,180,false,0.291155,1.650343
185b3449-be8f-4e45-b298-8c58e12b80ce,dd102ab7-56d3-4d73-ae35-646383c140e3,1542,1785907780460308709,1785907780720553709,260,true,0.592832,0.415188
185b3449-be8f-4e45-b298-8c58e12b80ce,dd102ab7-56d3-4d73-ae35-646383c140e3,1543,1785907780785676709,1785907780930801709,145,true,0.216682,0.404681
185b3449-be8f-4e45-b298-8c58e12b80ce,dd102ab7-56d3-4d73-ae35-646383c140e3,1544,1785907781110926709,1785907781431182709,320,true,0.530471,0.416544
185b3449-be8f-4e45-b298-8c58e12b80ce,dd102ab7-56d3-4d73-ae35-646383c140e3,1545,1785907781466301709,1785907781841555709,375,true,0.613589,0.419202
185b3449-be8f-4e45-b298-8c58e12b80ce,dd102ab7-56d3-4d73-ae35-646383c140e3,1546,1785907781861676709,1785907782051800709,190,true,0.56364,0.46649
185b3449-be8f-4e45-b298-8c58e12b80ce,dd102ab7-56d3-4d73-ae35-646383c140e3,1547,1785907782096801709,1785907782282050709,185,true,0.565179,0.304875
185b3449-be8f-4e45-b298-8c58e12b80ce,dd102ab7-56d3-4d73-ae35-646383c140e3,1548,1785907782312050709,1785907782802554709,490,true,0.543386,0.176932
185b3449-be8f-4e45-b298-8c58e12b80ce,dd102ab7-56d3-4d73-ae35-646383c140e3,1549,1785907782882550709,1785907783287933709,405,true,0.544951,0.614008
185b3449-be8f-4e45-b298-8c58e12b80ce,dd102ab7-56d3-4d73-ae35-646383c140e3,1550,1785907783333050709,1785907783453175709,120,true,0.689352,0.63299
185b3449-be8f-4e45-b298-8c58e12b80ce,dd102ab7-56d3-4d73-ae35-646383c140e3,1551,1785907783498175709,1785907783983561709,485,true,0.548236,0.825696
185b3449-be8f-4e45-b298-8c58e12b80ce,dd102ab7-56d3-4d73-ae35-646383c140e3,1552,1785907784028679709,1785907784158799709,130,true,0.510661,0.483206
185b3449-be8f-4e45-b298-8c58e12b80ce,dd102ab7-56d3-4d73-ae35-646383c140e3,1553,1785907784228805709,1785907784559174709,330,true,0.521651,0.588279
185b3449-be8f-4e45-b298-8c58e12b80ce,dd102ab7-56d3-4d73-ae35-646383c140e3,1554,1785907784599179709,1785907784889436709,290,true,0.693657,0.636477
185b3449-be8f-4e45-b298-8c58e12b80ce,dd102ab7-56d3-4d73-ae35-646383c140e3,1555,1785907784919561709,1785907785124674709,205,true,0.530137,0.819374
185b3449-be8f-4e45-b298-8c58e12b80ce,dd102ab7-56d3-4d73-ae35-646383c140e3,1556,1785907785159678709,1785907785545049709,385,true,0.390101,0.685011
185b3449-be8f-4e45-b298-8c58e12b80ce,dd102ab7-56d3-4d73-ae35-646383c140e3,1557,1785907785685173709,1785907786000548709,315,true,0.391144,0.714908
185b3449-be8f-4e45-b298-8c58e12b80ce,dd102ab7-56d3-4d73-ae35-646383c140e3,1558,1785907786045548709,1785907786400923709,355,true,0.52613,0.857097
185b3449-be8f-4e45-b298-8c58e12b80ce,dd102ab7-56d3-4d73-ae35-646383c140e3,1559,1785907786420923709,1785907786666173709,245,true,0.520981,0.721623
185b3449-be8f-4e45-b298-8c58e12b80ce,dd102ab7-56d3-4d73-ae35-646383c140e3,1560,1785907786691173709,1785907786951423709,260,true,0.49711,0.590499
185b3449-be8f-4e45-b298-8c58e12b80ce,dd102ab7-56d3-4d73-ae35-646383c140e3,1561,1785907786986423709,1785907787206673709,220,true,0.394673,0.637284
185b3449-be8f-4e45-b298-8c58e12b80ce,dd102ab7-56d3-4d73-ae35-646383c140e3,1562,1785907787246680709,1785907787546924709,300,true,0.526541,0.854239
185b3449-be8f-4e45-b298-8c58e12b80ce,dd102ab7-56d3-4d73-ae35-646383c140e3,1563,1785907787582058709,1785907787852309709,270,true,0.391742,0.638163
185b3449-be8f-4e45-b298-8c58e12b80ce,dd102ab7-56d3-4d73-ae35-646383c140e3,1564,1785907787892298709,1785907788167547709,275,true,0.52866,0.806111
185b3449-be8f-4e45-b298-8c58e12b80ce,dd102ab7-56d3-4d73-ae35-646383c140e3,1565,1785907788297672709,1785907788658047709,360,true,0.646177,0.53038
185b3449-be8f-4e45-b298-8c58e12b80ce,dd102ab7-56d3-4d73-ae35-646383c140e3,1566,1785907788688051709,1785907788863172709,175,true,0.653274,0.399597
185b3449-be8f-4e45-b298-8c58e12b80ce,dd102ab7-56d3-4d73-ae35-646383c140e3,1567,1785907789038307709,1785907789413672709,375,true,0.472164,0.368767
185b3449-be8f-4e45-b298-8c58e12b80ce,dd102ab7-56d3-4d73-ae35-646383c140e3,1568,1785907789448797709,1785907789719046709,270,true,0.65149,0.415537
185b3449-be8f-4e45-b298-8c58e12b80ce,dd102ab7-56d3-4d73-ae35-646383c140e3,1569,1785907789749046709,1785907790199421709,450,true,0.683631,0.430097
185b3449-be8f-4e45-b298-8c58e12b80ce,dd102ab7-56d3-4d73-ae35-646383c140e3,1570,1785907790294546709,1785907790524800709,230,true,0.633808,0.549121
185b3449-be8f-4e45-b298-8c58e12b80ce,dd102ab7-56d3-4d73-ae35-646383c140e3,1571,1785907790579796709,1785907791075296709,495,true,0.463332,0.395288
185b3449-be8f-4e45-b298-8c58e12b80ce,dd102ab7-56d3-4d73-ae35-646383c140e3,1572,1785907791260421709,1785907791355546709,95,true,0.646047,0.553667
185b3449-be8f-4e45-b298-8c58e12b80ce,dd102ab7-56d3-4d73-ae35-646383c140e3,1573,1785907791560671709,1785907791730921709,170,true,0.54478,0.660932
185b3449-be8f-4e45-b298-8c58e12b80ce,dd102ab7-56d3-4d73-ae35-646383c140e3,1574,1785907791961045709,1785907792006170709,45,true,0.522103,0.500291
185b3449-be8f-4e45-b298-8c58e12b80ce,dd102ab7-56d3-4d73-ae35-646383c140e3,1575,1785907792241420709,1785907792361420709,120,true,0.480362,0.318426
185b3449-be8f-4e45-b298-8c58e12b80ce,dd102ab7-56d3-4d73-ae35-646383c140e3,1577,1785907793127170709,1785907793197300709,70,true,0.440317,0.067554
185b3449-be8f-4e45-b298-8c58e12b80ce,dd102ab7-56d3-4d73-ae35-646383c140e3,1578,1785907793542545709,1785907793637680709,95,true,0.366145,0.28838
185b3449-be8f-4e45-b298-8c58e12b80ce,dd102ab7-56d3-4d73-ae35-646383c140e3,1579,1785907793757795709,1785907793822795709,65,true,0.461669,0.595786
185b3449-be8f-4e45-b298-8c58e12b80ce,dd102ab7-56d3-4d73-ae35-646383c140e3,1581,1785907794613544709,1785907794663669709,50,true,0.458612,0.46922
185b3449-be8f-4e45-b298-8c58e12b80ce,dd102ab7-56d3-4d73-ae35-646383c140e3,1582,1785907794988919709,1785907795504426709,515,true,0.63711,0.64223
185b3449-be8f-4e45-b298-8c58e12b80ce,dd102ab7-56d3-4d73-ae35-646383c140e3,1583,1785907795594544709,1785907795829669709,235,true,0.598648,0.67544
185b3449-be8f-4e45-b298-8c58e12b80ce,dd102ab7-56d3-4d73-ae35-646383c140e3,1584,1785907795869793709,1785907796500418709,630,true,0.491021,0.528053
185b3449-be8f-4e45-b298-8c58e12b80ce,dd102ab7-56d3-4d73-ae35-646383c140e3,1585,1785907796525418709,1785907797070918709,545,true,0.487092,0.448323
185b3449-be8f-4e45-b298-8c58e12b80ce,dd102ab7-56d3-4d73-ae35-646383c140e3,1586,1785907797226043709,1785907797536293709,310,true,0.471442,0.508796
185b3449-be8f-4e45-b298-8c58e12b80ce,dd102ab7-56d3-4d73-ae35-646383c140e3,1587,1785907797581423709,1785907797826542709,245,true,0.361285,0.628352
185b3449-be8f-4e45-b298-8c58e12b80ce,dd102ab7-56d3-4d73-ae35-646383c140e3,1588,1785907797876667709,1785907798221917709,345,true,0.497982,0.641233
185b3449-be8f-4e45-b298-8c58e12b80ce,dd102ab7-56d3-4d73-ae35-646383c140e3,1589,1785907798422167709,1785907798997667709,575,true,0.605629,0.651783
185b3449-be8f-4e45-b298-8c58e12b80ce,dd102ab7-56d3-4d73-ae35-646383c140e3,1590,1785907799027667709,1785907799353042709,325,true,0.498351,0.664437
185b3449-be8f-4e45-b298-8c58e12b80ce,dd102ab7-56d3-4d73-ae35-646383c140e3,1591,1785907799388047709,1785907800048666709,660,true,0.625447,0.642895
185b3449-be8f-4e45-b298-8c58e12b80ce,dd102ab7-56d3-4d73-ae35-646383c140e3,1592,1785907800083672709,1785907801164791709,1081,true,0.504116,0.472674
185b3449-be8f-4e45-b298-8c58e12b80ce,dd102ab7-56d3-4d73-ae35-646383c140e3,1593,1785907801194791709,1785907801299916709,105,true,0.61328,0.641138
185b3449-be8f-4e45-b298-8c58e12b80ce,dd102ab7-56d3-4d73-ae35-646383c140e3,1594,1785907801419916709,1785907801600166709,180,true,0.569525,0.529666
185b3449-be8f-4e45-b298-8c58e12b80ce,dd102ab7-56d3-4d73-ae35-646383c140e3,1595,1785907801650166709,1785907801900416709,250,true,0.527196,0.269864
185b3449-be8f-4e45-b298-8c58e12b80ce,dd102ab7-56d3-4d73-ae35-646383c140e3,1596,1785907801945415709,1785907802160666709,215,true,0.558227,0.607432
185b3449-be8f-4e45-b298-8c58e12b80ce,dd102ab7-56d3-4d73-ae35-646383c140e3,1597,1785907802190665709,1785907802300797709,110,true,0.641092,0.655443
185b3449-be8f-4e45-b298-8c58e12b80ce,dd102ab7-56d3-4d73-ae35-646383c140e3,1598,1785907802320795709,1785907802566040709,245,true,0.602666,0.52795
185b3449-be8f-4e45-b298-8c58e12b80ce,dd102ab7-56d3-4d73-ae35-646383c140e3,1599,1785907802601040709,1785907802956415709,355,true,0.62671,0.361846
185b3449-be8f-4e45-b298-8c58e12b80ce,dd102ab7-56d3-4d73-ae35-646383c140e3,1600,1785907803071540709,1785907803687040709,615,true,0.608844,0.367015
185b3449-be8f-4e45-b298-8c58e12b80ce,dd102ab7-56d3-4d73-ae35-646383c140e3,1601,1785907803727165709,1785907804152539709,425,true,0.424907,0.446384
185b3449-be8f-4e45-b298-8c58e12b80ce,dd102ab7-56d3-4d73-ae35-646383c140e3,1602,1785907804187539709,1785907804367789709,180,true,0.569299,0.542249
185b3449-be8f-4e45-b298-8c58e12b80ce,dd102ab7-56d3-4d73-ae35-646383c140e3,1603,1785907804402789709,1785907804668039709,265,true,0.48174,0.665385
185b3449-be8f-4e45-b298-8c58e12b80ce,dd102ab7-56d3-4d73-ae35-646383c140e3,1604,1785907804718039709,1785907804843164709,125,true,0.416461,0.5375
185b3449-be8f-4e45-b298-8c58e12b80ce,dd102ab7-56d3-4d73-ae35-646383c140e3,1605,1785907804883167709,1785907805073414709,190,true,0.583775,0.531477
185b3449-be8f-4e45-b298-8c58e12b80ce,dd102ab7-56d3-4d73-ae35-646383c140e3,1606,1785907805673916709,1785907805784038709,110,true,0.477849,0.315193
185b3449-be8f-4e45-b298-8c58e12b80ce,dd102ab7-56d3-4d73-ae35-646383c140e3,1607,1785907805954168709,1785907806099413709,145,true,0.460051,0.378928
185b3449-be8f-4e45-b298-8c58e12b80ce,dd102ab7-56d3-4d73-ae35-646383c140e3,1608,1785907806129415709,1785907806449663709,320,true,0.527806,0.274377
185b3449-be8f-4e45-b298-8c58e12b80ce,dd102ab7-56d3-4d73-ae35-646383c140e3,1609,1785907806489663709,1785907806634923709,145,true,0.442374,0.292856
185b3449-be8f-4e45-b298-8c58e12b80ce,dd102ab7-56d3-4d73-ae35-646383c140e3,1611,1785907807045288709,1785907807345538709,300,true,0.495395,0.118695
185b3449-be8f-4e45-b298-8c58e12b80ce,dd102ab7-56d3-4d73-ae35-646383c140e3,1612,1785907807425552709,1785907807575788709,150,true,0.486512,0.621415
185b3449-be8f-4e45-b298-8c58e12b80ce,dd102ab7-56d3-4d73-ae35-646383c140e3,1613,1785907807610788709,1785907807931045709,320,true,0.509638,0.448811
185b3449-be8f-4e45-b298-8c58e12b80ce,dd102ab7-56d3-4d73-ae35-646383c140e3,1614,1785907807981162709,1785907808421537709,440,true,0.375261,0.605895
185b3449-be8f-4e45-b298-8c58e12b80ce,dd102ab7-56d3-4d73-ae35-646383c140e3,1615,1785907808461537709,1785907808846912709,385,true,0.497158,0.804855
185b3449-be8f-4e45-b298-8c58e12b80ce,dd102ab7-56d3-4d73-ae35-646383c140e3,1616,1785907808987046709,1785907809667662709,680,true,0.3688,0.652072
185b3449-be8f-4e45-b298-8c58e12b80ce,dd102ab7-56d3-4d73-ae35-646383c140e3,1617,1785907809702793709,1785907809963037709,260,true,0.496033,0.810632
185b3449-be8f-4e45-b298-8c58e12b80ce,dd102ab7-56d3-4d73-ae35-646383c140e3,1618,1785907810003036709,1785907810288286709,285,true,0.384567,0.63462
185b3449-be8f-4e45-b298-8c58e12b80ce,dd102ab7-56d3-4d73-ae35-646383c140e3,1619,1785907810338286709,1785907810838786709,500,true,0.48643,0.174544
185b3449-be8f-4e45-b298-8c58e12b80ce,dd102ab7-56d3-4d73-ae35-646383c140e3,1620,1785907810893911709,1785907811064049709,170,true,0.508549,0.591755
185b3449-be8f-4e45-b298-8c58e12b80ce,dd102ab7-56d3-4d73-ae35-646383c140e3,1621,1785907811099036709,1785907811349286709,250,true,0.594797,0.526809
185b3449-be8f-4e45-b298-8c58e12b80ce,dd102ab7-56d3-4d73-ae35-646383c140e3,1622,1785907811584536709,1785907812265167709,680,true,0.567547,0.365719
185b3449-be8f-4e45-b298-8c58e12b80ce,dd102ab7-56d3-4d73-ae35-646383c140e3,1623,1785907812285160709,1785907812385285709,100,true,0.64027,0.381677
185b3449-be8f-4e45-b298-8c58e12b80ce,dd102ab7-56d3-4d73-ae35-646383c140e3,1624,1785907812570410709,1785907813211035709,640,true,0.416867,0.397152
185b3449-be8f-4e45-b298-8c58e12b80ce,dd102ab7-56d3-4d73-ae35-646383c140e3,1625,1785907813256047709,1785907813796534709,540,true,0.600623,0.446218
185b3449-be8f-4e45-b298-8c58e12b80ce,dd102ab7-56d3-4d73-ae35-646383c140e3,1626,1785907813816535709,1785907813991785709,175,true,0.598848,0.357706
185b3449-be8f-4e45-b298-8c58e12b80ce,dd102ab7-56d3-4d73-ae35-646383c140e3,1627,1785907814031784709,1785907814297046709,265,true,0.431553,0.41594
185b3449-be8f-4e45-b298-8c58e12b80ce,dd102ab7-56d3-4d73-ae35-646383c140e3,1628,1785907814342034709,1785907814567284709,225,true,0.581767,0.477903
185b3449-be8f-4e45-b298-8c58e12b80ce,dd102ab7-56d3-4d73-ae35-646383c140e3,1629,1785907814687409709,1785907814887534709,200,true,0.4874,0.36989
185b3449-be8f-4e45-b298-8c58e12b80ce,dd102ab7-56d3-4d73-ae35-646383c140e3,1630,1785907814947670709,1785907815212909709,265,true,0.556143,0.140023
185b3449-be8f-4e45-b298-8c58e12b80ce,dd102ab7-56d3-4d73-ae35-646383c140e3,1631,1785907815237914709,1785907815568284709,330,true,0.463312,0.125935
185b3449-be8f-4e45-b298-8c58e12b80ce,dd102ab7-56d3-4d73-ae35-646383c140e3,1632,1785907815613284709,1785907815748409709,135,true,0.468818,0.344555
185b3449-be8f-4e45-b298-8c58e12b80ce,dd102ab7-56d3-4d73-ae35-646383c140e3,1633,1785907815788409709,1785907816098783709,310,true,0.491731,0.108091
185b3449-be8f-4e45-b298-8c58e12b80ce,dd102ab7-56d3-4d73-ae35-646383c140e3,1634,1785907816233908709,1785907816444033709,210,true,0.474986,0.115194
185b3449-be8f-4e45-b298-8c58e12b80ce,dd102ab7-56d3-4d73-ae35-646383c140e3,1635,1785907816489033709,1785907816719283709,230,true,0.450303,0.59228
185b3449-be8f-4e45-b298-8c58e12b80ce,dd102ab7-56d3-4d73-ae35-646383c140e3,1636,1785907816739292709,1785907816844408709,105,true,0.401853,0.653421
185b3449-be8f-4e45-b298-8c58e12b80ce,dd102ab7-56d3-4d73-ae35-646383c140e3,1637,1785907816884409709,1785907817480033709,595,true,0.516728,0.426383
185b3449-be8f-4e45-b298-8c58e12b80ce,dd102ab7-56d3-4d73-ae35-646383c140e3,1638,1785907817510033709,1785907818060547709,550,true,0.51205,0.622384
185b3449-be8f-4e45-b298-8c58e12b80ce,dd102ab7-56d3-4d73-ae35-646383c140e3,1639,1785907818090657709,1785907818330782709,240,true,0.373881,0.667744
185b3449-be8f-4e45-b298-8c58e12b80ce,dd102ab7-56d3-4d73-ae35-646383c140e3,1640,1785907818551032709,1785907818691157709,140,true,0.50708,0.42805
185b3449-be8f-4e45-b298-8c58e12b80ce,dd102ab7-56d3-4d73-ae35-646383c140e3,1641,1785907818731157709,1785907818936407709,205,true,0.511476,0.126133
185b3449-be8f-4e45-b298-8c58e12b80ce,dd102ab7-56d3-4d73-ae35-646383c140e3,1642,1785907819016407709,1785907819446914709,430,true,0.494656,0.668976
185b3449-be8f-4e45-b298-8c58e12b80ce,dd102ab7-56d3-4d73-ae35-646383c140e3,1643,1785907819481907709,1785907819712157709,230,true,0.593765,0.524525
185b3449-be8f-4e45-b298-8c58e12b80ce,dd102ab7-56d3-4d73-ae35-646383c140e3,1644,1785907819847281709,1785907819947281709,100,true,0.576427,0.373956
185b3449-be8f-4e45-b298-8c58e12b80ce,dd102ab7-56d3-4d73-ae35-646383c140e3,1646,1785907820307656709,1785907820678040709,370,false,0.641951,1.791689
185b3449-be8f-4e45-b298-8c58e12b80ce,dd102ab7-56d3-4d73-ae35-646383c140e3,1647,1785907820768156709,1785907820913281709,145,true,0.472438,0.544538
185b3449-be8f-4e45-b298-8c58e12b80ce,dd102ab7-56d3-4d73-ae35-646383c140e3,1648,1785907821053406709,1785907821523780709,470,true,0.563413,0.481123
185b3449-be8f-4e45-b298-8c58e12b80ce,dd102ab7-56d3-4d73-ae35-646383c140e3,1649,1785907821558786709,1785907821784039709,225,true,0.448718,0.400055
185b3449-be8f-4e45-b298-8c58e12b80ce,dd102ab7-56d3-4d73-ae35-646383c140e3,1650,1785907821819034709,1785907822980155709,1161,true,0.59383,0.355305
185b3449-be8f-4e45-b298-8c58e12b80ce,dd102ab7-56d3-4d73-ae35-646383c140e3,1651,1785907823105280709,1785907823245405709,140,true,0.517208,0.402348
185b3449-be8f-4e45-b298-8c58e12b80ce,dd102ab7-56d3-4d73-ae35-646383c140e3,1652,1785907823310530709,1785907823465655709,155,true,0.786733,0.222204
185b3449-be8f-4e45-b298-8c58e12b80ce,dd102ab7-56d3-4d73-ae35-646383c140e3,1653,1785907823500655709,1785907823625780709,125,true,0.487437,0.203094
185b3449-be8f-4e45-b298-8c58e12b80ce,dd102ab7-56d3-4d73-ae35-646383c140e3,1654,1785907823670779709,1785907824281404709,610,true,0.515966,0.1191
185b3449-be8f-4e45-b298-8c58e12b80ce,dd102ab7-56d3-4d73-ae35-646383c140e3,1655,1785907824321404709,1785907824516654709,195,true,0.49511,0.496049
185b3449-be8f-4e45-b298-8c58e12b80ce,dd102ab7-56d3-4d73-ae35-646383c140e3,1656,1785907824666781709,1785907824912035709,245,true,0.49025,0.714577
185b3449-be8f-4e45-b298-8c58e12b80ce,dd102ab7-56d3-4d73-ae35-646383c140e3,1657,1785907824932029709,1785907825107154709,175,true,0.499083,0.796501
185b3449-be8f-4e45-b298-8c58e12b80ce,dd102ab7-56d3-4d73-ae35-646383c140e3,1658,1785907825152279709,1785907825397404709,245,true,0.376211,0.683848
185b3449-be8f-4e45-b298-8c58e12b80ce,dd102ab7-56d3-4d73-ae35-646383c140e3,1659,1785907825432542709,1785907826043028709,610,true,0.492608,0.783984
185b3449-be8f-4e45-b298-8c58e12b80ce,dd102ab7-56d3-4d73-ae35-646383c140e3,1660,1785907826183153709,1785907826513528709,330,true,0.628944,0.66263
185b3449-be8f-4e45-b298-8c58e12b80ce,dd102ab7-56d3-4d73-ae35-646383c140e3,1661,1785907826543528709,1785907826853778709,310,true,0.51925,0.667053
185b3449-be8f-4e45-b298-8c58e12b80ce,dd102ab7-56d3-4d73-ae35-646383c140e3,1662,1785907826968903709,1785907827144028709,175,true,0.49005,0.731985
185b3449-be8f-4e45-b298-8c58e12b80ce,dd102ab7-56d3-4d73-ae35-646383c140e3,1663,1785907827179153709,1785907827569528709,390,true,0.520941,0.488203
185b3449-be8f-4e45-b298-8c58e12b80ce,dd102ab7-56d3-4d73-ae35-646383c140e3,1664,1785907827599527709,1785907828160027709,560,true,0.511053,0.598639
185b3449-be8f-4e45-b298-8c58e12b80ce,dd102ab7-56d3-4d73-ae35-646383c140e3,1665,1785907828195027709,1785907828475277709,280,true,0.5188,0.492893
185b3449-be8f-4e45-b298-8c58e12b80ce,dd102ab7-56d3-4d73-ae35-646383c140e3,1666,1785907828530402709,1785907828825652709,295,true,0.509623,0.826243
185b3449-be8f-4e45-b298-8c58e12b80ce,dd102ab7-56d3-4d73-ae35-646383c140e3,1667,1785907828960777709,1785907829166027709,205,true,0.488426,0.670449
185b3449-be8f-4e45-b298-8c58e12b80ce,dd102ab7-56d3-4d73-ae35-646383c140e3,1668,1785907829206027709,1785907829346152709,140,true,0.493312,0.763491
185b3449-be8f-4e45-b298-8c58e12b80ce,dd102ab7-56d3-4d73-ae35-646383c140e3,1669,1785907829386163709,1785907829996776709,610,true,0.508953,0.484595
185b3449-be8f-4e45-b298-8c58e12b80ce,dd102ab7-56d3-4d73-ae35-646383c140e3,1670,1785907830181901709,1785907830847526709,665,true,0.514081,0.472512
185b3449-be8f-4e45-b298-8c58e12b80ce,dd102ab7-56d3-4d73-ae35-646383c140e3,1671,1785907830887651709,1785907831132776709,245,true,0.510037,0.810099
185b3449-be8f-4e45-b298-8c58e12b80ce,dd102ab7-56d3-4d73-ae35-646383c140e3,1672,1785907831167901709,1785907831823525709,655,true,0.522077,0.47303
185b3449-be8f-4e45-b298-8c58e12b80ce,dd102ab7-56d3-4d73-ae35-646383c140e3,1673,1785907831868525709,1785907832033650709,165,true,0.519957,0.169977
185b3449-be8f-4e45-b298-8c58e12b80ce,dd102ab7-56d3-4d73-ae35-646383c140e3,1674,1785907832078656709,1785907832514150709,435,true,0.608968,0.504502
185b3449-be8f-4e45-b298-8c58e12b80ce,dd102ab7-56d3-4d73-ae35-646383c140e3,1675,1785907832639275709,1785907832854400709,215,true,0.609834,0.376711
185b3449-be8f-4e45-b298-8c58e12b80ce,dd102ab7-56d3-4d73-ae35-646383c140e3,1676,1785907832889525709,1785907833470024709,580,true,0.428524,0.358359
185b3449-be8f-4e45-b298-8c58e12b80ce,dd102ab7-56d3-4d73-ae35-646383c140e3,1677,1785907833645149709,1785907833990524709,345,true,0.450141,0.356653
185b3449-be8f-4e45-b298-8c58e12b80ce,dd102ab7-56d3-4d73-ae35-646383c140e3,1678,1785907834025536709,1785907834275774709,250,true,0.612096,0.389775
185b3449-be8f-4e45-b298-8c58e12b80ce,dd102ab7-56d3-4d73-ae35-646383c140e3,1679,1785907834305774709,1785907834596024709,290,true,0.422423,0.372183
185b3449-be8f-4e45-b298-8c58e12b80ce,dd102ab7-56d3-4d73-ae35-646383c140e3,1680,1785907834631149709,1785907834771274709,140,true,0.578517,0.486061
185b3449-be8f-4e45-b298-8c58e12b80ce,dd102ab7-56d3-4d73-ae35-646383c140e3,1681,1785907834921399709,1785907835166649709,245,true,0.564763,0.472255
185b3449-be8f-4e45-b298-8c58e12b80ce,dd102ab7-56d3-4d73-ae35-646383c140e3,1682,1785907835196649709,1785907835717148709,520,true,0.599414,0.355917
185b3449-be8f-4e45-b298-8c58e12b80ce,dd102ab7-56d3-4d73-ae35-646383c140e3,1683,1785907835872273709,1785907835987398709,115,true,0.515029,0.425945
185b3449-be8f-4e45-b298-8c58e12b80ce,dd102ab7-56d3-4d73-ae35-646383c140e3,1684,1785907836032398709,1785907836312648709,280,true,0.455369,0.151328
185b3449-be8f-4e45-b298-8c58e12b80ce,dd102ab7-56d3-4d73-ae35-646383c140e3,1685,1785907836337661709,1785907836923273709,585,true,0.513473,0.139014
185b3449-be8f-4e45-b298-8c58e12b80ce,dd102ab7-56d3-4d73-ae35-646383c140e3,1686,1785907836968273709,1785907837458772709,490,true,0.503996,0.598355
185b3449-be8f-4e45-b298-8c58e12b80ce,dd102ab7-56d3-4d73-ae35-646383c140e3,1687,1785907837643897709,1785907837799022709,155,true,0.473644,0.557003
185b3449-be8f-4e45-b298-8c58e12b80ce,dd102ab7-56d3-4d73-ae35-646383c140e3,1688,1785907837834147709,1785907838159397709,325,true,0.378043,0.634391
185b3449-be8f-4e45-b298-8c58e12b80ce,dd102ab7-56d3-4d73-ae35-646383c140e3,1689,1785907838199397709,1785907838484772709,285,true,0.511441,0.839879
185b3449-be8f-4e45-b298-8c58e12b80ce,dd102ab7-56d3-4d73-ae35-646383c140e3,1690,1785907838529772709,1785907838960147709,430,true,0.661042,0.675573
185b3449-be8f-4e45-b298-8c58e12b80ce,dd102ab7-56d3-4d73-ae35-646383c140e3,1691,1785907838995147709,1785907839090271709,95,true,0.518641,0.8142
185b3449-be8f-4e45-b298-8c58e12b80ce,dd102ab7-56d3-4d73-ae35-646383c140e3,1692,1785907839135271709,1785907839345521709,210,true,0.375219,0.644377
185b3449-be8f-4e45-b298-8c58e12b80ce,dd102ab7-56d3-4d73-ae35-646383c140e3,1693,1785907839385521709,1785907839650771709,265,true,0.514155,0.471196
185b3449-be8f-4e45-b298-8c58e12b80ce,dd102ab7-56d3-4d73-ae35-646383c140e3,1694,1785907839695896709,1785907839841021709,145,true,0.518112,0.80876
185b3449-be8f-4e45-b298-8c58e12b80ce,dd102ab7-56d3-4d73-ae35-646383c140e3,1695,1785907839881021709,1785907840271396709,390,true,0.37424,0.654085
185b3449-be8f-4e45-b298-8c58e12b80ce,dd102ab7-56d3-4d73-ae35-646383c140e3,1696,1785907840311396709,1785907840461521709,150,true,0.506024,0.826187
185b3449-be8f-4e45-b298-8c58e12b80ce,dd102ab7-56d3-4d73-ae35-646383c140e3,1697,1785907840566656709,1785907841697770709,1131,true,0.533248,0.4587
185b3449-be8f-4e45-b298-8c58e12b80ce,dd102ab7-56d3-4d73-ae35-646383c140e3,1698,1785907841737777709,1785907842243270709,505,true,0.66295,0.662347
185b3449-be8f-4e45-b298-8c58e12b80ce,dd102ab7-56d3-4d73-ae35-646383c140e3,1699,1785907842418395709,1785907842563520709,145,true,0.52548,0.526498
185b3449-be8f-4e45-b298-8c58e12b80ce,dd102ab7-56d3-4d73-ae35-646383c140e3,1700,1785907842603520709,1785907843364269709,760,true,0.368268,0.646896
185b3449-be8f-4e45-b298-8c58e12b80ce,dd102ab7-56d3-4d73-ae35-646383c140e3,1701,1785907843404269709,1785907843639519709,235,true,0.598841,0.647817
185b3449-be8f-4e45-b298-8c58e12b80ce,dd102ab7-56d3-4d73-ae35-646383c140e3,1702,1785907843654519709,1785907843899769709,245,true,0.650638,0.688144
185b3449-be8f-4e45-b298-8c58e12b80ce,dd102ab7-56d3-4d73-ae35-646383c140e3,1703,1785907843934769709,1785907844280144709,345,true,0.536367,0.467198
185b3449-be8f-4e45-b298-8c58e12b80ce,dd102ab7-56d3-4d73-ae35-646383c140e3,1704,1785907844410269709,1785907845186018709,775,true,0.646321,0.671275
185b3449-be8f-4e45-b298-8c58e12b80ce,dd102ab7-56d3-4d73-ae35-646383c140e3,1705,1785907845226018709,1785907845336143709,110,true,0.508311,0.821038
185b3449-be8f-4e45-b298-8c58e12b80ce,dd102ab7-56d3-4d73-ae35-646383c140e3,1706,1785907845376151709,1785907846437147709,1060,true,0.365171,0.642274
185b3449-be8f-4e45-b298-8c58e12b80ce,dd102ab7-56d3-4d73-ae35-646383c140e3,1707,1785907846477268709,1785907846912642709,435,true,0.491256,0.857535
185b3449-be8f-4e45-b298-8c58e12b80ce,dd102ab7-56d3-4d73-ae35-646383c140e3,1708,1785907847022768709,1785907847278017709,255,true,0.482949,0.89144
185b3449-be8f-4e45-b298-8c58e12b80ce,dd102ab7-56d3-4d73-ae35-646383c140e3,1710,1785907847498151709,1785907847918517709,420,true,0.651547,0.689271
185b3449-be8f-4e45-b298-8c58e12b80ce,dd102ab7-56d3-4d73-ae35-646383c140e3,1711,1785907847973642709,1785907848178767709,205,true,0.374325,0.610224
185b3449-be8f-4e45-b298-8c58e12b80ce,dd102ab7-56d3-4d73-ae35-646383c140e3,1712,1785907848444018709,1785907848459017709,14,true,0.495519,0.809777
185b3449-be8f-4e45-b298-8c58e12b80ce,dd102ab7-56d3-4d73-ae35-646383c140e3,1713,1785907848504142709,1785907848804400709,300,true,0.491216,0.599722
185b3449-be8f-4e45-b298-8c58e12b80ce,dd102ab7-56d3-4d73-ae35-646383c140e3,1714,1785907848839391709,1785907849059641709,220,true,0.376552,0.634572
185b3449-be8f-4e45-b298-8c58e12b80ce,dd102ab7-56d3-4d73-ae35-646383c140e3,1715,1785907849089641709,1785907849364891709,275,true,0.511333,0.862295
185b3449-be8f-4e45-b298-8c58e12b80ce,dd102ab7-56d3-4d73-ae35-646383c140e3,1716,1785907849404900709,1785907849550028709,145,true,0.5584,0.641155
185b3449-be8f-4e45-b298-8c58e12b80ce,dd102ab7-56d3-4d73-ae35-646383c140e3,1717,1785907849585141709,1785907850145641709,560,true,0.610127,0.549514
185b3449-be8f-4e45-b298-8c58e12b80ce,dd102ab7-56d3-4d73-ae35-646383c140e3,1718,1785907850240766709,1785907850455891709,215,true,0.604968,0.58226
185b3449-be8f-4e45-b298-8c58e12b80ce,dd102ab7-56d3-4d73-ae35-646383c140e3,1719,1785907850486016709,1785907850801266709,315,true,0.621105,0.384871
185b3449-be8f-4e45-b298-8c58e12b80ce,dd102ab7-56d3-4d73-ae35-646383c140e3,1720,1785907850841266709,1785907851051515709,210,true,0.45815,0.640836
185b3449-be8f-4e45-b298-8c58e12b80ce,dd102ab7-56d3-4d73-ae35-646383c140e3,1721,1785907851076515709,1785907851236640709,160,true,0.411515,0.574011
185b3449-be8f-4e45-b298-8c58e12b80ce,dd102ab7-56d3-4d73-ae35-646383c140e3,1722,1785907851356765709,1785907851677140709,320,true,0.562717,0.681915
185b3449-be8f-4e45-b298-8c58e12b80ce,dd102ab7-56d3-4d73-ae35-646383c140e3,1723,1785907851717140709,1785907852412765709,695,true,0.596338,0.434705
185b3449-be8f-4e45-b298-8c58e12b80ce,dd102ab7-56d3-4d73-ae35-646383c140e3,1724,1785907852447767709,1785907852883264709,435,true,0.443558,0.395135
185b3449-be8f-4e45-b298-8c58e12b80ce,dd102ab7-56d3-4d73-ae35-646383c140e3,1725,1785907853013389709,1785907853684014709,670,true,0.432934,0.556255
185b3449-be8f-4e45-b298-8c58e12b80ce,dd102ab7-56d3-4d73-ae35-646383c140e3,1726,1785907853719014709,1785907853999264709,280,true,0.63227,0.508325
185b3449-be8f-4e45-b298-8c58e12b80ce,dd102ab7-56d3-4d73-ae35-646383c140e3,1727,1785907854044264709,1785907854674889709,630,true,0.521503,0.198744
185b3449-be8f-4e45-b298-8c58e12b80ce,dd102ab7-56d3-4d73-ae35-646383c140e3,1728,1785907854724888709,1785907854910138709,185,true,0.503975,0.640887
185b3449-be8f-4e45-b298-8c58e12b80ce,dd102ab7-56d3-4d73-ae35-646383c140e3,1729,1785907854940147709,1785907855035263709,95,true,0.486127,0.466846
185b3449-be8f-4e45-b298-8c58e12b80ce,dd102ab7-56d3-4d73-ae35-646383c140e3,1730,1785907855165388709,1785907855725888709,560,true,0.497982,0.464622
185b3449-be8f-4e45-b298-8c58e12b80ce,dd102ab7-56d3-4d73-ae35-646383c140e3,1731,1785907855755895709,1785907856001138709,245,true,0.370489,0.631566
185b3449-be8f-4e45-b298-8c58e12b80ce,dd102ab7-56d3-4d73-ae35-646383c140e3,1732,1785907856041138709,1785907856296388709,255,true,0.498562,0.523882
185b3449-be8f-4e45-b298-8c58e12b80ce,dd102ab7-56d3-4d73-ae35-646383c140e3,1733,1785907856326388709,1785907856811887709,485,true,0.497021,0.64331
185b3449-be8f-4e45-b298-8c58e12b80ce,dd102ab7-56d3-4d73-ae35-646383c140e3,1734,1785907856856887709,1785907857237262709,380,true,0.513811,0.206597
185b3449-be8f-4e45-b298-8c58e12b80ce,dd102ab7-56d3-4d73-ae35-646383c140e3,1735,1785907857372387709,1785907857857887709,485,true,0.540367,0.517869
185b3449-be8f-4e45-b298-8c58e12b80ce,dd102ab7-56d3-4d73-ae35-646383c140e3,1736,1785907857892887709,1785907858073137709,180,true,0.626251,0.547016
185b3449-be8f-4e45-b298-8c58e12b80ce,dd102ab7-56d3-4d73-ae35-646383c140e3,1737,1785907858108137709,1785907858238262709,130,true,0.638644,0.409518
185b3449-be8f-4e45-b298-8c58e12b80ce,dd102ab7-56d3-4d73-ae35-646383c140e3,1738,1785907858278263709,1785907858523511709,245,true,0.518137,0.722751
185b3449-be8f-4e45-b298-8c58e12b80ce,dd102ab7-56d3-4d73-ae35-646383c140e3,1739,1785907858563516709,1785907858888886709,325,true,0.451276,0.389094
185b3449-be8f-4e45-b298-8c58e12b80ce,dd102ab7-56d3-4d73-ae35-646383c140e3,1740,1785907859084011709,1785907859834761709,750,true,0.481312,0.387457
185b3449-be8f-4e45-b298-8c58e12b80ce,dd102ab7-56d3-4d73-ae35-646383c140e3,1741,1785907859879761709,1785907860595385709,715,true,0.61602,0.558507
185b3449-be8f-4e45-b298-8c58e12b80ce,dd102ab7-56d3-4d73-ae35-646383c140e3,1742,1785907860625510709,1785907861216010709,590,true,0.586916,0.462005
185b3449-be8f-4e45-b298-8c58e12b80ce,dd102ab7-56d3-4d73-ae35-646383c140e3,1743,1785907861291135709,1785907861516273709,225,true,0.574444,0.60077
185b3449-be8f-4e45-b298-8c58e12b80ce,dd102ab7-56d3-4d73-ae35-646383c140e3,1744,1785907861571385709,1785907861786510709,215,true,0.442602,0.279249
185b3449-be8f-4e45-b298-8c58e12b80ce,dd102ab7-56d3-4d73-ae35-646383c140e3,1745,1785907861851635709,1785907862186885709,335,true,0.53363,0.199488
185b3449-be8f-4e45-b298-8c58e12b80ce,dd102ab7-56d3-4d73-ae35-646383c140e3,1746,1785907862302009709,1785907862437134709,135,false,0.718166,1.522868
185b3449-be8f-4e45-b298-8c58e12b80ce,dd102ab7-56d3-4d73-ae35-646383c140e3,1747,1785907862512259709,1785907862697384709,185,true,0.551305,0.380722
185b3449-be8f-4e45-b298-8c58e12b80ce,dd102ab7-56d3-4d73-ae35-646383c140e3,1748,1785907862892634709,1785907863077759709,185,true,0.503383,0.295721
185b3449-be8f-4e45-b298-8c58e12b80ce,dd102ab7-56d3-4d73-ae35-646383c140e3,1749,1785907863102759709,1785907863523134709,420,true,0.511639,0.175802
185b3449-be8f-4e45-b298-8c58e12b80ce,dd102ab7-56d3-4d73-ae35-646383c140e3,1750,1785907863563259709,1785907864018634709,455,true,0.538649,0.519167
185b3449-be8f-4e45-b298-8c58e12b80ce,dd102ab7-56d3-4d73-ae35-646383c140e3,1751,1785907864058633709,1785907864374008709,315,true,0.644387,0.678032
185b3449-be8f-4e45-b298-8c58e12b80ce,dd102ab7-56d3-4d73-ae35-646383c140e3,1752,1785907864409008709,1785907864784383709,375,true,0.511151,0.857108
185b3449-be8f-4e45-b298-8c58e12b80ce,dd102ab7-56d3-4d73-ae35-646383c140e3,1753,1785907864829383709,1785907864969508709,140,true,0.639077,0.715661
185b3449-be8f-4e45-b298-8c58e12b80ce,dd102ab7-56d3-4d73-ae35-646383c140e3,1754,1785907865019633709,1785907865445010709,425,true,0.477287,0.881832
185b3449-be8f-4e45-b298-8c58e12b80ce,dd102ab7-56d3-4d73-ae35-646383c140e3,1755,1785907865590133709,1785907865980508709,390,true,0.656201,0.681823
185b3449-be8f-4e45-b298-8c58e12b80ce,dd102ab7-56d3-4d73-ae35-646383c140e3,1756,1785907866010508709,1785907866741269709,730,true,0.519732,0.812294
185b3449-be8f-4e45-b298-8c58e12b80ce,dd102ab7-56d3-4d73-ae35-646383c140e3,1757,1785907866776257709,1785907866901382709,125,true,0.650696,0.66841
185b3449-be8f-4e45-b298-8c58e12b80ce,dd102ab7-56d3-4d73-ae35-646383c140e3,1758,1785907867006507709,1785907867251632709,245,true,0.490878,0.886917
185b3449-be8f-4e45-b298-8c58e12b80ce,dd102ab7-56d3-4d73-ae35-646383c140e3,1759,1785907867281758709,1785907867506888709,225,true,0.569798,0.642817
185b3449-be8f-4e45-b298-8c58e12b80ce,dd102ab7-56d3-4d73-ae35-646383c140e3,1760,1785907867537007709,1785907867907256709,370,true,0.688742,0.659171
185b3449-be8f-4e45-b298-8c58e12b80ce,dd102ab7-56d3-4d73-ae35-646383c140e3,1761,1785907867972381709,1785907868628010709,655,true,0.520989,0.845253
185b3449-be8f-4e45-b298-8c58e12b80ce,dd102ab7-56d3-4d73-ae35-646383c140e3,1762,1785907868668006709,1785907868888256709,220,true,0.65139,0.665759
185b3449-be8f-4e45-b298-8c58e12b80ce,dd102ab7-56d3-4d73-ae35-646383c140e3,1763,1785907868928256709,1785907869138506709,210,true,0.547875,0.4893
185b3449-be8f-4e45-b298-8c58e12b80ce,dd102ab7-56d3-4d73-ae35-646383c140e3,1764,1785907869178506709,1785907869338631709,160,true,0.636704,0.672683
185b3449-be8f-4e45-b298-8c58e12b80ce,dd102ab7-56d3-4d73-ae35-646383c140e3,1765,1785907869373631709,1785907869503756709,130,true,0.529152,0.8297
185b3449-be8f-4e45-b298-8c58e12b80ce,dd102ab7-56d3-4d73-ae35-646383c140e3,1766,1785907869553881709,1785907869969255709,415,true,0.615585,0.534881
185b3449-be8f-4e45-b298-8c58e12b80ce,dd102ab7-56d3-4d73-ae35-646383c140e3,1767,1785907870104380709,1785907870469755709,365,true,0.649434,0.416643
185b3449-be8f-4e45-b298-8c58e12b80ce,dd102ab7-56d3-4d73-ae35-646383c140e3,1768,1785907870509755709,1785907870724880709,215,true,0.433232,0.36547
185b3449-be8f-4e45-b298-8c58e12b80ce,dd102ab7-56d3-4d73-ae35-646383c140e3,1769,1785907870760005709,1785907871005261709,245,true,0.65224,0.386513
185b3449-be8f-4e45-b298-8c58e12b80ce,dd102ab7-56d3-4d73-ae35-646383c140e3,1770,1785907871110255709,1785907871310505709,200,true,0.533061,0.481959
185b3449-be8f-4e45-b298-8c58e12b80ce,dd102ab7-56d3-4d73-ae35-646383c140e3,1771,1785907871340505709,1785907871585755709,245,true,0.597142,0.548077
185b3449-be8f-4e45-b298-8c58e12b80ce,dd102ab7-56d3-4d73-ae35-646383c140e3,1772,1785907871620754709,1785907871966129709,345,true,0.623889,0.398577
185b3449-be8f-4e45-b298-8c58e12b80ce,dd102ab7-56d3-4d73-ae35-646383c140e3,1773,1785907872006132709,1785907872506629709,500,true,0.53667,0.686607
185b3449-be8f-4e45-b298-8c58e12b80ce,dd102ab7-56d3-4d73-ae35-646383c140e3,1774,1785907872536629709,1785907872696754709,160,true,0.599987,0.71527
185b3449-be8f-4e45-b298-8c58e12b80ce,dd102ab7-56d3-4d73-ae35-646383c140e3,1775,1785907872801887709,1785907873112142709,310,true,0.575912,0.644752
185b3449-be8f-4e45-b298-8c58e12b80ce,dd102ab7-56d3-4d73-ae35-646383c140e3,1776,1785907873187254709,1785907873457504709,270,true,0.820162,0.309905
185b3449-be8f-4e45-b298-8c58e12b80ce,dd102ab7-56d3-4d73-ae35-646383c140e3,1777,1785907873537629709,1785907874228253709,690,true,0.505261,0.653437
185b3449-be8f-4e45-b298-8c58e12b80ce,dd102ab7-56d3-4d73-ae35-646383c140e3,1778,1785907874278253709,1785907874473503709,195,true,0.741851,0.666044
185b3449-be8f-4e45-b298-8c58e12b80ce,dd102ab7-56d3-4d73-ae35-646383c140e3,1779,1785907874623628709,1785907874843753709,220,true,0.53789,0.23894
185b3449-be8f-4e45-b298-8c58e12b80ce,dd102ab7-56d3-4d73-ae35-646383c140e3,1780,1785907874983878709,1785907875069003709,85,true,0.520863,0.136742
185b3449-be8f-4e45-b298-8c58e12b80ce,dd102ab7-56d3-4d73-ae35-646383c140e3,1781,1785907875184134709,1785907875749627709,565,true,0.53085,0.579016
185b3449-be8f-4e45-b298-8c58e12b80ce,dd102ab7-56d3-4d73-ae35-646383c140e3,1782,1785907875779627709,1785907876039877709,260,true,0.629641,0.65091
185b3449-be8f-4e45-b298-8c58e12b80ce,dd102ab7-56d3-4d73-ae35-646383c140e3,1783,1785907876070002709,1785907876590377709,520,true,0.527086,0.689746
185b3449-be8f-4e45-b298-8c58e12b80ce,dd102ab7-56d3-4d73-ae35-646383c140e3,1784,1785907876625502709,1785907876840639709,215,true,0.632139,0.67581
185b3449-be8f-4e45-b298-8c58e12b80ce,dd102ab7-56d3-4d73-ae35-646383c140e3,1785,1785907876975755709,1785907877030877709,55,true,0.52708,0.21477
185b3449-be8f-4e45-b298-8c58e12b80ce,dd102ab7-56d3-4d73-ae35-646383c140e3,1786,1785907877191002709,1785907877561377709,370,true,0.506038,0.556769
185b3449-be8f-4e45-b298-8c58e12b80ce,dd102ab7-56d3-4d73-ae35-646383c140e3,1787,1785907877661501709,1785907877891631709,230,true,0.487671,0.603241
185b3449-be8f-4e45-b298-8c58e12b80ce,dd102ab7-56d3-4d73-ae35-646383c140e3,1788,1785907877921626709,1785907878402126709,480,true,0.383994,0.609565
185b3449-be8f-4e45-b298-8c58e12b80ce,dd102ab7-56d3-4d73-ae35-646383c140e3,1789,1785907878447126709,1785907879167876709,720,true,0.499773,0.556653
185b3449-be8f-4e45-b298-8c58e12b80ce,dd102ab7-56d3-4d73-ae35-646383c140e3,1790,1785907879212875709,1785907879878500709,665,true,0.371915,0.651316
185b3449-be8f-4e45-b298-8c58e12b80ce,dd102ab7-56d3-4d73-ae35-646383c140e3,1791,1785907879918500709,1785907880634250709,715,true,0.466354,0.696284
185b3449-be8f-4e45-b298-8c58e12b80ce,dd102ab7-56d3-4d73-ae35-646383c140e3,1792,1785907880729258709,1785907880884500709,155,true,0.377297,0.658651
185b3449-be8f-4e45-b298-8c58e12b80ce,dd102ab7-56d3-4d73-ae35-646383c140e3,1793,1785907880924500709,1785907881289874709,365,true,0.486453,0.473554
185b3449-be8f-4e45-b298-8c58e12b80ce,dd102ab7-56d3-4d73-ae35-646383c140e3,1794,1785907881339874709,1785907881665249709,325,true,0.374003,0.641338
185b3449-be8f-4e45-b298-8c58e12b80ce,dd102ab7-56d3-4d73-ae35-646383c140e3,1795,1785907881720249709,1785907882085624709,365,true,0.493636,0.464459
185b3449-be8f-4e45-b298-8c58e12b80ce,dd102ab7-56d3-4d73-ae35-646383c140e3,1796,1785907882125624709,1785907882320749709,195,true,0.384928,0.623509
185b3449-be8f-4e45-b298-8c58e12b80ce,dd102ab7-56d3-4d73-ae35-646383c140e3,1797,1785907882355874709,1785907882716124709,360,true,0.49051,0.489072
185b3449-be8f-4e45-b298-8c58e12b80ce,dd102ab7-56d3-4d73-ae35-646383c140e3,1798,1785907882751249709,1785907882976387709,225,true,0.618686,0.523336
185b3449-be8f-4e45-b298-8c58e12b80ce,dd102ab7-56d3-4d73-ae35-646383c140e3,1799,1785907883011498709,1785907883181624709,170,true,0.668795,0.424395
185b3449-be8f-4e45-b298-8c58e12b80ce,dd102ab7-56d3-4d73-ae35-646383c140e3,1800,1785907883201624709,1785907883456873709,255,true,0.60228,0.37564
185b3449-be8f-4e45-b298-8c58e12b80ce,dd102ab7-56d3-4d73-ae35-646383c140e3,1801,1785907883607005709,1785907883827248709,220,true,0.597212,0.357813
185b3449-be8f-4e45-b298-8c58e12b80ce,dd102ab7-56d3-4d73-ae35-646383c140e3,1802,1785907883862248709,1785907884577873709,715,true,0.692389,0.394531
185b3449-be8f-4e45-b298-8c58e12b80ce,dd102ab7-56d3-4d73-ae35-646383c140e3,1803,1785907884607998709,1785907884798122709,190,true,0.604243,0.357562
185b3449-be8f-4e45-b298-8c58e12b80ce,dd102ab7-56d3-4d73-ae35-646383c140e3,1804,1785907884838127709,1785907885278622709,440,true,0.434689,0.390749
185b3449-be8f-4e45-b298-8c58e12b80ce,dd102ab7-56d3-4d73-ae35-646383c140e3,1805,1785907885463747709,1785907885563872709,100,true,0.460027,0.537915
185b3449-be8f-4e45-b298-8c58e12b80ce,dd102ab7-56d3-4d73-ae35-646383c140e3,1806,1785907885588872709,1785907886234497709,645,true,0.417185,0.386217
185b3449-be8f-4e45-b298-8c58e12b80ce,dd102ab7-56d3-4d73-ae35-646383c140e3,1807,1785907886309497709,1785907886434622709,125,true,0.606977,0.659311
185b3449-be8f-4e45-b298-8c58e12b80ce,dd102ab7-56d3-4d73-ae35-646383c140e3,1809,1785907887185383709,1785907887245372709,59,true,0.494103,0.267801
185b3449-be8f-4e45-b298-8c58e12b80ce,dd102ab7-56d3-4d73-ae35-646383c140e3,1810,1785907887270496709,1785907887650750709,380,true,0.446839,0.133947
185b3449-be8f-4e45-b298-8c58e12b80ce,dd102ab7-56d3-4d73-ae35-646383c140e3,1811,1785907887740875709,1785907887971121709,230,true,0.52367,0.569711
185b3449-be8f-4e45-b298-8c58e12b80ce,dd102ab7-56d3-4d73-ae35-646383c140e3,1812,1785907888096246709,1785907888186371709,90,true,0.547903,0.531363
185b3449-be8f-4e45-b298-8c58e12b80ce,dd102ab7-56d3-4d73-ae35-646383c140e3,1813,1785907888406505709,1785907888781874709,375,true,0.513683,0.776164
185b3449-be8f-4e45-b298-8c58e12b80ce,dd102ab7-56d3-4d73-ae35-646383c140e3,1814,1785907888826870709,1785907889367370709,540,true,0.510479,0.484227
185b3449-be8f-4e45-b298-8c58e12b80ce,dd102ab7-56d3-4d73-ae35-646383c140e3,1815,1785907889402495709,1785907889542620709,140,true,0.607834,0.63734
185b3449-be8f-4e45-b298-8c58e12b80ce,dd102ab7-56d3-4d73-ae35-646383c140e3,1816,1785907889582620709,1785907889762749709,180,true,0.505946,0.857715
185b3449-be8f-4e45-b298-8c58e12b80ce,dd102ab7-56d3-4d73-ae35-646383c140e3,1817,1785907889837870709,1785907889972995709,135,true,0.501883,0.451856
185b3449-be8f-4e45-b298-8c58e12b80ce,dd102ab7-56d3-4d73-ae35-646383c140e3,1818,1785907890163121709,1785907890263245709,100,true,0.553273,0.518584
185b3449-be8f-4e45-b298-8c58e12b80ce,dd102ab7-56d3-4d73-ae35-646383c140e3,1819,1785907890303245709,1785907890568495709,265,true,0.506498,0.118847
185b3449-be8f-4e45-b298-8c58e12b80ce,dd102ab7-56d3-4d73-ae35-646383c140e3,1820,1785907890643619709,1785907890853749709,210,true,0.502877,0.773627
185b3449-be8f-4e45-b298-8c58e12b80ce,dd102ab7-56d3-4d73-ae35-646383c140e3,1821,1785907890883870709,1785907891129119709,245,true,0.619452,0.533554
185b3449-be8f-4e45-b298-8c58e12b80ce,dd102ab7-56d3-4d73-ae35-646383c140e3,1822,1785907891159119709,1785907891339249709,180,true,0.591903,0.392954
185b3449-be8f-4e45-b298-8c58e12b80ce,dd102ab7-56d3-4d73-ae35-646383c140e3,1823,1785907891469372709,1785907891879744709,410,true,0.594793,0.401989
185b3449-be8f-4e45-b298-8c58e12b80ce,dd102ab7-56d3-4d73-ae35-646383c140e3,1824,1785907891934869709,1785907892225119709,290,true,0.418288,0.4997
185b3449-be8f-4e45-b298-8c58e12b80ce,dd102ab7-56d3-4d73-ae35-646383c140e3,1825,1785907892285128709,1785907892500369709,215,true,0.078839,0.516423
185b3449-be8f-4e45-b298-8c58e12b80ce,dd102ab7-56d3-4d73-ae35-646383c140e3,1826,1785907892565368709,1785907892815618709,250,true,0.591142,0.505796
185b3449-be8f-4e45-b298-8c58e12b80ce,dd102ab7-56d3-4d73-ae35-646383c140e3,1827,1785907892990881709,1785907893240993709,250,true,0.597547,0.388868
185b3449-be8f-4e45-b298-8c58e12b80ce,dd102ab7-56d3-4d73-ae35-646383c140e3,1828,1785907893346124709,1785907893546375709,200,false,0.658756,1.787213
185b3449-be8f-4e45-b298-8c58e12b80ce,dd102ab7-56d3-4d73-ae35-646383c140e3,1829,1785907893596368709,1785907893786618709,190,false,0.284731,1.768445
185b3449-be8f-4e45-b298-8c58e12b80ce,dd102ab7-56d3-4d73-ae35-646383c140e3,1830,1785907893821618709,1785907894011743709,190,false,0.188531,1.729371
185b3449-be8f-4e45-b298-8c58e12b80ce,dd102ab7-56d3-4d73-ae35-646383c140e3,1831,1785907894116868709,1785907894432117709,315,true,0.531312,0.426782
185b3449-be8f-4e45-b298-8c58e12b80ce,dd102ab7-56d3-4d73-ae35-646383c140e3,1832,1785907894597367709,1785907894872617709,275,true,0.503907,0.277324
185b3449-be8f-4e45-b298-8c58e12b80ce,dd102ab7-56d3-4d73-ae35-646383c140e3,1833,1785907894907629709,1785907895192867709,285,true,0.64906,0.268479
185b3449-be8f-4e45-b298-8c58e12b80ce,dd102ab7-56d3-4d73-ae35-646383c140e3,1834,1785907895232874709,1785907895398117709,165,true,0.502497,0.217981
185b3449-be8f-4e45-b298-8c58e12b80ce,dd102ab7-56d3-4d73-ae35-646383c140e3,1835,1785907895418117709,1785907895748367709,330,true,0.503321,0.139765
185b3449-be8f-4e45-b298-8c58e12b80ce,dd102ab7-56d3-4d73-ae35-646383c140e3,1836,1785907895938617709,1785907896093742709,155,true,0.447475,0.28145
185b3449-be8f-4e45-b298-8c58e12b80ce,dd102ab7-56d3-4d73-ae35-646383c140e3,1837,1785907896133742709,1785907896774366709,640,true,0.499921,0.492029
185b3449-be8f-4e45-b298-8c58e12b80ce,dd102ab7-56d3-4d73-ae35-646383c140e3,1838,1785907896829366709,1785907896914491709,85,true,0.636848,0.643139
185b3449-be8f-4e45-b298-8c58e12b80ce,dd102ab7-56d3-4d73-ae35-646383c140e3,1839,1785907897059616709,1785907897179746709,120,true,0.47765,0.683624
185b3449-be8f-4e45-b298-8c58e12b80ce,dd102ab7-56d3-4d73-ae35-646383c140e3,1840,1785907897204744709,1785907898035491709,830,true,0.389464,0.648625
185b3449-be8f-4e45-b298-8c58e12b80ce,dd102ab7-56d3-4d73-ae35-646383c140e3,1841,1785907898085616709,1785907898490990709,405,true,0.656421,0.620031
185b3449-be8f-4e45-b298-8c58e12b80ce,dd102ab7-56d3-4d73-ae35-646383c140e3,1842,1785907898520990709,1785907898816240709,295,true,0.552019,0.646032
185b3449-be8f-4e45-b298-8c58e12b80ce,dd102ab7-56d3-4d73-ae35-646383c140e3,1843,1785907898846240709,1785907899356740709,510,true,0.642015,0.648403
185b3449-be8f-4e45-b298-8c58e12b80ce,dd102ab7-56d3-4d73-ae35-646383c140e3,1844,1785907899396865709,1785907899657115709,260,true,0.37908,0.622626
185b3449-be8f-4e45-b298-8c58e12b80ce,dd102ab7-56d3-4d73-ae35-646383c140e3,1845,1785907899697115709,1785907899802240709,105,true,0.509713,0.508971
185b3449-be8f-4e45-b298-8c58e12b80ce,dd102ab7-56d3-4d73-ae35-646383c140e3,1846,1785907899867240709,1785907900097490709,230,true,0.520313,0.194702
185b3449-be8f-4e45-b298-8c58e12b80ce,dd102ab7-56d3-4d73-ae35-646383c140e3,1847,1785907900132489709,1785907900472864709,340,true,0.609029,0.489258
185b3449-be8f-4e45-b298-8c58e12b80ce,dd102ab7-56d3-4d73-ae35-646383c140e3,1848,1785907900803126709,1785907900968239709,165,true,0.551205,0.428339
185b3449-be8f-4e45-b298-8c58e12b80ce,dd102ab7-56d3-4d73-ae35-646383c140e3,1849,1785907901268615709,1785907901443739709,175,true,0.485369,0.51524
185b3449-be8f-4e45-b298-8c58e12b80ce,dd102ab7-56d3-4d73-ae35-646383c140e3,1850,1785907901473739709,1785907901664003709,190,true,0.428863,0.358605
185b3449-be8f-4e45-b298-8c58e12b80ce,dd102ab7-56d3-4d73-ae35-646383c140e3,1851,1785907901794116709,1785907902114364709,320,true,0.484225,0.643222
185b3449-be8f-4e45-b298-8c58e12b80ce,dd102ab7-56d3-4d73-ae35-646383c140e3,1852,1785907902144364709,1785907902304501709,160,true,0.448139,0.668002
185b3449-be8f-4e45-b298-8c58e12b80ce,dd102ab7-56d3-4d73-ae35-646383c140e3,1853,1785907902339613709,1785907903055238709,715,true,0.535818,0.697784
185b3449-be8f-4e45-b298-8c58e12b80ce,dd102ab7-56d3-4d73-ae35-646383c140e3,1854,1785907903075238709,1785907903315488709,240,true,0.46317,0.72818
185b3449-be8f-4e45-b298-8c58e12b80ce,dd102ab7-56d3-4d73-ae35-646383c140e3,1855,1785907903330488709,1785907903675863709,345,true,0.519906,0.677666
185b3449-be8f-4e45-b298-8c58e12b80ce,dd102ab7-56d3-4d73-ae35-646383c140e3,1856,1785907903710863709,1785907903830988709,120,true,0.451213,0.595218
185b3449-be8f-4e45-b298-8c58e12b80ce,dd102ab7-56d3-4d73-ae35-646383c140e3,1857,1785907903971113709,1785907904206362709,235,true,0.414317,0.31018
185b3449-be8f-4e45-b298-8c58e12b80ce,dd102ab7-56d3-4d73-ae35-646383c140e3,1858,1785907904241362709,1785907904791862709,550,true,0.562023,0.394279
185b3449-be8f-4e45-b298-8c58e12b80ce,dd102ab7-56d3-4d73-ae35-646383c140e3,1859,1785907904821862709,1785907904982113709,160,true,0.464775,0.371107
185b3449-be8f-4e45-b298-8c58e12b80ce,dd102ab7-56d3-4d73-ae35-646383c140e3,1860,1785907905012112709,1785907905182240709,170,true,0.557945,0.320125
185b3449-be8f-4e45-b298-8c58e12b80ce,dd102ab7-56d3-4d73-ae35-646383c140e3,1861,1785907905222239709,1785907905912986709,690,true,0.533022,0.135922
185b3449-be8f-4e45-b298-8c58e12b80ce,dd102ab7-56d3-4d73-ae35-646383c140e3,1862,1785907905952986709,1785907906263236709,310,true,0.459825,0.441604
185b3449-be8f-4e45-b298-8c58e12b80ce,dd102ab7-56d3-4d73-ae35-646383c140e3,1863,1785907906278250709,1785907906483486709,205,true,0.520653,0.505675
185b3449-be8f-4e45-b298-8c58e12b80ce,dd102ab7-56d3-4d73-ae35-646383c140e3,1864,1785907906523486709,1785907906668611709,145,true,0.509884,0.157324
185b3449-be8f-4e45-b298-8c58e12b80ce,dd102ab7-56d3-4d73-ae35-646383c140e3,1865,1785907906718622709,1785907906968868709,250,true,0.526732,0.123283
185b3449-be8f-4e45-b298-8c58e12b80ce,dd102ab7-56d3-4d73-ae35-646383c140e3,1866,1785907907008986709,1785907907494361709,485,true,0.49287,0.474564
185b3449-be8f-4e45-b298-8c58e12b80ce,dd102ab7-56d3-4d73-ae35-646383c140e3,1867,1785907907534486709,1785907908330235709,795,true,0.392842,0.663699
185b3449-be8f-4e45-b298-8c58e12b80ce,dd102ab7-56d3-4d73-ae35-646383c140e3,1868,1785907908370235709,1785907908475374709,105,true,0.640967,0.681352
185b3449-be8f-4e45-b298-8c58e12b80ce,dd102ab7-56d3-4d73-ae35-646383c140e3,1869,1785907908610485709,1785907908815610709,205,true,0.568824,0.663868
185b3449-be8f-4e45-b298-8c58e12b80ce,dd102ab7-56d3-4d73-ae35-646383c140e3,1870,1785907908850735709,1785907909020860709,170,true,0.499812,0.512484
185b3449-be8f-4e45-b298-8c58e12b80ce,dd102ab7-56d3-4d73-ae35-646383c140e3,1871,1785907909075860709,1785907909276118709,200,true,0.529266,0.123337
185b3449-be8f-4e45-b298-8c58e12b80ce,dd102ab7-56d3-4d73-ae35-646383c140e3,1872,1785907909316110709,1785907909596359709,280,true,0.638796,0.619923
185b3449-be8f-4e45-b298-8c58e12b80ce,dd102ab7-56d3-4d73-ae35-646383c140e3,1873,1785907909641360709,1785907910081859709,440,true,0.389105,0.639599
185b3449-be8f-4e45-b298-8c58e12b80ce,dd102ab7-56d3-4d73-ae35-646383c140e3,1874,1785907910121859709,1785907910447234709,325,true,0.561214,0.627531
185b3449-be8f-4e45-b298-8c58e12b80ce,dd102ab7-56d3-4d73-ae35-646383c140e3,1875,1785907910477234709,1785907910807484709,330,true,0.639405,0.648912
185b3449-be8f-4e45-b298-8c58e12b80ce,dd102ab7-56d3-4d73-ae35-646383c140e3,1876,1785907910847619709,1785907911207859709,360,true,0.393686,0.6303
185b3449-be8f-4e45-b298-8c58e12b80ce,dd102ab7-56d3-4d73-ae35-646383c140e3,1877,1785907911237859709,1785907911553233709,315,true,0.37103,0.689168
185b3449-be8f-4e45-b298-8c58e12b80ce,dd102ab7-56d3-4d73-ae35-646383c140e3,1878,1785907911593233709,1785907911983608709,390,true,0.596534,0.469147
185b3449-be8f-4e45-b298-8c58e12b80ce,dd102ab7-56d3-4d73-ae35-646383c140e3,1879,1785907912033610709,1785907912233865709,200,true,0.395373,0.632181
185b3449-be8f-4e45-b298-8c58e12b80ce,dd102ab7-56d3-4d73-ae35-646383c140e3,1880,1785907912273858709,1785907912794358709,520,true,0.589512,0.523766
185b3449-be8f-4e45-b298-8c58e12b80ce,dd102ab7-56d3-4d73-ae35-646383c140e3,1883,1785907913585107709,1785907913630107709,45,true,0.629749,0.634979
185b3449-be8f-4e45-b298-8c58e12b80ce,dd102ab7-56d3-4d73-ae35-646383c140e3,1884,1785907913815357709,1785907913985487709,170,true,0.521562,0.683614
185b3449-be8f-4e45-b298-8c58e12b80ce,dd102ab7-56d3-4d73-ae35-646383c140e3,1888,1785907914981482709,1785907915026482709,45,true,0.585342,0.469174
185b3449-be8f-4e45-b298-8c58e12b80ce,dd102ab7-56d3-4d73-ae35-646383c140e3,1889,1785907915166607709,1785907915216606709,49,true,0.507956,0.366686
185b3449-be8f-4e45-b298-8c58e12b80ce,dd102ab7-56d3-4d73-ae35-646383c140e3,1890,1785907915772231709,1785907915817231709,45,true,0.441588,0.329878
185b3449-be8f-4e45-b298-8c58e12b80ce,dd102ab7-56d3-4d73-ae35-646383c140e3,1891,1785907915867231709,1785907915987356709,120,true,0.571397,0.327658
185b3449-be8f-4e45-b298-8c58e12b80ce,dd102ab7-56d3-4d73-ae35-646383c140e3,1895,1785907917078355709,1785907917123481709,45,true,0.491766,0.265375
185b3449-be8f-4e45-b298-8c58e12b80ce,dd102ab7-56d3-4d73-ae35-646383c140e3,1896,1785907917308615709,1785907917633855709,325,true,0.515155,0.090609
185b3449-be8f-4e45-b298-8c58e12b80ce,dd102ab7-56d3-4d73-ae35-646383c140e3,1897,1785907917678980709,1785907917914245709,235,true,0.501445,0.394313
185b3449-be8f-4e45-b298-8c58e12b80ce,dd102ab7-56d3-4d73-ae35-646383c140e3,1898,1785907918064355709,1785907918099355709,35,true,0.478088,0.50715
185b3449-be8f-4e45-b298-8c58e12b80ce,dd102ab7-56d3-4d73-ae35-646383c140e3,1899,1785907918564730709,1785907918614855709,50,true,0.355075,0.692461
185b3449-be8f-4e45-b298-8c58e12b80ce,dd102ab7-56d3-4d73-ae35-646383c140e3,1900,1785907918754980709,1785907918799980709,45,true,0.491598,0.457178
185b3449-be8f-4e45-b298-8c58e12b80ce,dd102ab7-56d3-4d73-ae35-646383c140e3,1901,1785907919265479709,1785907919425609709,160,true,0.354679,0.681619
185b3449-be8f-4e45-b298-8c58e12b80ce,dd102ab7-56d3-4d73-ae35-646383c140e3,1902,1785907919500604709,1785907920126231709,625,true,0.498369,0.798975
185b3449-be8f-4e45-b298-8c58e12b80ce,dd102ab7-56d3-4d73-ae35-646383c140e3,1903,1785907920166229709,1785907920946978709,780,true,0.511065,0.465621
185b3449-be8f-4e45-b298-8c58e12b80ce,dd102ab7-56d3-4d73-ae35-646383c140e3,1904,1785907921082103709,1785907921232233709,150,true,0.512171,0.494684
185b3449-be8f-4e45-b298-8c58e12b80ce,dd102ab7-56d3-4d73-ae35-646383c140e3,1905,1785907921267353709,1785907921412478709,145,true,0.665766,0.645578
185b3449-be8f-4e45-b298-8c58e12b80ce,dd102ab7-56d3-4d73-ae35-646383c140e3,1906,1785907921462484709,1785907921847866709,385,true,0.524294,0.177901
185b3449-be8f-4e45-b298-8c58e12b80ce,dd102ab7-56d3-4d73-ae35-646383c140e3,1907,1785907921917978709,1785907922088103709,170,true,0.90997,0.708461
185b3449-be8f-4e45-b298-8c58e12b80ce,dd102ab7-56d3-4d73-ae35-646383c140e3,1908,1785907922143103709,1785907922293228709,150,true,0.52223,0.491541
185b3449-be8f-4e45-b298-8c58e12b80ce,dd102ab7-56d3-4d73-ae35-646383c140e3,1909,1785907922318353709,1785907922443478709,125,true,0.582388,0.50653
185b3449-be8f-4e45-b298-8c58e12b80ce,dd102ab7-56d3-4d73-ae35-646383c140e3,1910,1785907922543478709,1785907922838853709,295,true,0.492269,0.627364
185b3449-be8f-4e45-b298-8c58e12b80ce,dd102ab7-56d3-4d73-ae35-646383c140e3,1911,1785907922868853709,1785907923109111709,240,true,0.572891,0.628788
185b3449-be8f-4e45-b298-8c58e12b80ce,dd102ab7-56d3-4d73-ae35-646383c140e3,1912,1785907923134102709,1785907923359227709,225,true,0.629566,0.678922
185b3449-be8f-4e45-b298-8c58e12b80ce,dd102ab7-56d3-4d73-ae35-646383c140e3,1913,1785907923394352709,1785907923564477709,170,true,0.579697,0.448931
185b3449-be8f-4e45-b298-8c58e12b80ce,dd102ab7-56d3-4d73-ae35-646383c140e3,1914,1785907923829727709,1785907923919852709,90,true,0.50307,0.395212
185b3449-be8f-4e45-b298-8c58e12b80ce,dd102ab7-56d3-4d73-ae35-646383c140e3,1915,1785907924059977709,1785907924154977709,95,true,0.418462,0.425102
185b3449-be8f-4e45-b298-8c58e12b80ce,dd102ab7-56d3-4d73-ae35-646383c140e3,1916,1785907924385233709,1785907924560359709,175,true,0.510161,0.526402
185b3449-be8f-4e45-b298-8c58e12b80ce,dd102ab7-56d3-4d73-ae35-646383c140e3,1917,1785907924590477709,1785907924770602709,180,true,0.486157,0.675573
185b3449-be8f-4e45-b298-8c58e12b80ce,dd102ab7-56d3-4d73-ae35-646383c140e3,1921,1785907925921726709,1785907926016726709,95,true,1.000863,0.471185
185b3449-be8f-4e45-b298-8c58e12b80ce,dd102ab7-56d3-4d73-ae35-646383c140e3,1924,1785907926857600709,1785907926902600709,45,true,0.453128,0.068569
185b3449-be8f-4e45-b298-8c58e12b80ce,dd102ab7-56d3-4d73-ae35-646383c140e3,1927,1785907927523225709,1785907927693350709,170,true,0.509637,0.259793
185b3449-be8f-4e45-b298-8c58e12b80ce,dd102ab7-56d3-4d73-ae35-646383c140e3,1929,1785907928198850709,1785907928388975709,190,true,0.630389,0.463788
185b3449-be8f-4e45-b298-8c58e12b80ce,dd102ab7-56d3-4d73-ae35-646383c140e3,1930,1785907928624224709,1785907928699349709,75,true,0.499393,0.011646
185b3449-be8f-4e45-b298-8c58e12b80ce,dd102ab7-56d3-4d73-ae35-646383c140e3,1931,1785907928754350709,1785907928904474709,150,true,0.625655,0.418604
185b3449-be8f-4e45-b298-8c58e12b80ce,dd102ab7-56d3-4d73-ae35-646383c140e3,1932,1785907929079600709,1785907929189729709,110,true,0.485417,0.522053
185b3449-be8f-4e45-b298-8c58e12b80ce,dd102ab7-56d3-4d73-ae35-646383c140e3,1933,1785907929224733709,1785907929399974709,175,true,0.634293,0.469919
80a6fc6b-bafc-4959-9777-b5041dca2979,dd102ab7-56d3-4d73-ae35-646383c140e3,1964,1785907939289223709,1785907939484344709,195,true,0.466982,0.554064
80a6fc6b-bafc-4959-9777-b5041dca2979,dd102ab7-56d3-4d73-ae35-646383c140e3,1966,1785907939939844709,1785907940195102709,255,false,0.399406,1.906773
80a6fc6b-bafc-4959-9777-b5041dca2979,dd102ab7-56d3-4d73-ae35-646383c140e3,1970,1785907941100981709,1785907941356093709,255,true,0.487261,0.081978
80a6fc6b-bafc-4959-9777-b5041dca2979,dd102ab7-56d3-4d73-ae35-646383c140e3,1971,1785907941401218709,1785907941571343709,170,true,0.468439,0.468738
80a6fc6b-bafc-4959-9777-b5041dca2979,dd102ab7-56d3-4d73-ae35-646383c140e3,1972,1785907942126842709,1785907942302092709,175,true,0.492185,0.438862
80a6fc6b-bafc-4959-9777-b5041dca2979,dd102ab7-56d3-4d73-ae35-646383c140e3,1973,1785907942322092709,1785907942497217709,175,true,0.500128,0.518064
80a6fc6b-bafc-4959-9777-b5041dca2979,dd102ab7-56d3-4d73-ae35-646383c140e3,1974,1785907942627342709,1785907942837592709,210,true,0.631975,0.491019
80a6fc6b-bafc-4959-9777-b5041dca2979,dd102ab7-56d3-4d73-ae35-646383c140e3,1975,1785907942872592709,1785907943077717709,205,true,0.504597,0.401115
80a6fc6b-bafc-4959-9777-b5041dca2979,dd102ab7-56d3-4d73-ae35-646383c140e3,1976,1785907943117842709,1785907943588217709,470,true,0.508573,0.074708
80a6fc6b-bafc-4959-9777-b5041dca2979,dd102ab7-56d3-4d73-ae35-646383c140e3,1977,1785907943678342709,1785907944093725709,415,true,0.492317,0.434697
80a6fc6b-bafc-4959-9777-b5041dca2979,dd102ab7-56d3-4d73-ae35-646383c140e3,1978,1785907944128718709,1785907944479091709,350,true,0.638285,0.625717
80a6fc6b-bafc-4959-9777-b5041dca2979,dd102ab7-56d3-4d73-ae35-646383c140e3,1979,1785907944519091709,1785907944864466709,345,true,0.492363,0.789815
80a6fc6b-bafc-4959-9777-b5041dca2979,dd102ab7-56d3-4d73-ae35-646383c140e3,1980,1785907944899466709,1785907945064591709,165,true,0.339739,0.649343
80a6fc6b-bafc-4959-9777-b5041dca2979,dd102ab7-56d3-4d73-ae35-646383c140e3,1981,1785907945109716709,1785907945515095709,405,true,0.488296,0.420394
80a6fc6b-bafc-4959-9777-b5041dca2979,dd102ab7-56d3-4d73-ae35-646383c140e3,1982,1785907945650216709,1785907945950465709,300,true,0.490468,0.426584
80a6fc6b-bafc-4959-9777-b5041dca2979,dd102ab7-56d3-4d73-ae35-646383c140e3,1983,1785907945990466709,1785907946190715709,200,true,0.651177,0.570144
80a6fc6b-bafc-4959-9777-b5041dca2979,dd102ab7-56d3-4d73-ae35-646383c140e3,1984,1785907946225715709,1785907947101597709,875,true,0.497341,0.415425
80a6fc6b-bafc-4959-9777-b5041dca2979,dd102ab7-56d3-4d73-ae35-646383c140e3,1985,1785907947141598709,1785907948112464709,970,true,0.633012,0.632934
80a6fc6b-bafc-4959-9777-b5041dca2979,dd102ab7-56d3-4d73-ae35-646383c140e3,1986,1785907948147464709,1785907948287589709,140,true,0.503908,0.586295
80a6fc6b-bafc-4959-9777-b5041dca2979,dd102ab7-56d3-4d73-ae35-646383c140e3,1987,1785907948367714709,1785907948843218709,475,true,0.510381,0.378716
80a6fc6b-bafc-4959-9777-b5041dca2979,dd102ab7-56d3-4d73-ae35-646383c140e3,1988,1785907948873214709,1785907949333589709,460,true,0.587734,0.482077
80a6fc6b-bafc-4959-9777-b5041dca2979,dd102ab7-56d3-4d73-ae35-646383c140e3,1989,1785907949448718709,1785907950019218709,570,true,0.568337,0.356803
80a6fc6b-bafc-4959-9777-b5041dca2979,dd102ab7-56d3-4d73-ae35-646383c140e3,1990,1785907950149338709,1785907950469713709,320,true,0.454376,0.387012
80a6fc6b-bafc-4959-9777-b5041dca2979,dd102ab7-56d3-4d73-ae35-646383c140e3,1991,1785907950494713709,1785907950679838709,185,true,0.435588,0.476229
80a6fc6b-bafc-4959-9777-b5041dca2979,dd102ab7-56d3-4d73-ae35-646383c140e3,1992,1785907950714973709,1785907951115338709,400,true,0.518591,0.659455
80a6fc6b-bafc-4959-9777-b5041dca2979,dd102ab7-56d3-4d73-ae35-646383c140e3,1993,1785907951150338709,1785907951911087709,760,true,0.566938,0.354988
80a6fc6b-bafc-4959-9777-b5041dca2979,dd102ab7-56d3-4d73-ae35-646383c140e3,1994,1785907951941087709,1785907952101212709,160,true,0.628213,0.348983
80a6fc6b-bafc-4959-9777-b5041dca2979,dd102ab7-56d3-4d73-ae35-646383c140e3,1995,1785907952206337709,1785907952441587709,235,true,0.58321,0.429572
80a6fc6b-bafc-4959-9777-b5041dca2979,dd102ab7-56d3-4d73-ae35-646383c140e3,1996,1785907952496588709,1785907952696837709,200,true,0.505904,0.179383
80a6fc6b-bafc-4959-9777-b5041dca2979,dd102ab7-56d3-4d73-ae35-646383c140e3,1997,1785907952721837709,1785907952926962709,205,true,0.484142,0.081365
80a6fc6b-bafc-4959-9777-b5041dca2979,dd102ab7-56d3-4d73-ae35-646383c140e3,1998,1785907953072087709,1785907953307337709,235,true,0.454485,0.094182
80a6fc6b-bafc-4959-9777-b5041dca2979,dd102ab7-56d3-4d73-ae35-646383c140e3,1999,1785907953432461709,1785907954028086709,595,true,0.509527,0.078184
80a6fc6b-bafc-4959-9777-b5041dca2979,dd102ab7-56d3-4d73-ae35-646383c140e3,2000,1785907954133087709,1785907954638592709,505,true,0.499422,0.456762
80a6fc6b-bafc-4959-9777-b5041dca2979,dd102ab7-56d3-4d73-ae35-646383c140e3,2001,1785907954673586709,1785907954868847709,195,true,0.413452,0.606337
80a6fc6b-bafc-4959-9777-b5041dca2979,dd102ab7-56d3-4d73-ae35-646383c140e3,2002,1785907954903836709,1785907955109095709,205,true,0.498083,0.813911
80a6fc6b-bafc-4959-9777-b5041dca2979,dd102ab7-56d3-4d73-ae35-646383c140e3,2003,1785907955154085709,1785907955344210709,190,true,0.499534,0.448433
80a6fc6b-bafc-4959-9777-b5041dca2979,dd102ab7-56d3-4d73-ae35-646383c140e3,2004,1785907955364336709,1785907955574460709,210,true,0.497699,0.534978
80a6fc6b-bafc-4959-9777-b5041dca2979,dd102ab7-56d3-4d73-ae35-646383c140e3,2005,1785907955599476709,1785907955709585709,110,true,0.486971,0.439598
80a6fc6b-bafc-4959-9777-b5041dca2979,dd102ab7-56d3-4d73-ae35-646383c140e3,2006,1785907955804710709,1785907956545339709,740,true,0.491659,0.433016
80a6fc6b-bafc-4959-9777-b5041dca2979,dd102ab7-56d3-4d73-ae35-646383c140e3,2007,1785907956590460709,1785907957025835709,435,true,0.503165,0.828091
80a6fc6b-bafc-4959-9777-b5041dca2979,dd102ab7-56d3-4d73-ae35-646383c140e3,2008,1785907957075834709,1785907957461209709,385,true,0.501919,0.436409
80a6fc6b-bafc-4959-9777-b5041dca2979,dd102ab7-56d3-4d73-ae35-646383c140e3,2009,1785907957516334709,1785907958151843709,635,true,0.505398,0.819907
80a6fc6b-bafc-4959-9777-b5041dca2979,dd102ab7-56d3-4d73-ae35-646383c140e3,2010,1785907958196965709,1785907958627334709,430,true,0.568788,0.42254
80a6fc6b-bafc-4959-9777-b5041dca2979,dd102ab7-56d3-4d73-ae35-646383c140e3,2011,1785907958752459709,1785907958892583709,140,true,0.607649,0.33732
80a6fc6b-bafc-4959-9777-b5041dca2979,dd102ab7-56d3-4d73-ae35-646383c140e3,2012,1785907958907585709,1785907959458083709,550,true,0.567908,0.326516
80a6fc6b-bafc-4959-9777-b5041dca2979,dd102ab7-56d3-4d73-ae35-646383c140e3,2013,1785907959498208709,1785907959778458709,280,true,0.458451,0.338553
80a6fc6b-bafc-4959-9777-b5041dca2979,dd102ab7-56d3-4d73-ae35-646383c140e3,2014,1785907959818458709,1785907959943583709,125,true,0.589768,0.32776
80a6fc6b-bafc-4959-9777-b5041dca2979,dd102ab7-56d3-4d73-ae35-646383c140e3,2015,1785907960098708709,1785907960469083709,370,true,0.581664,0.332505
80a6fc6b-bafc-4959-9777-b5041dca2979,dd102ab7-56d3-4d73-ae35-646383c140e3,2016,1785907960504083709,1785907961009583709,505,true,0.65211,0.313281
80a6fc6b-bafc-4959-9777-b5041dca2979,dd102ab7-56d3-4d73-ae35-646383c140e3,2017,1785907961034584709,1785907961314837709,280,true,0.563821,0.340693
80a6fc6b-bafc-4959-9777-b5041dca2979,dd102ab7-56d3-4d73-ae35-646383c140e3,2018,1785907961404957709,1785907961760332709,355,true,0.446608,0.370774
80a6fc6b-bafc-4959-9777-b5041dca2979,dd102ab7-56d3-4d73-ae35-646383c140e3,2019,1785907961915458709,1785907962085586709,170,true,0.525178,0.278067
80a6fc6b-bafc-4959-9777-b5041dca2979,dd102ab7-56d3-4d73-ae35-646383c140e3,2020,1785907962125582709,1785907962340832709,215,true,0.616645,0.123283
80a6fc6b-bafc-4959-9777-b5041dca2979,dd102ab7-56d3-4d73-ae35-646383c140e3,2021,1785907962375832709,1785907963111581709,735,true,0.51331,0.057887
80a6fc6b-bafc-4959-9777-b5041dca2979,dd102ab7-56d3-4d73-ae35-646383c140e3,2022,1785907963161582709,1785907963792219709,630,true,0.508121,0.475997
80a6fc6b-bafc-4959-9777-b5041dca2979,dd102ab7-56d3-4d73-ae35-646383c140e3,2023,1785907963822206709,1785907964277581709,455,true,0.50743,0.575542
80a6fc6b-bafc-4959-9777-b5041dca2979,dd102ab7-56d3-4d73-ae35-646383c140e3,2024,1785907964292706709,1785907964637962709,345,true,0.475901,0.548907
80a6fc6b-bafc-4959-9777-b5041dca2979,dd102ab7-56d3-4d73-ae35-646383c140e3,2025,1785907964763080709,1785907964888205709,125,true,0.487911,0.621672
80a6fc6b-bafc-4959-9777-b5041dca2979,dd102ab7-56d3-4d73-ae35-646383c140e3,2026,1785907964923206709,1785907965083340709,160,true,0.381189,0.621463
80a6fc6b-bafc-4959-9777-b5041dca2979,dd102ab7-56d3-4d73-ae35-646383c140e3,2027,1785907965138455709,1785907965343580709,205,true,0.504111,0.146924
80a6fc6b-bafc-4959-9777-b5041dca2979,dd102ab7-56d3-4d73-ae35-646383c140e3,2028,1785907965363705709,1785907965523830709,160,true,0.503683,0.086918
80a6fc6b-bafc-4959-9777-b5041dca2979,dd102ab7-56d3-4d73-ae35-646383c140e3,2029,1785907965603830709,1785907965723955709,120,true,0.510024,0.706183
80a6fc6b-bafc-4959-9777-b5041dca2979,dd102ab7-56d3-4d73-ae35-646383c140e3,2030,1785907965743955709,1785907965869087709,125,true,0.516174,0.803334
80a6fc6b-bafc-4959-9777-b5041dca2979,dd102ab7-56d3-4d73-ae35-646383c140e3,2031,1785907965904205709,1785907966369580709,465,true,0.363221,0.603608
80a6fc6b-bafc-4959-9777-b5041dca2979,dd102ab7-56d3-4d73-ae35-646383c140e3,2032,1785907966404590709,1785907967045204709,640,true,0.493437,0.802936
80a6fc6b-bafc-4959-9777-b5041dca2979,dd102ab7-56d3-4d73-ae35-646383c140e3,2033,1785907967185329709,1785907967385579709,200,true,0.493271,0.766261
80a6fc6b-bafc-4959-9777-b5041dca2979,dd102ab7-56d3-4d73-ae35-646383c140e3,2034,1785907967420579709,1785907967715829709,295,true,0.503615,0.565654
80a6fc6b-bafc-4959-9777-b5041dca2979,dd102ab7-56d3-4d73-ae35-646383c140e3,2035,1785907967755954709,1785907968041204709,285,true,0.53409,0.35326
80a6fc6b-bafc-4959-9777-b5041dca2979,dd102ab7-56d3-4d73-ae35-646383c140e3,2036,1785907968076204709,1785907968381454709,305,true,0.599002,0.434915
80a6fc6b-bafc-4959-9777-b5041dca2979,dd102ab7-56d3-4d73-ae35-646383c140e3,2037,1785907968416579709,1785907968521579709,105,true,0.590573,0.339205
80a6fc6b-bafc-4959-9777-b5041dca2979,dd102ab7-56d3-4d73-ae35-646383c140e3,2038,1785907968671703709,1785907969477456709,805,true,0.589929,0.331653
80a6fc6b-bafc-4959-9777-b5041dca2979,dd102ab7-56d3-4d73-ae35-646383c140e3,2039,1785907969512578709,1785907969872828709,360,true,0.468821,0.324973
80a6fc6b-bafc-4959-9777-b5041dca2979,dd102ab7-56d3-4d73-ae35-646383c140e3,2040,1785907969977963709,1785907970623577709,645,true,0.455397,0.38208
80a6fc6b-bafc-4959-9777-b5041dca2979,dd102ab7-56d3-4d73-ae35-646383c140e3,2041,1785907970668577709,1785907970913827709,245,true,0.519055,0.648031
80a6fc6b-bafc-4959-9777-b5041dca2979,dd102ab7-56d3-4d73-ae35-646383c140e3,2042,1785907970948952709,1785907971569452709,620,true,0.587208,0.376171
80a6fc6b-bafc-4959-9777-b5041dca2979,dd102ab7-56d3-4d73-ae35-646383c140e3,2043,1785907971724577709,1785907971934831709,210,false,0.939701,-0.03656
80a6fc6b-bafc-4959-9777-b5041dca2979,dd102ab7-56d3-4d73-ae35-646383c140e3,2044,1785907972014952709,1785907972180077709,165,true,0.443173,0.387241
80a6fc6b-bafc-4959-9777-b5041dca2979,dd102ab7-56d3-4d73-ae35-646383c140e3,2045,1785907972220076709,1785907972405205709,185,true,0.434308,0.191191
80a6fc6b-bafc-4959-9777-b5041dca2979,dd102ab7-56d3-4d73-ae35-646383c140e3,2046,1785907972455328709,1785907972675581709,220,true,0.11072,0.007168
80a6fc6b-bafc-4959-9777-b5041dca2979,dd102ab7-56d3-4d73-ae35-646383c140e3,2047,1785907972740581709,1785907972875701709,135,true,0.537605,0.316573
80a6fc6b-bafc-4959-9777-b5041dca2979,dd102ab7-56d3-4d73-ae35-646383c140e3,2048,1785907972905701709,1785907973115951709,210,true,0.499268,0.11482
80a6fc6b-bafc-4959-9777-b5041dca2979,dd102ab7-56d3-4d73-ae35-646383c140e3,2049,1785907973281076709,1785907973391201709,110,false,0.622591,1.574886
80a6fc6b-bafc-4959-9777-b5041dca2979,dd102ab7-56d3-4d73-ae35-646383c140e3,2050,1785907973426214709,1785907973601326709,175,false,0.563928,1.723458
80a6fc6b-bafc-4959-9777-b5041dca2979,dd102ab7-56d3-4d73-ae35-646383c140e3,2051,1785907973676451709,1785907973841576709,165,true,0.515276,0.679903
80a6fc6b-bafc-4959-9777-b5041dca2979,dd102ab7-56d3-4d73-ae35-646383c140e3,2052,1785907973991701709,1785907974772459709,780,true,0.504382,0.462863
80a6fc6b-bafc-4959-9777-b5041dca2979,dd102ab7-56d3-4d73-ae35-646383c140e3,2053,1785907974817575709,1785907975127825709,310,true,0.513684,0.818478
80a6fc6b-bafc-4959-9777-b5041dca2979,dd102ab7-56d3-4d73-ae35-646383c140e3,2054,1785907975167825709,1785907975488205709,320,true,0.508103,0.434951
80a6fc6b-bafc-4959-9777-b5041dca2979,dd102ab7-56d3-4d73-ae35-646383c140e3,2055,1785907975523200709,1785907975853450709,330,true,0.411194,0.563505
80a6fc6b-bafc-4959-9777-b5041dca2979,dd102ab7-56d3-4d73-ae35-646383c140e3,2056,1785907975898575709,1785907976093710709,195,true,0.636465,0.560457
80a6fc6b-bafc-4959-9777-b5041dca2979,dd102ab7-56d3-4d73-ae35-646383c140e3,2057,1785907976118699709,1785907976243825709,125,true,0.658214,0.645434
80a6fc6b-bafc-4959-9777-b5041dca2979,dd102ab7-56d3-4d73-ae35-646383c140e3,2058,1785907976288950709,1785907976634199709,345,true,0.384504,0.577545
80a6fc6b-bafc-4959-9777-b5041dca2979,dd102ab7-56d3-4d73-ae35-646383c140e3,2059,1785907976674324709,1785907977254829709,580,true,0.652152,0.625863
80a6fc6b-bafc-4959-9777-b5041dca2979,dd102ab7-56d3-4d73-ae35-646383c140e3,2060,1785907977384949709,1785907977540074709,155,true,0.647584,0.571726
80a6fc6b-bafc-4959-9777-b5041dca2979,dd102ab7-56d3-4d73-ae35-646383c140e3,2061,1785907977595074709,1785907977780324709,185,true,0.404471,0.574816
80a6fc6b-bafc-4959-9777-b5041dca2979,dd102ab7-56d3-4d73-ae35-646383c140e3,2062,1785907977825324709,1785907977995449709,170,true,0.518572,0.349398
80a6fc6b-bafc-4959-9777-b5041dca2979,dd102ab7-56d3-4d73-ae35-646383c140e3,2063,1785907978035574709,1785907978275832709,240,true,0.514653,0.130493
80a6fc6b-bafc-4959-9777-b5041dca2979,dd102ab7-56d3-4d73-ae35-646383c140e3,2064,1785907978320824709,1785907979011448709,690,true,0.581497,0.453949
80a6fc6b-bafc-4959-9777-b5041dca2979,dd102ab7-56d3-4d73-ae35-646383c140e3,2065,1785907979041448709,1785907979151573709,110,true,0.574136,0.354508
80a6fc6b-bafc-4959-9777-b5041dca2979,dd102ab7-56d3-4d73-ae35-646383c140e3,2066,1785907979336698709,1785907979687073709,350,true,0.461449,0.409205
80a6fc6b-bafc-4959-9777-b5041dca2979,dd102ab7-56d3-4d73-ae35-646383c140e3,2067,1785907979732073709,1785907980332697709,600,true,0.601944,0.333263
80a6fc6b-bafc-4959-9777-b5041dca2979,dd102ab7-56d3-4d73-ae35-646383c140e3,2068,1785907980362697709,1785907980472822709,110,true,0.64829,0.333367
80a6fc6b-bafc-4959-9777-b5041dca2979,dd102ab7-56d3-4d73-ae35-646383c140e3,2069,1785907980567947709,1785907980983334709,415,true,0.45261,0.356159
80a6fc6b-bafc-4959-9777-b5041dca2979,dd102ab7-56d3-4d73-ae35-646383c140e3,2070,1785907981023322709,1785907981193447709,170,true,0.480157,0.57754
80a6fc6b-bafc-4959-9777-b5041dca2979,dd102ab7-56d3-4d73-ae35-646383c140e3,2071,1785907981238572709,1785907981428697709,190,true,0.47045,0.375576
80a6fc6b-bafc-4959-9777-b5041dca2979,dd102ab7-56d3-4d73-ae35-646383c140e3,2072,1785907981473822709,1785907981633947709,160,true,0.483095,0.630098
80a6fc6b-bafc-4959-9777-b5041dca2979,dd102ab7-56d3-4d73-ae35-646383c140e3,2073,1785907981668951709,1785907981919196709,250,true,0.602359,0.365405
80a6fc6b-bafc-4959-9777-b5041dca2979,dd102ab7-56d3-4d73-ae35-646383c140e3,2074,1785907982119321709,1785907982499704709,380,true,0.525245,0.238124
80a6fc6b-bafc-4959-9777-b5041dca2979,dd102ab7-56d3-4d73-ae35-646383c140e3,2075,1785907982534696709,1785907983185321709,650,true,0.520455,0.105399
80a6fc6b-bafc-4959-9777-b5041dca2979,dd102ab7-56d3-4d73-ae35-646383c140e3,2076,1785907983230446709,1785907983385571709,155,true,0.514102,0.428679
80a6fc6b-bafc-4959-9777-b5041dca2979,dd102ab7-56d3-4d73-ae35-646383c140e3,2077,1785907983525696709,1785907983745951709,220,true,0.511738,0.547203
80a6fc6b-bafc-4959-9777-b5041dca2979,dd102ab7-56d3-4d73-ae35-646383c140e3,2078,1785907983820946709,1785907983916070709,95,true,0.492643,0.17162
80a6fc6b-bafc-4959-9777-b5041dca2979,dd102ab7-56d3-4d73-ae35-646383c140e3,2079,1785907984061200709,1785907985047070709,985,true,0.514775,0.433173
80a6fc6b-bafc-4959-9777-b5041dca2979,dd102ab7-56d3-4d73-ae35-646383c140e3,2080,1785907985087195709,1785907985507574709,420,true,0.662219,0.638983
80a6fc6b-bafc-4959-9777-b5041dca2979,dd102ab7-56d3-4d73-ae35-646383c140e3,2081,1785907985547570709,1785907985657695709,110,true,0.524565,0.436925
80a6fc6b-bafc-4959-9777-b5041dca2979,dd102ab7-56d3-4d73-ae35-646383c140e3,2082,1785907985812826709,1785907986288319709,475,true,0.660879,0.623987
80a6fc6b-bafc-4959-9777-b5041dca2979,dd102ab7-56d3-4d73-ae35-646383c140e3,2083,1785907986328319709,1785907986563576709,235,true,0.522276,0.760134
80a6fc6b-bafc-4959-9777-b5041dca2979,dd102ab7-56d3-4d73-ae35-646383c140e3,2084,1785907986598574709,1785907986798694709,200,true,0.393015,0.569221
80a6fc6b-bafc-4959-9777-b5041dca2979,dd102ab7-56d3-4d73-ae35-646383c140e3,2085,1785907986833819709,1785907987124069709,290,true,0.540165,0.455854
80a6fc6b-bafc-4959-9777-b5041dca2979,dd102ab7-56d3-4d73-ae35-646383c140e3,2086,1785907987164069709,1785907987389319709,225,true,0.660233,0.662354
80a6fc6b-bafc-4959-9777-b5041dca2979,dd102ab7-56d3-4d73-ae35-646383c140e3,2087,1785907987454318709,1785907987534444709,80,true,0.521274,0.180585
80a6fc6b-bafc-4959-9777-b5041dca2979,dd102ab7-56d3-4d73-ae35-646383c140e3,2088,1785907987669582709,1785907987969818709,300,true,0.536872,0.055617
80a6fc6b-bafc-4959-9777-b5041dca2979,dd102ab7-56d3-4d73-ae35-646383c140e3,2089,1785907988019953709,1785907988165068709,145,true,0.518932,0.38871
80a6fc6b-bafc-4959-9777-b5041dca2979,dd102ab7-56d3-4d73-ae35-646383c140e3,2090,1785907988200068709,1785907988440318709,240,true,0.615406,0.424562
80a6fc6b-bafc-4959-9777-b5041dca2979,dd102ab7-56d3-4d73-ae35-646383c140e3,2091,1785907988465326709,1785907988950832709,485,true,0.579475,0.342711
80a6fc6b-bafc-4959-9777-b5041dca2979,dd102ab7-56d3-4d73-ae35-646383c140e3,2092,1785907988980818709,1785907989135943709,155,true,0.663579,0.333477
80a6fc6b-bafc-4959-9777-b5041dca2979,dd102ab7-56d3-4d73-ae35-646383c140e3,2093,1785907989256068709,1785907989731442709,475,true,0.68695,0.305803
80a6fc6b-bafc-4959-9777-b5041dca2979,dd102ab7-56d3-4d73-ae35-646383c140e3,2094,1785907989766567709,1785907990106817709,340,true,0.466088,0.350932
80a6fc6b-bafc-4959-9777-b5041dca2979,dd102ab7-56d3-4d73-ae35-646383c140e3,2095,1785907990236942709,1785907991518191709,1281,true,0.460411,0.340377
80a6fc6b-bafc-4959-9777-b5041dca2979,dd102ab7-56d3-4d73-ae35-646383c140e3,2096,1785907991708317709,1785907991933566709,225,true,0.489187,0.289085
80a6fc6b-bafc-4959-9777-b5041dca2979,dd102ab7-56d3-4d73-ae35-646383c140e3,2097,1785907991968566709,1785907992404074709,435,true,0.569103,0.221623
80a6fc6b-bafc-4959-9777-b5041dca2979,dd102ab7-56d3-4d73-ae35-646383c140e3,2098,1785907992439066709,1785907993009574709,570,true,0.516952,0.11685
80a6fc6b-bafc-4959-9777-b5041dca2979,dd102ab7-56d3-4d73-ae35-646383c140e3,2099,1785907993054566709,1785907993535066709,480,true,0.527186,0.47409
80a6fc6b-bafc-4959-9777-b5041dca2979,dd102ab7-56d3-4d73-ae35-646383c140e3,2100,1785907993660190709,1785907993925440709,265,true,0.405756,0.607015
80a6fc6b-bafc-4959-9777-b5041dca2979,dd102ab7-56d3-4d73-ae35-646383c140e3,2101,1785907993955440709,1785907994130565709,175,true,0.498597,0.596729
80a6fc6b-bafc-4959-9777-b5041dca2979,dd102ab7-56d3-4d73-ae35-646383c140e3,2102,1785907994160690709,1785907994365815709,205,true,0.654856,0.661681
80a6fc6b-bafc-4959-9777-b5041dca2979,dd102ab7-56d3-4d73-ae35-646383c140e3,2103,1785907994410940709,1785907994551065709,140,true,0.524666,0.596174
80a6fc6b-bafc-4959-9777-b5041dca2979,dd102ab7-56d3-4d73-ae35-646383c140e3,2104,1785907994591069709,1785907994891315709,300,true,0.534309,0.800635
80a6fc6b-bafc-4959-9777-b5041dca2979,dd102ab7-56d3-4d73-ae35-646383c140e3,2105,1785907994931440709,1785907995061440709,130,true,0.628374,0.605464
80a6fc6b-bafc-4959-9777-b5041dca2979,dd102ab7-56d3-4d73-ae35-646383c140e3,2106,1785907995106564709,1785907995426814709,320,true,0.39195,0.564035
80a6fc6b-bafc-4959-9777-b5041dca2979,dd102ab7-56d3-4d73-ae35-646383c140e3,2107,1785907995591939709,1785907995852189709,260,true,0.373259,0.615549
80a6fc6b-bafc-4959-9777-b5041dca2979,dd102ab7-56d3-4d73-ae35-646383c140e3,2108,1785907995887314709,1785907996177564709,290,true,0.492069,0.628275
80a6fc6b-bafc-4959-9777-b5041dca2979,dd102ab7-56d3-4d73-ae35-646383c140e3,2109,1785907996212564709,1785907996417814709,205,true,0.502512,0.446766
80a6fc6b-bafc-4959-9777-b5041dca2979,dd102ab7-56d3-4d73-ae35-646383c140e3,2110,1785907996457814709,1785907996768064709,310,true,0.400785,0.583937
80a6fc6b-bafc-4959-9777-b5041dca2979,dd102ab7-56d3-4d73-ae35-646383c140e3,2111,1785907996808197709,1785907996943314709,135,true,0.634212,0.604718
80a6fc6b-bafc-4959-9777-b5041dca2979,dd102ab7-56d3-4d73-ae35-646383c140e3,2112,1785907996983314709,1785907997163439709,180,true,0.545605,0.795494
80a6fc6b-bafc-4959-9777-b5041dca2979,dd102ab7-56d3-4d73-ae35-646383c140e3,2113,1785907997203563709,1785907997338700709,135,true,0.638019,0.655823
80a6fc6b-bafc-4959-9777-b5041dca2979,dd102ab7-56d3-4d73-ae35-646383c140e3,2114,1785907997498813709,1785907997618938709,120,true,0.642442,0.5719
80a6fc6b-bafc-4959-9777-b5041dca2979,dd102ab7-56d3-4d73-ae35-646383c140e3,2115,1785907997658938709,1785907997844063709,185,true,0.446631,0.53781
80a6fc6b-bafc-4959-9777-b5041dca2979,dd102ab7-56d3-4d73-ae35-646383c140e3,2116,1785907997869188709,1785907998369563709,500,true,0.387447,0.589108
80a6fc6b-bafc-4959-9777-b5041dca2979,dd102ab7-56d3-4d73-ae35-646383c140e3,2117,1785907998409694709,1785907998825067709,415,true,0.526409,0.77199
80a6fc6b-bafc-4959-9777-b5041dca2979,dd102ab7-56d3-4d73-ae35-646383c140e3,2118,1785907998865069709,1785907999065312709,200,true,0.397329,0.583867
80a6fc6b-bafc-4959-9777-b5041dca2979,dd102ab7-56d3-4d73-ae35-646383c140e3,2119,1785907999115312709,1785907999375562709,260,true,0.548159,0.176286
80a6fc6b-bafc-4959-9777-b5041dca2979,dd102ab7-56d3-4d73-ae35-646383c140e3,2120,1785907999405562709,1785907999705812709,300,true,0.594759,0.223345
80a6fc6b-bafc-4959-9777-b5041dca2979,dd102ab7-56d3-4d73-ae35-646383c140e3,2121,1785907999740937709,1785907999936062709,195,true,0.618198,0.402801
80a6fc6b-bafc-4959-9777-b5041dca2979,dd102ab7-56d3-4d73-ae35-646383c140e3,2122,1785907999961062709,1785908000061187709,100,true,0.580145,0.506533
80a6fc6b-bafc-4959-9777-b5041dca2979,dd102ab7-56d3-4d73-ae35-646383c140e3,2123,1785908000116187709,1785908000881936709,765,true,0.603596,0.334177
80a6fc6b-bafc-4959-9777-b5041dca2979,dd102ab7-56d3-4d73-ae35-646383c140e3,2124,1785908001052062709,1785908001452436709,400,true,0.6646,0.283869
80a6fc6b-bafc-4959-9777-b5041dca2979,dd102ab7-56d3-4d73-ae35-646383c140e3,2125,1785908001477561709,1785908001962936709,485,true,0.590799,0.322597
80a6fc6b-bafc-4959-9777-b5041dca2979,dd102ab7-56d3-4d73-ae35-646383c140e3,2126,1785908001998061709,1785908002178186709,180,true,0.667141,0.303192
80a6fc6b-bafc-4959-9777-b5041dca2979,dd102ab7-56d3-4d73-ae35-646383c140e3,2127,1785908002318317709,1785908002858815709,540,true,0.473252,0.318635
80a6fc6b-bafc-4959-9777-b5041dca2979,dd102ab7-56d3-4d73-ae35-646383c140e3,2128,1785908002888810709,1785908003013935709,125,true,0.462327,0.472221
80a6fc6b-bafc-4959-9777-b5041dca2979,dd102ab7-56d3-4d73-ae35-646383c140e3,2129,1785908003043935709,1785908003334310709,290,true,0.581128,0.455654
80a6fc6b-bafc-4959-9777-b5041dca2979,dd102ab7-56d3-4d73-ae35-646383c140e3,2130,1785908003494435709,1785908003654560709,160,true,0.546652,0.222105
80a6fc6b-bafc-4959-9777-b5041dca2979,dd102ab7-56d3-4d73-ae35-646383c140e3,2131,1785908003694560709,1785908003894810709,200,true,0.679453,0.104583
80a6fc6b-bafc-4959-9777-b5041dca2979,dd102ab7-56d3-4d73-ae35-646383c140e3,2132,1785908003929810709,1785908004124935709,195,true,0.550283,0.013418
80a6fc6b-bafc-4959-9777-b5041dca2979,dd102ab7-56d3-4d73-ae35-646383c140e3,2133,1785908004185060709,1785908004350185709,165,true,0.51421,0.254517
80a6fc6b-bafc-4959-9777-b5041dca2979,dd102ab7-56d3-4d73-ae35-646383c140e3,2134,1785908004400312709,1785908005040812709,640,true,0.54524,0.15669
80a6fc6b-bafc-4959-9777-b5041dca2979,dd102ab7-56d3-4d73-ae35-646383c140e3,2135,1785908005135934709,1785908005366184709,230,true,0.540589,0.069009
80a6fc6b-bafc-4959-9777-b5041dca2979,dd102ab7-56d3-4d73-ae35-646383c140e3,2136,1785908005411184709,1785908006206934709,795,true,0.525522,0.435684
80a6fc6b-bafc-4959-9777-b5041dca2979,dd102ab7-56d3-4d73-ae35-646383c140e3,2137,1785908006231945709,1785908006397188709,165,true,0.51583,0.515204
80a6fc6b-bafc-4959-9777-b5041dca2979,dd102ab7-56d3-4d73-ae35-646383c140e3,2138,1785908006422184709,1785908006547319709,125,true,0.507567,0.430054
80a6fc6b-bafc-4959-9777-b5041dca2979,dd102ab7-56d3-4d73-ae35-646383c140e3,2139,1785908006582309709,1785908007257933709,675,true,0.429462,0.598237
80a6fc6b-bafc-4959-9777-b5041dca2979,dd102ab7-56d3-4d73-ae35-646383c140e3,2140,1785908007292933709,1785908007518183709,225,true,0.504125,0.429257
80a6fc6b-bafc-4959-9777-b5041dca2979,dd102ab7-56d3-4d73-ae35-646383c140e3,2141,1785908007598308709,1785908007978558709,380,true,0.442131,0.579428
80a6fc6b-bafc-4959-9777-b5041dca2979,dd102ab7-56d3-4d73-ae35-646383c140e3,2142,1785908008113692709,1785908008253808709,140,true,0.485342,0.678826
80a6fc6b-bafc-4959-9777-b5041dca2979,dd102ab7-56d3-4d73-ae35-646383c140e3,2143,1785908008288933709,1785908008819432709,530,true,0.371887,0.605884
80a6fc6b-bafc-4959-9777-b5041dca2979,dd102ab7-56d3-4d73-ae35-646383c140e3,2144,1785908008859432709,1785908009284807709,425,true,0.5097,0.759488
80a6fc6b-bafc-4959-9777-b5041dca2979,dd102ab7-56d3-4d73-ae35-646383c140e3,2145,1785908009324932709,1785908009485066709,160,true,0.569642,0.531886
80a6fc6b-bafc-4959-9777-b5041dca2979,dd102ab7-56d3-4d73-ae35-646383c140e3,2146,1785908009515057709,1785908009720182709,205,true,0.637672,0.610287
80a6fc6b-bafc-4959-9777-b5041dca2979,dd102ab7-56d3-4d73-ae35-646383c140e3,2147,1785908009760316709,1785908010080562709,320,true,0.513859,0.426397
80a6fc6b-bafc-4959-9777-b5041dca2979,dd102ab7-56d3-4d73-ae35-646383c140e3,2148,1785908010175682709,1785908010360807709,185,true,0.359676,0.636228
80a6fc6b-bafc-4959-9777-b5041dca2979,dd102ab7-56d3-4d73-ae35-646383c140e3,2149,1785908010395932709,1785908010571056709,175,true,0.50406,0.448745
80a6fc6b-bafc-4959-9777-b5041dca2979,dd102ab7-56d3-4d73-ae35-646383c140e3,2150,1785908010611056709,1785908010926312709,315,true,0.382021,0.598042
80a6fc6b-bafc-4959-9777-b5041dca2979,dd102ab7-56d3-4d73-ae35-646383c140e3,2151,1785908010951431709,1785908011321681709,370,true,0.48191,0.59558
80a6fc6b-bafc-4959-9777-b5041dca2979,dd102ab7-56d3-4d73-ae35-646383c140e3,2152,1785908011356806709,1785908012067431709,710,true,0.518759,0.444922
80a6fc6b-bafc-4959-9777-b5041dca2979,dd102ab7-56d3-4d73-ae35-646383c140e3,2153,1785908012107431709,1785908012242556709,135,true,0.409681,0.551507
80a6fc6b-bafc-4959-9777-b5041dca2979,dd102ab7-56d3-4d73-ae35-646383c140e3,2154,1785908012297681709,1785908012512805709,215,true,0.545597,0.168503
80a6fc6b-bafc-4959-9777-b5041dca2979,dd102ab7-56d3-4d73-ae35-646383c140e3,2155,1785908012597930709,1785908012793180709,195,true,0.531048,0.180056
80a6fc6b-bafc-4959-9777-b5041dca2979,dd102ab7-56d3-4d73-ae35-646383c140e3,2156,1785908012833180709,1785908013128430709,295,true,0.586991,0.39915
80a6fc6b-bafc-4959-9777-b5041dca2979,dd102ab7-56d3-4d73-ae35-646383c140e3,2157,1785908013153430709,1785908013498805709,345,true,0.574369,0.331473
80a6fc6b-bafc-4959-9777-b5041dca2979,dd102ab7-56d3-4d73-ae35-646383c140e3,2158,1785908013533805709,1785908013678930709,145,true,0.468062,0.482136
80a6fc6b-bafc-4959-9777-b5041dca2979,dd102ab7-56d3-4d73-ae35-646383c140e3,2159,1785908013764055709,1785908014064305709,300,true,0.535281,0.412541
80a6fc6b-bafc-4959-9777-b5041dca2979,dd102ab7-56d3-4d73-ae35-646383c140e3,2160,1785908014099305709,1785908014754929709,655,true,0.569461,0.602091
80a6fc6b-bafc-4959-9777-b5041dca2979,dd102ab7-56d3-4d73-ae35-646383c140e3,2161,1785908014784929709,1785908015425554709,640,true,0.485461,0.634332
80a6fc6b-bafc-4959-9777-b5041dca2979,dd102ab7-56d3-4d73-ae35-646383c140e3,2162,1785908015460679709,1785908015640806709,180,true,0.522281,0.648745
80a6fc6b-bafc-4959-9777-b5041dca2979,dd102ab7-56d3-4d73-ae35-646383c140e3,2163,1785908015665804709,1785908015986179709,320,true,0.595325,0.670672
80a6fc6b-bafc-4959-9777-b5041dca2979,dd102ab7-56d3-4d73-ae35-646383c140e3,2164,1785908016016178709,1785908016216303709,200,true,0.520577,0.643778
80a6fc6b-bafc-4959-9777-b5041dca2979,dd102ab7-56d3-4d73-ae35-646383c140e3,2165,1785908016246304709,1785908016411567709,165,true,0.445882,0.638084
80a6fc6b-bafc-4959-9777-b5041dca2979,dd102ab7-56d3-4d73-ae35-646383c140e3,2166,1785908016596678709,1785908016796928709,200,true,0.498872,0.229458
80a6fc6b-bafc-4959-9777-b5041dca2979,dd102ab7-56d3-4d73-ae35-646383c140e3,2167,1785908016816928709,1785908017082178709,265,true,0.511343,0.164515
80a6fc6b-bafc-4959-9777-b5041dca2979,dd102ab7-56d3-4d73-ae35-646383c140e3,2168,1785908017097181709,1785908017722803709,625,true,0.557496,0.175108
80a6fc6b-bafc-4959-9777-b5041dca2979,dd102ab7-56d3-4d73-ae35-646383c140e3,2169,1785908017857928709,1785908018318302709,460,true,0.541037,0.165909
80a6fc6b-bafc-4959-9777-b5041dca2979,dd102ab7-56d3-4d73-ae35-646383c140e3,2170,1785908018373302709,1785908019064052709,690,true,0.499607,0.461115
80a6fc6b-bafc-4959-9777-b5041dca2979,dd102ab7-56d3-4d73-ae35-646383c140e3,2171,1785908019099062709,1785908019349302709,250,true,0.39325,0.579023
80a6fc6b-bafc-4959-9777-b5041dca2979,dd102ab7-56d3-4d73-ae35-646383c140e3,2172,1785908019384302709,1785908019569427709,185,true,0.508671,0.707321
80a6fc6b-bafc-4959-9777-b5041dca2979,dd102ab7-56d3-4d73-ae35-646383c140e3,2173,1785908019614558709,1785908020255056709,640,true,0.500135,0.43911
80a6fc6b-bafc-4959-9777-b5041dca2979,dd102ab7-56d3-4d73-ae35-646383c140e3,2174,1785908020290184709,1785908020925801709,635,true,0.555513,0.579722
80a6fc6b-bafc-4959-9777-b5041dca2979,dd102ab7-56d3-4d73-ae35-646383c140e3,2175,1785908020960808709,1785908021050926709,90,true,0.616394,0.634957
80a6fc6b-bafc-4959-9777-b5041dca2979,dd102ab7-56d3-4d73-ae35-646383c140e3,2176,1785908021196058709,1785908021301056709,104,true,0.530668,0.449305
80a6fc6b-bafc-4959-9777-b5041dca2979,dd102ab7-56d3-4d73-ae35-646383c140e3,2177,1785908021361176709,1785908021696429709,335,true,0.527764,0.805153
80a6fc6b-bafc-4959-9777-b5041dca2979,dd102ab7-56d3-4d73-ae35-646383c140e3,2178,1785908021731551709,1785908022847550709,1115,true,0.49939,0.477122
80a6fc6b-bafc-4959-9777-b5041dca2979,dd102ab7-56d3-4d73-ae35-646383c140e3,2179,1785908023077800709,1785908023323050709,245,true,0.53307,0.794955
80a6fc6b-bafc-4959-9777-b5041dca2979,dd102ab7-56d3-4d73-ae35-646383c140e3,2180,1785908023363050709,1785908023998674709,635,true,0.566028,0.606749
80a6fc6b-bafc-4959-9777-b5041dca2979,dd102ab7-56d3-4d73-ae35-646383c140e3,2181,1785908024043674709,1785908024464049709,420,true,0.383642,0.545452
80a6fc6b-bafc-4959-9777-b5041dca2979,dd102ab7-56d3-4d73-ae35-646383c140e3,2182,1785908024499049709,1785908024674304709,175,true,0.508313,0.613381
80a6fc6b-bafc-4959-9777-b5041dca2979,dd102ab7-56d3-4d73-ae35-646383c140e3,2183,1785908024709299709,1785908025024549709,315,true,0.634092,0.621091
80a6fc6b-bafc-4959-9777-b5041dca2979,dd102ab7-56d3-4d73-ae35-646383c140e3,2184,1785908025074674709,1785908025199799709,125,true,0.390707,0.569072
80a6fc6b-bafc-4959-9777-b5041dca2979,dd102ab7-56d3-4d73-ae35-646383c140e3,2185,1785908025239815709,1785908025740298709,500,true,0.562949,0.095692
80a6fc6b-bafc-4959-9777-b5041dca2979,dd102ab7-56d3-4d73-ae35-646383c140e3,2186,1785908025810298709,1785908026320798709,510,true,0.524972,0.785755
80a6fc6b-bafc-4959-9777-b5041dca2979,dd102ab7-56d3-4d73-ae35-646383c140e3,2187,1785908026355798709,1785908026505931709,150,true,0.567705,0.5621
80a6fc6b-bafc-4959-9777-b5041dca2979,dd102ab7-56d3-4d73-ae35-646383c140e3,2188,1785908026531048709,1785908026656173709,125,true,0.501121,0.44212
80a6fc6b-bafc-4959-9777-b5041dca2979,dd102ab7-56d3-4d73-ae35-646383c140e3,2189,1785908026846302709,1785908027181673709,335,true,0.530377,0.79638
80a6fc6b-bafc-4959-9777-b5041dca2979,dd102ab7-56d3-4d73-ae35-646383c140e3,2190,1785908027221673709,1785908028277672709,1055,true,0.508798,0.42973
80a6fc6b-bafc-4959-9777-b5041dca2979,dd102ab7-56d3-4d73-ae35-646383c140e3,2191,1785908028322672709,1785908028733047709,410,true,0.526813,0.810658
80a6fc6b-bafc-4959-9777-b5041dca2979,dd102ab7-56d3-4d73-ae35-646383c140e3,2192,1785908028778047709,1785908029183426709,405,true,0.517245,0.438787
80a6fc6b-bafc-4959-9777-b5041dca2979,dd102ab7-56d3-4d73-ae35-646383c140e3,2193,1785908029218547709,1785908029714046709,495,true,0.528722,0.105924
80a6fc6b-bafc-4959-9777-b5041dca2979,dd102ab7-56d3-4d73-ae35-646383c140e3,2194,1785908029769046709,1785908030009296709,240,true,0.511589,0.523237
80a6fc6b-bafc-4959-9777-b5041dca2979,dd102ab7-56d3-4d73-ae35-646383c140e3,2195,1785908030039296709,1785908030274546709,235,true,0.523915,0.421442
80a6fc6b-bafc-4959-9777-b5041dca2979,dd102ab7-56d3-4d73-ae35-646383c140e3,2196,1785908030309546709,1785908030484671709,175,true,0.578754,0.544287
80a6fc6b-bafc-4959-9777-b5041dca2979,dd102ab7-56d3-4d73-ae35-646383c140e3,2197,1785908030619796709,1785908031060303709,440,true,0.60797,0.358371
80a6fc6b-bafc-4959-9777-b5041dca2979,dd102ab7-56d3-4d73-ae35-646383c140e3,2198,1785908031090296709,1785908031400545709,310,true,0.485397,0.472634
80a6fc6b-bafc-4959-9777-b5041dca2979,dd102ab7-56d3-4d73-ae35-646383c140e3,2199,1785908031430546709,1785908032191295709,760,true,0.545802,0.661708
80a6fc6b-bafc-4959-9777-b5041dca2979,dd102ab7-56d3-4d73-ae35-646383c140e3,2200,1785908032216295709,1785908032401552709,185,true,0.623619,0.659897
80a6fc6b-bafc-4959-9777-b5041dca2979,dd102ab7-56d3-4d73-ae35-646383c140e3,2201,1785908032441545709,1785908032696795709,255,true,0.591814,0.509089
80a6fc6b-bafc-4959-9777-b5041dca2979,dd102ab7-56d3-4d73-ae35-646383c140e3,2202,1785908032836920709,1785908033247295709,410,true,0.591441,0.417033
80a6fc6b-bafc-4959-9777-b5041dca2979,dd102ab7-56d3-4d73-ae35-646383c140e3,2203,1785908033262295709,1785908033852919709,590,true,0.581572,0.53092
80a6fc6b-bafc-4959-9777-b5041dca2979,dd102ab7-56d3-4d73-ae35-646383c140e3,2204,1785908033887919709,1785908034288294709,400,true,0.486899,0.458475
80a6fc6b-bafc-4959-9777-b5041dca2979,dd102ab7-56d3-4d73-ae35-646383c140e3,2205,1785908034318294709,1785908034468419709,150,true,0.435333,0.273582
80a6fc6b-bafc-4959-9777-b5041dca2979,dd102ab7-56d3-4d73-ae35-646383c140e3,2206,1785908034678669709,1785908034773669709,95,true,0.354084,0.275705
80a6fc6b-bafc-4959-9777-b5041dca2979,dd102ab7-56d3-4d73-ae35-646383c140e3,2207,1785908034813798709,1785908035384293709,570,true,0.512783,0.130805
80a6fc6b-bafc-4959-9777-b5041dca2979,dd102ab7-56d3-4d73-ae35-646383c140e3,2208,1785908035629543709,1785908035744668709,115,true,0.519426,0.447898
80a6fc6b-bafc-4959-9777-b5041dca2979,dd102ab7-56d3-4d73-ae35-646383c140e3,2209,1785908035779673709,1785908036044918709,265,true,0.386219,0.597469
80a6fc6b-bafc-4959-9777-b5041dca2979,dd102ab7-56d3-4d73-ae35-646383c140e3,2210,1785908036280168709,1785908036360168709,80,true,0.471785,0.634802
80a6fc6b-bafc-4959-9777-b5041dca2979,dd102ab7-56d3-4d73-ae35-646383c140e3,2211,1785908036395293709,1785908036575418709,180,true,0.628121,0.700016
80a6fc6b-bafc-4959-9777-b5041dca2979,dd102ab7-56d3-4d73-ae35-646383c140e3,2212,1785908036610424709,1785908036740551709,130,true,0.533458,0.780044
80a6fc6b-bafc-4959-9777-b5041dca2979,dd102ab7-56d3-4d73-ae35-646383c140e3,2213,1785908036780552709,1785908037090918709,310,true,0.38438,0.618542
80a6fc6b-bafc-4959-9777-b5041dca2979,dd102ab7-56d3-4d73-ae35-646383c140e3,2214,1785908037125925709,1785908037351167709,225,true,0.514881,0.632135
80a6fc6b-bafc-4959-9777-b5041dca2979,dd102ab7-56d3-4d73-ae35-646383c140e3,2215,1785908037381167709,1785908037636417709,255,true,0.508459,0.803656
80a6fc6b-bafc-4959-9777-b5041dca2979,dd102ab7-56d3-4d73-ae35-646383c140e3,2216,1785908037681417709,1785908037921667709,240,true,0.514524,0.521802
80a6fc6b-bafc-4959-9777-b5041dca2979,dd102ab7-56d3-4d73-ae35-646383c140e3,2217,1785908037996792709,1785908038722417709,725,true,0.516892,0.467934
80a6fc6b-bafc-4959-9777-b5041dca2979,dd102ab7-56d3-4d73-ae35-646383c140e3,2218,1785908038762417709,1785908039077791709,315,true,0.633497,0.67592
80a6fc6b-bafc-4959-9777-b5041dca2979,dd102ab7-56d3-4d73-ae35-646383c140e3,2219,1785908039112803709,1785908039368041709,255,true,0.513261,0.635534
80a6fc6b-bafc-4959-9777-b5041dca2979,dd102ab7-56d3-4d73-ae35-646383c140e3,2220,1785908039403041709,1785908039543166709,140,true,0.507108,0.468291
80a6fc6b-bafc-4959-9777-b5041dca2979,dd102ab7-56d3-4d73-ae35-646383c140e3,2221,1785908039583291709,1785908039863541709,280,true,0.634444,0.708945
80a6fc6b-bafc-4959-9777-b5041dca2979,dd102ab7-56d3-4d73-ae35-646383c140e3,2222,1785908039903541709,1785908040123805709,220,true,0.531446,0.468162
80a6fc6b-bafc-4959-9777-b5041dca2979,dd102ab7-56d3-4d73-ae35-646383c140e3,2223,1785908040168791709,1785908040338916709,170,true,0.623618,0.729059
80a6fc6b-bafc-4959-9777-b5041dca2979,dd102ab7-56d3-4d73-ae35-646383c140e3,2224,1785908040484052709,1785908040899416709,415,true,0.614431,0.596495
80a6fc6b-bafc-4959-9777-b5041dca2979,dd102ab7-56d3-4d73-ae35-646383c140e3,2225,1785908040934540709,1785908041199790709,265,true,0.527987,0.44808
80a6fc6b-bafc-4959-9777-b5041dca2979,dd102ab7-56d3-4d73-ae35-646383c140e3,2226,1785908041239790709,1785908041460040709,220,true,0.599796,0.462153
80a6fc6b-bafc-4959-9777-b5041dca2979,dd102ab7-56d3-4d73-ae35-646383c140e3,2227,1785908041490040709,1785908041610165709,120,true,0.633125,0.337652
80a6fc6b-bafc-4959-9777-b5041dca2979,dd102ab7-56d3-4d73-ae35-646383c140e3,2228,1785908041660165709,1785908041990540709,330,true,0.544296,0.726804
80a6fc6b-bafc-4959-9777-b5041dca2979,dd102ab7-56d3-4d73-ae35-646383c140e3,2229,1785908042015540709,1785908042190665709,175,true,0.474745,0.717576
80a6fc6b-bafc-4959-9777-b5041dca2979,dd102ab7-56d3-4d73-ae35-646383c140e3,2230,1785908042215665709,1785908043321789709,1106,true,0.534138,0.715818
80a6fc6b-bafc-4959-9777-b5041dca2979,dd102ab7-56d3-4d73-ae35-646383c140e3,2231,1785908043346789709,1785908043516914709,170,true,0.607898,0.699933
80a6fc6b-bafc-4959-9777-b5041dca2979,dd102ab7-56d3-4d73-ae35-646383c140e3,2232,1785908043551914709,1785908043782166709,230,true,0.598894,0.464096
80a6fc6b-bafc-4959-9777-b5041dca2979,dd102ab7-56d3-4d73-ae35-646383c140e3,2233,1785908043822164709,1785908043902289709,80,true,0.747396,0.356013
80a6fc6b-bafc-4959-9777-b5041dca2979,dd102ab7-56d3-4d73-ae35-646383c140e3,2234,1785908044668046709,1785908044878166709,210,true,0.597178,0.338704
80a6fc6b-bafc-4959-9777-b5041dca2979,dd102ab7-56d3-4d73-ae35-646383c140e3,2235,1785908044958288709,1785908045143413709,185,true,0.169365,0.166905
80a6fc6b-bafc-4959-9777-b5041dca2979,dd102ab7-56d3-4d73-ae35-646383c140e3,2236,1785908045198540709,1785908045493788709,295,true,0.511057,0.129156
80a6fc6b-bafc-4959-9777-b5041dca2979,dd102ab7-56d3-4d73-ae35-646383c140e3,2237,1785908045543788709,1785908045608913709,65,true,0.449026,0.305342
80a6fc6b-bafc-4959-9777-b5041dca2979,dd102ab7-56d3-4d73-ae35-646383c140e3,2238,1785908045628913709,1785908045804038709,175,true,0.461141,0.219446
80a6fc6b-bafc-4959-9777-b5041dca2979,dd102ab7-56d3-4d73-ae35-646383c140e3,2239,1785908045839175709,1785908046209413709,370,true,0.498166,0.03154
80a6fc6b-bafc-4959-9777-b5041dca2979,dd102ab7-56d3-4d73-ae35-646383c140e3,2240,1785908046239422709,1785908046905162709,665,true,0.530968,0.101582
80a6fc6b-bafc-4959-9777-b5041dca2979,dd102ab7-56d3-4d73-ae35-646383c140e3,2241,1785908046945162709,1785908047150287709,205,true,0.485985,0.388962
80a6fc6b-bafc-4959-9777-b5041dca2979,dd102ab7-56d3-4d73-ae35-646383c140e3,2242,1785908047290412709,1785908047485662709,195,true,0.509304,0.369349
80a6fc6b-bafc-4959-9777-b5041dca2979,dd102ab7-56d3-4d73-ae35-646383c140e3,2243,1785908047510662709,1785908047665787709,155,true,0.487596,0.438427
80a6fc6b-bafc-4959-9777-b5041dca2979,dd102ab7-56d3-4d73-ae35-646383c140e3,2244,1785908047700795709,1785908048081162709,380,true,0.381555,0.609893
80a6fc6b-bafc-4959-9777-b5041dca2979,dd102ab7-56d3-4d73-ae35-646383c140e3,2245,1785908048116287709,1785908048256411709,140,true,0.490301,0.374195
80a6fc6b-bafc-4959-9777-b5041dca2979,dd102ab7-56d3-4d73-ae35-646383c140e3,2246,1785908048296412709,1785908048591661709,295,true,0.519869,0.112214
80a6fc6b-bafc-4959-9777-b5041dca2979,dd102ab7-56d3-4d73-ae35-646383c140e3,2247,1785908048641669709,1785908048826911709,185,true,0.487399,0.417221
80a6fc6b-bafc-4959-9777-b5041dca2979,dd102ab7-56d3-4d73-ae35-646383c140e3,2248,1785908048982036709,1785908049887911709,905,true,0.500304,0.410043
80a6fc6b-bafc-4959-9777-b5041dca2979,dd102ab7-56d3-4d73-ae35-646383c140e3,2249,1785908049927911709,1785908050913911709,986,true,0.38663,0.59829
80a6fc6b-bafc-4959-9777-b5041dca2979,dd102ab7-56d3-4d73-ae35-646383c140e3,2250,1785908050993910709,1785908052735534709,1741,true,0.507363,0.406649
80a6fc6b-bafc-4959-9777-b5041dca2979,dd102ab7-56d3-4d73-ae35-646383c140e3,2251,1785908052780659709,1785908053095909709,315,true,0.382056,0.602682
80a6fc6b-bafc-4959-9777-b5041dca2979,dd102ab7-56d3-4d73-ae35-646383c140e3,2252,1785908053130909709,1785908053261034709,130,true,0.51485,0.430808
80a6fc6b-bafc-4959-9777-b5041dca2979,dd102ab7-56d3-4d73-ae35-646383c140e3,2253,1785908053396159709,1785908053731534709,335,true,0.513497,0.449905
80a6fc6b-bafc-4959-9777-b5041dca2979,dd102ab7-56d3-4d73-ae35-646383c140e3,2254,1785908053776534709,1785908053881663709,105,true,0.402526,0.583624
80a6fc6b-bafc-4959-9777-b5041dca2979,dd102ab7-56d3-4d73-ae35-646383c140e3,2255,1785908053911658709,1785908054387170709,475,true,0.590821,0.479768
80a6fc6b-bafc-4959-9777-b5041dca2979,dd102ab7-56d3-4d73-ae35-646383c140e3,2256,1785908054422158709,1785908054552283709,130,true,0.589006,0.341343
80a6fc6b-bafc-4959-9777-b5041dca2979,dd102ab7-56d3-4d73-ae35-646383c140e3,2257,1785908054687408709,1785908054902537709,215,true,0.571446,0.374056
80a6fc6b-bafc-4959-9777-b5041dca2979,dd102ab7-56d3-4d73-ae35-646383c140e3,2258,1785908054927658709,1785908055097783709,170,true,0.610487,0.293406
80a6fc6b-bafc-4959-9777-b5041dca2979,dd102ab7-56d3-4d73-ae35-646383c140e3,2259,1785908055132783709,1785908055733415709,600,true,0.4592,0.354856
80a6fc6b-bafc-4959-9777-b5041dca2979,dd102ab7-56d3-4d73-ae35-646383c140e3,2260,1785908055768408709,1785908056023660709,255,true,0.634228,0.313241
80a6fc6b-bafc-4959-9777-b5041dca2979,dd102ab7-56d3-4d73-ae35-646383c140e3,2261,1785908056063658709,1785908056163787709,100,true,0.462716,0.359216
80a6fc6b-bafc-4959-9777-b5041dca2979,dd102ab7-56d3-4d73-ae35-646383c140e3,2262,1785908056283907709,1785908056624157709,340,true,0.45372,0.41822
80a6fc6b-bafc-4959-9777-b5041dca2979,dd102ab7-56d3-4d73-ae35-646383c140e3,2263,1785908056664282709,1785908056944532709,280,true,0.469774,0.632603
80a6fc6b-bafc-4959-9777-b5041dca2979,dd102ab7-56d3-4d73-ae35-646383c140e3,2264,1785908056979532709,1785908057169782709,190,true,0.545323,0.648174
80a6fc6b-bafc-4959-9777-b5041dca2979,dd102ab7-56d3-4d73-ae35-646383c140e3,2265,1785908057204795709,1785908057460032709,255,true,0.429489,0.631899
80a6fc6b-bafc-4959-9777-b5041dca2979,dd102ab7-56d3-4d73-ae35-646383c140e3,2266,1785908057500032709,1785908057640157709,140,true,0.560809,0.493265
80a6fc6b-bafc-4959-9777-b5041dca2979,dd102ab7-56d3-4d73-ae35-646383c140e3,2267,1785908057785290709,1785908057950406709,165,true,0.511129,0.137033
80a6fc6b-bafc-4959-9777-b5041dca2979,dd102ab7-56d3-4d73-ae35-646383c140e3,2268,1785908057970531709,1785908058355781709,385,true,0.560318,0.040709
80a6fc6b-bafc-4959-9777-b5041dca2979,dd102ab7-56d3-4d73-ae35-646383c140e3,2269,1785908058390906709,1785908058606031709,215,true,0.560112,0.22272
80a6fc6b-bafc-4959-9777-b5041dca2979,dd102ab7-56d3-4d73-ae35-646383c140e3,2270,1785908058631156709,1785908059021406709,390,true,0.539978,0.129222
80a6fc6b-bafc-4959-9777-b5041dca2979,dd102ab7-56d3-4d73-ae35-646383c140e3,2271,1785908059141534709,1785908059331786709,190,true,0.552864,0.227951
80a6fc6b-bafc-4959-9777-b5041dca2979,dd102ab7-56d3-4d73-ae35-646383c140e3,2272,1785908059376781709,1785908059667030709,290,true,0.50016,0.424507
80a6fc6b-bafc-4959-9777-b5041dca2979,dd102ab7-56d3-4d73-ae35-646383c140e3,2273,1785908059697156709,1785908060397788709,700,true,0.411099,0.587184
80a6fc6b-bafc-4959-9777-b5041dca2979,dd102ab7-56d3-4d73-ae35-646383c140e3,2274,1785908060527905709,1785908060783155709,255,true,0.494059,0.616624
80a6fc6b-bafc-4959-9777-b5041dca2979,dd102ab7-56d3-4d73-ae35-646383c140e3,2275,1785908060818155709,1785908061103405709,285,true,0.376629,0.609842
80a6fc6b-bafc-4959-9777-b5041dca2979,dd102ab7-56d3-4d73-ae35-646383c140e3,2276,1785908061143405709,1785908061403655709,260,true,0.512076,0.8122
80a6fc6b-bafc-4959-9777-b5041dca2979,dd102ab7-56d3-4d73-ae35-646383c140e3,2277,1785908061443779709,1785908061769029709,325,true,0.388155,0.597543
80a6fc6b-bafc-4959-9777-b5041dca2979,dd102ab7-56d3-4d73-ae35-646383c140e3,2278,1785908061824034709,1785908062129404709,305,true,0.61974,0.665794
80a6fc6b-bafc-4959-9777-b5041dca2979,dd102ab7-56d3-4d73-ae35-646383c140e3,2279,1785908062159404709,1785908062960154709,800,true,0.527964,0.627105
80a6fc6b-bafc-4959-9777-b5041dca2979,dd102ab7-56d3-4d73-ae35-646383c140e3,2280,1785908063015154709,1785908063090279709,75,true,0.530572,0.184617
80a6fc6b-bafc-4959-9777-b5041dca2979,dd102ab7-56d3-4d73-ae35-646383c140e3,2281,1785908063215404709,1785908063405529709,190,true,0.556751,0.155262
80a6fc6b-bafc-4959-9777-b5041dca2979,dd102ab7-56d3-4d73-ae35-646383c140e3,2282,1785908063475654709,1785908064056153709,580,true,0.614854,0.606384
80a6fc6b-bafc-4959-9777-b5041dca2979,dd102ab7-56d3-4d73-ae35-646383c140e3,2283,1785908064091153709,1785908065242278709,1151,true,0.576194,0.432695
80a6fc6b-bafc-4959-9777-b5041dca2979,dd102ab7-56d3-4d73-ae35-646383c140e3,2284,1785908065332402709,1785908065462527709,130,true,0.444221,0.487064
80a6fc6b-bafc-4959-9777-b5041dca2979,dd102ab7-56d3-4d73-ae35-646383c140e3,2285,1785908065582656709,1785908066063027709,480,true,0.483655,0.609231
80a6fc6b-bafc-4959-9777-b5041dca2979,dd102ab7-56d3-4d73-ae35-646383c140e3,2286,1785908066108154709,1785908066378402709,270,true,0.598468,0.418681
80a6fc6b-bafc-4959-9777-b5041dca2979,dd102ab7-56d3-4d73-ae35-646383c140e3,2287,1785908066428402709,1785908066743652709,315,true,0.469521,0.334552
80a6fc6b-bafc-4959-9777-b5041dca2979,dd102ab7-56d3-4d73-ae35-646383c140e3,2288,1785908066778777709,1785908066968910709,190,true,0.558412,0.346946
80a6fc6b-bafc-4959-9777-b5041dca2979,dd102ab7-56d3-4d73-ae35-646383c140e3,2289,1785908067054027709,1785908067679526709,625,true,0.48155,0.381934
80a6fc6b-bafc-4959-9777-b5041dca2979,dd102ab7-56d3-4d73-ae35-646383c140e3,2290,1785908067724651709,1785908067989901709,265,true,0.766961,0.183331
80a6fc6b-bafc-4959-9777-b5041dca2979,dd102ab7-56d3-4d73-ae35-646383c140e3,2291,1785908068044901709,1785908068440276709,395,true,0.488474,0.405984
80a6fc6b-bafc-4959-9777-b5041dca2979,dd102ab7-56d3-4d73-ae35-646383c140e3,2292,1785908068480276709,1785908068610401709,130,true,0.369694,0.34927
80a6fc6b-bafc-4959-9777-b5041dca2979,dd102ab7-56d3-4d73-ae35-646383c140e3,2295,1785908069246025709,1785908069526275709,280,true,0.489122,0.111227
80a6fc6b-bafc-4959-9777-b5041dca2979,dd102ab7-56d3-4d73-ae35-646383c140e3,2299,1785908071247899709,1785908071343024709,95,true,0.339368,0.60283
80a6fc6b-bafc-4959-9777-b5041dca2979,dd102ab7-56d3-4d73-ae35-646383c140e3,2301,1785908071808399709,1785908073184773709,1376,true,0.504203,0.52712
80a6fc6b-bafc-4959-9777-b5041dca2979,dd102ab7-56d3-4d73-ae35-646383c140e3,2302,1785908073224773709,1785908073465025709,240,true,0.668904,0.61835
80a6fc6b-bafc-4959-9777-b5041dca2979,dd102ab7-56d3-4d73-ae35-646383c140e3,2303,1785908073500034709,1785908073620148709,120,true,0.507859,0.567579
80a6fc6b-bafc-4959-9777-b5041dca2979,dd102ab7-56d3-4d73-ae35-646383c140e3,2304,1785908073750273709,1785908074661148709,910,true,0.574401,0.530375
80a6fc6b-bafc-4959-9777-b5041dca2979,dd102ab7-56d3-4d73-ae35-646383c140e3,2305,1785908074686147709,1785908074831273709,145,true,0.572073,0.443212
80a6fc6b-bafc-4959-9777-b5041dca2979,dd102ab7-56d3-4d73-ae35-646383c140e3,2306,1785908074956399709,1785908075867272709,910,true,0.50843,0.614413
80a6fc6b-bafc-4959-9777-b5041dca2979,dd102ab7-56d3-4d73-ae35-646383c140e3,2307,1785908075972397709,1785908076102522709,130,false,0.892293,1.993752
80a6fc6b-bafc-4959-9777-b5041dca2979,dd102ab7-56d3-4d73-ae35-646383c140e3,2308,1785908076212522709,1785908076607908709,395,true,0.550986,0.310611
80a6fc6b-bafc-4959-9777-b5041dca2979,dd102ab7-56d3-4d73-ae35-646383c140e3,2309,1785908076638022709,1785908076833147709,195,true,0.445538,0.314282
80a6fc6b-bafc-4959-9777-b5041dca2979,dd102ab7-56d3-4d73-ae35-646383c140e3,2310,1785908076968271709,1785908077143408709,175,true,0.502387,0.334234
80a6fc6b-bafc-4959-9777-b5041dca2979,dd102ab7-56d3-4d73-ae35-646383c140e3,2311,1785908077168521709,1785908077568896709,400,true,0.572326,0.28299
80a6fc6b-bafc-4959-9777-b5041dca2979,dd102ab7-56d3-4d73-ae35-646383c140e3,2312,1785908077603896709,1785908077874146709,270,true,0.565971,0.445546
80a6fc6b-bafc-4959-9777-b5041dca2979,dd102ab7-56d3-4d73-ae35-646383c140e3,2313,1785908077904147709,1785908078174396709,270,true,0.511595,0.558059
80a6fc6b-bafc-4959-9777-b5041dca2979,dd102ab7-56d3-4d73-ae35-646383c140e3,2314,1785908078214396709,1785908078334521709,120,true,0.51716,0.342285
80a6fc6b-bafc-4959-9777-b5041dca2979,dd102ab7-56d3-4d73-ae35-646383c140e3,2315,1785908078569770709,1785908078734903709,165,true,0.46739,0.300263
80a6fc6b-bafc-4959-9777-b5041dca2979,dd102ab7-56d3-4d73-ae35-646383c140e3,2316,1785908078785030709,1785908078990145709,205,true,0.628424,0.203446
80a6fc6b-bafc-4959-9777-b5041dca2979,dd102ab7-56d3-4d73-ae35-646383c140e3,2317,1785908079025270709,1785908079255395709,230,true,0.513041,0.223003
80a6fc6b-bafc-4959-9777-b5041dca2979,dd102ab7-56d3-4d73-ae35-646383c140e3,2318,1785908079285406709,1785908079881020709,595,true,0.522915,0.113754
80a6fc6b-bafc-4959-9777-b5041dca2979,dd102ab7-56d3-4d73-ae35-646383c140e3,2319,1785908080036149709,1785908080171270709,135,true,0.510399,0.114533
80a6fc6b-bafc-4959-9777-b5041dca2979,dd102ab7-56d3-4d73-ae35-646383c140e3,2320,1785908080216270709,1785908081367400709,1151,true,0.51866,0.461672
80a6fc6b-bafc-4959-9777-b5041dca2979,dd102ab7-56d3-4d73-ae35-646383c140e3,2321,1785908081412394709,1785908081562660709,150,true,0.660698,0.636243
80a6fc6b-bafc-4959-9777-b5041dca2979,dd102ab7-56d3-4d73-ae35-646383c140e3,2322,1785908081697783709,1785908082523518709,825,true,0.527024,0.422165
80a6fc6b-bafc-4959-9777-b5041dca2979,dd102ab7-56d3-4d73-ae35-646383c140e3,2323,1785908082563523709,1785908082743643709,180,true,0.654757,0.594821
80a6fc6b-bafc-4959-9777-b5041dca2979,dd102ab7-56d3-4d73-ae35-646383c140e3,2324,1785908082773768709,1785908083094018709,320,true,0.529223,0.58851
80a6fc6b-bafc-4959-9777-b5041dca2979,dd102ab7-56d3-4d73-ae35-646383c140e3,2325,1785908083134027709,1785908083539393709,405,true,0.379719,0.616821
80a6fc6b-bafc-4959-9777-b5041dca2979,dd102ab7-56d3-4d73-ae35-646383c140e3,2326,1785908083614518709,1785908083749643709,135,true,0.459697,0.574035
80a6fc6b-bafc-4959-9777-b5041dca2979,dd102ab7-56d3-4d73-ae35-646383c140e3,2327,1785908083789643709,1785908083919768709,130,true,0.5079,0.74436
80a6fc6b-bafc-4959-9777-b5041dca2979,dd102ab7-56d3-4d73-ae35-646383c140e3,2328,1785908083954780709,1785908084395267709,440,true,0.383813,0.619154
80a6fc6b-bafc-4959-9777-b5041dca2979,dd102ab7-56d3-4d73-ae35-646383c140e3,2329,1785908084425268709,1785908084670517709,245,true,0.504216,0.685695
80a6fc6b-bafc-4959-9777-b5041dca2979,dd102ab7-56d3-4d73-ae35-646383c140e3,2330,1785908084730517709,1785908084870642709,140,true,0.489523,0.123596
80a6fc6b-bafc-4959-9777-b5041dca2979,dd102ab7-56d3-4d73-ae35-646383c140e3,2331,1785908085055892709,1785908085301142709,245,true,0.517899,0.128026
80a6fc6b-bafc-4959-9777-b5041dca2979,dd102ab7-56d3-4d73-ae35-646383c140e3,2332,1785908085351142709,1785908085636392709,285,true,0.524292,0.601676
80a6fc6b-bafc-4959-9777-b5041dca2979,dd102ab7-56d3-4d73-ae35-646383c140e3,2333,1785908085681392709,1785908085771517709,90,true,0.388008,0.642492
80a6fc6b-bafc-4959-9777-b5041dca2979,dd102ab7-56d3-4d73-ae35-646383c140e3,2334,1785908085816642709,1785908085956767709,140,true,0.494041,0.484963
80a6fc6b-bafc-4959-9777-b5041dca2979,dd102ab7-56d3-4d73-ae35-646383c140e3,2335,1785908085996767709,1785908086211896709,215,true,0.587762,0.470117
80a6fc6b-bafc-4959-9777-b5041dca2979,dd102ab7-56d3-4d73-ae35-646383c140e3,2336,1785908086237021709,1785908086347021709,110,true,0.595817,0.352252
80a6fc6b-bafc-4959-9777-b5041dca2979,dd102ab7-56d3-4d73-ae35-646383c140e3,2337,1785908086432146709,1785908086782516709,350,true,0.587396,0.320904
80a6fc6b-bafc-4959-9777-b5041dca2979,dd102ab7-56d3-4d73-ae35-646383c140e3,2338,1785908086822516709,1785908087232904709,410,true,0.444103,0.340124
80a6fc6b-bafc-4959-9777-b5041dca2979,dd102ab7-56d3-4d73-ae35-646383c140e3,2339,1785908087373016709,1785908087503149709,130,true,0.561902,0.398616
80a6fc6b-bafc-4959-9777-b5041dca2979,dd102ab7-56d3-4d73-ae35-646383c140e3,2340,1785908087533141709,1785908088974515709,1441,true,0.579532,0.31091
80a6fc6b-bafc-4959-9777-b5041dca2979,dd102ab7-56d3-4d73-ae35-646383c140e3,2341,1785908088999515709,1785908089164765709,165,true,0.572799,0.338954
80a6fc6b-bafc-4959-9777-b5041dca2979,dd102ab7-56d3-4d73-ae35-646383c140e3,2342,1785908089199765709,1785908089339890709,140,true,0.437376,0.32541
80a6fc6b-bafc-4959-9777-b5041dca2979,dd102ab7-56d3-4d73-ae35-646383c140e3,2343,1785908089525024709,1785908089775265709,250,true,0.507375,0.147851
80a6fc6b-bafc-4959-9777-b5041dca2979,dd102ab7-56d3-4d73-ae35-646383c140e3,2344,1785908089810265709,1785908090085640709,275,true,0.504685,0.010063
80a6fc6b-bafc-4959-9777-b5041dca2979,dd102ab7-56d3-4d73-ae35-646383c140e3,2345,1785908090135639709,1785908090285764709,150,true,0.480186,0.337101
80a6fc6b-bafc-4959-9777-b5041dca2979,dd102ab7-56d3-4d73-ae35-646383c140e3,2346,1785908090355894709,1785908090561014709,205,true,0.867285,0.263939
80a6fc6b-bafc-4959-9777-b5041dca2979,dd102ab7-56d3-4d73-ae35-646383c140e3,2347,1785908090626139709,1785908091361764709,735,true,0.513604,0.126924
80a6fc6b-bafc-4959-9777-b5041dca2979,dd102ab7-56d3-4d73-ae35-646383c140e3,2348,1785908091411764709,1785908091577014709,165,true,0.422935,0.500512
80a6fc6b-bafc-4959-9777-b5041dca2979,dd102ab7-56d3-4d73-ae35-646383c140e3,2349,1785908091732145709,1785908092142513709,410,true,0.379706,0.632493
80a6fc6b-bafc-4959-9777-b5041dca2979,dd102ab7-56d3-4d73-ae35-646383c140e3,2350,1785908092177513709,1785908092382763709,205,true,0.481004,0.585311
80a6fc6b-bafc-4959-9777-b5041dca2979,dd102ab7-56d3-4d73-ae35-646383c140e3,2351,1785908092427774709,1785908092577888709,150,true,0.506299,0.387285
80a6fc6b-bafc-4959-9777-b5041dca2979,dd102ab7-56d3-4d73-ae35-646383c140e3,2352,1785908092618013709,1785908093063388709,445,true,0.65372,0.613121
80a6fc6b-bafc-4959-9777-b5041dca2979,dd102ab7-56d3-4d73-ae35-646383c140e3,2353,1785908093098388709,1785908093283638709,185,true,0.519291,0.789854
80a6fc6b-bafc-4959-9777-b5041dca2979,dd102ab7-56d3-4d73-ae35-646383c140e3,2354,1785908093318638709,1785908093809013709,490,true,0.492981,0.487395
80a6fc6b-bafc-4959-9777-b5041dca2979,dd102ab7-56d3-4d73-ae35-646383c140e3,2355,1785908093844138709,1785908094069262709,225,true,0.638103,0.616827
80a6fc6b-bafc-4959-9777-b5041dca2979,dd102ab7-56d3-4d73-ae35-646383c140e3,2356,1785908094194388709,1785908094444637709,250,true,0.370283,0.612075
80a6fc6b-bafc-4959-9777-b5041dca2979,dd102ab7-56d3-4d73-ae35-646383c140e3,2357,1785908094489762709,1785908094745012709,255,true,0.64784,0.612663
80a6fc6b-bafc-4959-9777-b5041dca2979,dd102ab7-56d3-4d73-ae35-646383c140e3,2358,1785908094785012709,1785908095150387709,365,true,0.508842,0.35664
80a6fc6b-bafc-4959-9777-b5041dca2979,dd102ab7-56d3-4d73-ae35-646383c140e3,2359,1785908095195387709,1785908095430637709,235,true,0.674497,0.650972
80a6fc6b-bafc-4959-9777-b5041dca2979,dd102ab7-56d3-4d73-ae35-646383c140e3,2360,1785908095475637709,1785908095720887709,245,true,0.518741,0.11008
80a6fc6b-bafc-4959-9777-b5041dca2979,dd102ab7-56d3-4d73-ae35-646383c140e3,2361,1785908095760887709,1785908096181261709,420,true,0.509475,0.378383
80a6fc6b-bafc-4959-9777-b5041dca2979,dd102ab7-56d3-4d73-ae35-646383c140e3,2362,1785908096221386709,1785908096426511709,205,true,0.538046,0.730754
80a6fc6b-bafc-4959-9777-b5041dca2979,dd102ab7-56d3-4d73-ae35-646383c140e3,2363,1785908096466511709,1785908096691761709,225,true,0.528772,0.380722
80a6fc6b-bafc-4959-9777-b5041dca2979,dd102ab7-56d3-4d73-ae35-646383c140e3,2364,1785908096741761709,1785908096957017709,215,true,0.373712,0.616062
80a6fc6b-bafc-4959-9777-b5041dca2979,dd102ab7-56d3-4d73-ae35-646383c140e3,2365,1785908096987013709,1785908097157261709,170,true,0.49327,0.616857
80a6fc6b-bafc-4959-9777-b5041dca2979,dd102ab7-56d3-4d73-ae35-646383c140e3,2366,1785908097197261709,1785908097367386709,170,true,0.672981,0.635772
80a6fc6b-bafc-4959-9777-b5041dca2979,dd102ab7-56d3-4d73-ae35-646383c140e3,2367,1785908097472511709,1785908097702761709,230,true,0.541747,0.381482
80a6fc6b-bafc-4959-9777-b5041dca2979,dd102ab7-56d3-4d73-ae35-646383c140e3,2368,1785908097742761709,1785908097917885709,175,true,0.649905,0.604257
80a6fc6b-bafc-4959-9777-b5041dca2979,dd102ab7-56d3-4d73-ae35-646383c140e3,2369,1785908097948011709,1785908098183135709,235,true,0.50182,0.374692
80a6fc6b-bafc-4959-9777-b5041dca2979,dd102ab7-56d3-4d73-ae35-646383c140e3,2370,1785908098223260709,1785908098443385709,220,true,0.654422,0.639777
80a6fc6b-bafc-4959-9777-b5041dca2979,dd102ab7-56d3-4d73-ae35-646383c140e3,2371,1785908098493510709,1785908099029010709,535,true,0.534734,0.105054
80a6fc6b-bafc-4959-9777-b5041dca2979,dd102ab7-56d3-4d73-ae35-646383c140e3,2372,1785908099174135709,1785908099619510709,445,true,0.61337,0.610456
80a6fc6b-bafc-4959-9777-b5041dca2979,dd102ab7-56d3-4d73-ae35-646383c140e3,2373,1785908099669509709,1785908099914759709,245,true,0.374765,0.629083
80a6fc6b-bafc-4959-9777-b5041dca2979,dd102ab7-56d3-4d73-ae35-646383c140e3,2374,1785908099954884709,1785908100195009709,240,true,0.493892,0.57094
80a6fc6b-bafc-4959-9777-b5041dca2979,dd102ab7-56d3-4d73-ae35-646383c140e3,2375,1785908100225134709,1785908100560393709,335,true,0.505901,0.378407
80a6fc6b-bafc-4959-9777-b5041dca2979,dd102ab7-56d3-4d73-ae35-646383c140e3,2376,1785908100600384709,1785908100785634709,185,true,0.645692,0.632776
80a6fc6b-bafc-4959-9777-b5041dca2979,dd102ab7-56d3-4d73-ae35-646383c140e3,2377,1785908100825634709,1785908101156011709,330,true,0.500724,0.78862
80a6fc6b-bafc-4959-9777-b5041dca2979,dd102ab7-56d3-4d73-ae35-646383c140e3,2378,1785908101191015709,1785908101456267709,265,true,0.36725,0.618102
80a6fc6b-bafc-4959-9777-b5041dca2979,dd102ab7-56d3-4d73-ae35-646383c140e3,2379,1785908101491263709,1785908102141883709,650,true,0.481112,0.587099
80a6fc6b-bafc-4959-9777-b5041dca2979,dd102ab7-56d3-4d73-ae35-646383c140e3,2380,1785908102176883709,1785908102462133709,285,true,0.366268,0.64085
80a6fc6b-bafc-4959-9777-b5041dca2979,dd102ab7-56d3-4d73-ae35-646383c140e3,2381,1785908102492263709,1785908102577258709,84,true,0.47067,0.538088
80a6fc6b-bafc-4959-9777-b5041dca2979,dd102ab7-56d3-4d73-ae35-646383c140e3,2382,1785908102602258709,1785908102872518709,270,true,0.493824,0.59324
80a6fc6b-bafc-4959-9777-b5041dca2979,dd102ab7-56d3-4d73-ae35-646383c140e3,2383,1785908102907633709,1785908103057769709,150,true,0.377704,0.602375
80a6fc6b-bafc-4959-9777-b5041dca2979,dd102ab7-56d3-4d73-ae35-646383c140e3,2384,1785908103102758709,1785908103328007709,225,true,0.500099,0.786764
80a6fc6b-bafc-4959-9777-b5041dca2979,dd102ab7-56d3-4d73-ae35-646383c140e3,2385,1785908103368008709,1785908103493133709,125,true,0.36637,0.654598
80a6fc6b-bafc-4959-9777-b5041dca2979,dd102ab7-56d3-4d73-ae35-646383c140e3,2386,1785908103518134709,1785908103648259709,130,true,0.448144,0.426339
80a6fc6b-bafc-4959-9777-b5041dca2979,dd102ab7-56d3-4d73-ae35-646383c140e3,2387,1785908103678382709,1785908103918507709,240,true,0.584032,0.441012
80a6fc6b-bafc-4959-9777-b5041dca2979,dd102ab7-56d3-4d73-ae35-646383c140e3,2388,1785908103953632709,1785908104158757709,205,true,0.573755,0.315113
80a6fc6b-bafc-4959-9777-b5041dca2979,dd102ab7-56d3-4d73-ae35-646383c140e3,2389,1785908104193757709,1785908104318882709,125,true,0.660295,0.3278
80a6fc6b-bafc-4959-9777-b5041dca2979,dd102ab7-56d3-4d73-ae35-646383c140e3,2390,1785908104469011709,1785908104624257709,155,true,0.678371,0.325639
80a6fc6b-bafc-4959-9777-b5041dca2979,dd102ab7-56d3-4d73-ae35-646383c140e3,2391,1785908104659261709,1785908104854382709,195,true,0.573018,0.458689
80a6fc6b-bafc-4959-9777-b5041dca2979,dd102ab7-56d3-4d73-ae35-646383c140e3,2392,1785908104884512709,1785908105810381709,925,true,0.424709,0.345657
80a6fc6b-bafc-4959-9777-b5041dca2979,dd102ab7-56d3-4d73-ae35-646383c140e3,2393,1785908105850381709,1785908106060506709,210,true,0.632349,0.336531
80a6fc6b-bafc-4959-9777-b5041dca2979,dd102ab7-56d3-4d73-ae35-646383c140e3,2394,1785908106080631709,1785908106470881709,390,true,0.570602,0.310636
80a6fc6b-bafc-4959-9777-b5041dca2979,dd102ab7-56d3-4d73-ae35-646383c140e3,2395,1785908106516020709,1785908106831256709,315,true,0.524668,0.6393
80a6fc6b-bafc-4959-9777-b5041dca2979,dd102ab7-56d3-4d73-ae35-646383c140e3,2396,1785908107521881709,1785908107677130709,155,true,0.459582,0.24903
80a6fc6b-bafc-4959-9777-b5041dca2979,dd102ab7-56d3-4d73-ae35-646383c140e3,2397,1785908107717130709,1785908108192505709,475,true,0.524671,0.061984
80a6fc6b-bafc-4959-9777-b5041dca2979,dd102ab7-56d3-4d73-ae35-646383c140e3,2398,1785908108222630709,1785908108412772709,190,true,0.526637,0.215158
80a6fc6b-bafc-4959-9777-b5041dca2979,dd102ab7-56d3-4d73-ae35-646383c140e3,2399,1785908108592880709,1785908108908255709,315,true,0.522696,0.049446
80a6fc6b-bafc-4959-9777-b5041dca2979,dd102ab7-56d3-4d73-ae35-646383c140e3,2400,1785908108948255709,1785908109964254709,1015,true,0.496888,0.416745
80a6fc6b-bafc-4959-9777-b5041dca2979,dd102ab7-56d3-4d73-ae35-646383c140e3,2401,1785908110134379709,1785908110394629709,260,true,0.369841,0.591751
80a6fc6b-bafc-4959-9777-b5041dca2979,dd102ab7-56d3-4d73-ae35-646383c140e3,2402,1785908110434629709,1785908110649887709,215,true,0.495715,0.418798
80a6fc6b-bafc-4959-9777-b5041dca2979,dd102ab7-56d3-4d73-ae35-646383c140e3,2403,1785908110694879709,1785908111035254709,340,true,0.503924,0.746892
80a6fc6b-bafc-4959-9777-b5041dca2979,dd102ab7-56d3-4d73-ae35-646383c140e3,2404,1785908111085258709,1785908111250378709,165,true,0.658024,0.565363
80a6fc6b-bafc-4959-9777-b5041dca2979,dd102ab7-56d3-4d73-ae35-646383c140e3,2405,1785908111270503709,1785908111785878709,515,true,0.665229,0.626637
80a6fc6b-bafc-4959-9777-b5041dca2979,dd102ab7-56d3-4d73-ae35-646383c140e3,2406,1785908111931003709,1785908112781878709,850,true,0.525341,0.602635
80a6fc6b-bafc-4959-9777-b5041dca2979,dd102ab7-56d3-4d73-ae35-646383c140e3,2407,1785908112816883709,1785908113612627709,795,true,0.666225,0.611937
80a6fc6b-bafc-4959-9777-b5041dca2979,dd102ab7-56d3-4d73-ae35-646383c140e3,2408,1785908113652627709,1785908113827877709,175,true,0.503465,0.788457
80a6fc6b-bafc-4959-9777-b5041dca2979,dd102ab7-56d3-4d73-ae35-646383c140e3,2409,1785908113973007709,1785908114628627709,655,true,0.660218,0.594163
80a6fc6b-bafc-4959-9777-b5041dca2979,dd102ab7-56d3-4d73-ae35-646383c140e3,2410,1785908114668639709,1785908115234126709,565,true,0.586712,0.392314
80a6fc6b-bafc-4959-9777-b5041dca2979,dd102ab7-56d3-4d73-ae35-646383c140e3,2411,1785908115359251709,1785908115714633709,355,true,0.568692,0.319665
80a6fc6b-bafc-4959-9777-b5041dca2979,dd102ab7-56d3-4d73-ae35-646383c140e3,2412,1785908115749626709,1785908116059877709,310,true,0.447659,0.325116
80a6fc6b-bafc-4959-9777-b5041dca2979,dd102ab7-56d3-4d73-ae35-646383c140e3,2413,1785908116100001709,1785908116485376709,385,true,0.473958,0.5856
80a6fc6b-bafc-4959-9777-b5041dca2979,dd102ab7-56d3-4d73-ae35-646383c140e3,2414,1785908116515376709,1785908116655508709,140,true,0.523496,0.661791
80a6fc6b-bafc-4959-9777-b5041dca2979,dd102ab7-56d3-4d73-ae35-646383c140e3,2415,1785908116865626709,1785908117065875709,200,true,0.510379,0.437156
80a6fc6b-bafc-4959-9777-b5041dca2979,dd102ab7-56d3-4d73-ae35-646383c140e3,2416,1785908117100875709,1785908117296125709,195,true,0.434946,0.30925
80a6fc6b-bafc-4959-9777-b5041dca2979,dd102ab7-56d3-4d73-ae35-646383c140e3,2417,1785908117336136709,1785908117611375709,275,true,0.592346,0.402345
80a6fc6b-bafc-4959-9777-b5041dca2979,dd102ab7-56d3-4d73-ae35-646383c140e3,2418,1785908117631375709,1785908118181875709,550,true,0.58456,0.361316
80a6fc6b-bafc-4959-9777-b5041dca2979,dd102ab7-56d3-4d73-ae35-646383c140e3,2419,1785908118287006709,1785908118512250709,225,true,0.445712,0.302784
80a6fc6b-bafc-4959-9777-b5041dca2979,dd102ab7-56d3-4d73-ae35-646383c140e3,2420,1785908118547258709,1785908118837499709,290,true,0.536978,0.120982
80a6fc6b-bafc-4959-9777-b5041dca2979,dd102ab7-56d3-4d73-ae35-646383c140e3,2421,1785908118872624709,1785908119062749709,190,true,0.476366,0.383004
80a6fc6b-bafc-4959-9777-b5041dca2979,dd102ab7-56d3-4d73-ae35-646383c140e3,2422,1785908119252874709,1785908119397999709,145,true,0.40486,0.284299
80a6fc6b-bafc-4959-9777-b5041dca2979,dd102ab7-56d3-4d73-ae35-646383c140e3,2423,1785908119433124709,1785908120043628709,610,true,0.516668,0.086379
80a6fc6b-bafc-4959-9777-b5041dca2979,dd102ab7-56d3-4d73-ae35-646383c140e3,2424,1785908120098749709,1785908120378999709,280,true,0.499109,0.488519
80a6fc6b-bafc-4959-9777-b5041dca2979,dd102ab7-56d3-4d73-ae35-646383c140e3,2425,1785908120413999709,1785908121079623709,665,true,0.393239,0.583866
80a6fc6b-bafc-4959-9777-b5041dca2979,dd102ab7-56d3-4d73-ae35-646383c140e3,2426,1785908121109623709,1785908122130623709,1021,true,0.469629,0.629259
80a6fc6b-bafc-4959-9777-b5041dca2979,dd102ab7-56d3-4d73-ae35-646383c140e3,2427,1785908122190632709,1785908122315748709,125,true,0.451958,0.438974
80a6fc6b-bafc-4959-9777-b5041dca2979,dd102ab7-56d3-4d73-ae35-646383c140e3,2428,1785908122465998709,1785908123151623709,685,true,0.530115,0.083746
80a6fc6b-bafc-4959-9777-b5041dca2979,dd102ab7-56d3-4d73-ae35-646383c140e3,2429,1785908123211622709,1785908123376747709,165,true,0.547114,0.411835
80a6fc6b-bafc-4959-9777-b5041dca2979,dd102ab7-56d3-4d73-ae35-646383c140e3,2430,1785908123411872709,1785908123827247709,415,true,0.436467,0.338132
80a6fc6b-bafc-4959-9777-b5041dca2979,dd102ab7-56d3-4d73-ae35-646383c140e3,2431,1785908123867247709,1785908124037372709,170,true,0.59292,0.335307
80a6fc6b-bafc-4959-9777-b5041dca2979,dd102ab7-56d3-4d73-ae35-646383c140e3,2433,1785908124668000709,1785908124748122709,80,true,0.382655,0.308737
80a6fc6b-bafc-4959-9777-b5041dca2979,dd102ab7-56d3-4d73-ae35-646383c140e3,2434,1785908124818122709,1785908124898248709,80,true,0.34593,0.285945
80a6fc6b-bafc-4959-9777-b5041dca2979,dd102ab7-56d3-4d73-ae35-646383c140e3,2435,1785908125008371709,1785908125433746709,425,true,0.489539,0.435785
80a6fc6b-bafc-4959-9777-b5041dca2979,dd102ab7-56d3-4d73-ae35-646383c140e3,2436,1785908125648871709,1785908126004246709,355,true,0.466333,0.473904
80a6fc6b-bafc-4959-9777-b5041dca2979,dd102ab7-56d3-4d73-ae35-646383c140e3,2437,1785908126049246709,1785908126474746709,425,true,0.527165,0.591067
80a6fc6b-bafc-4959-9777-b5041dca2979,dd102ab7-56d3-4d73-ae35-646383c140e3,2438,1785908126659870709,1785908126799995709,140,true,0.512386,0.273961
80a6fc6b-bafc-4959-9777-b5041dca2979,dd102ab7-56d3-4d73-ae35-646383c140e3,2439,1785908127265495709,1785908127310495709,45,true,0.483946,0.098579
80a6fc6b-bafc-4959-9777-b5041dca2979,dd102ab7-56d3-4d73-ae35-646383c140e3,2440,1785908127350495709,1785908127355500709,5,true,0.53507,0.227302
80a6fc6b-bafc-4959-9777-b5041dca2979,dd102ab7-56d3-4d73-ae35-646383c140e3,2441,1785908127640745709,1785908127775870709,135,true,0.540712,0.027697
80a6fc6b-bafc-4959-9777-b5041dca2979,dd102ab7-56d3-4d73-ae35-646383c140e3,2442,1785908128336495709,1785908128521620709,185,true,0.530852,0.395907
80a6fc6b-bafc-4959-9777-b5041dca2979,dd102ab7-56d3-4d73-ae35-646383c140e3,2443,1785908128891994709,1785908129167244709,275,true,0.481019,0.469565
80a6fc6b-bafc-4959-9777-b5041dca2979,dd102ab7-56d3-4d73-ae35-646383c140e3,2444,1785908129202244709,1785908129447494709,245,true,0.362475,0.616544
80a6fc6b-bafc-4959-9777-b5041dca2979,dd102ab7-56d3-4d73-ae35-646383c140e3,2445,1785908129487494709,1785908130083119709,595,true,0.517858,0.370278
80a6fc6b-bafc-4959-9777-b5041dca2979,dd102ab7-56d3-4d73-ae35-646383c140e3,2446,1785908130128123709,1785908130538493709,410,true,0.372863,0.61359
80a6fc6b-bafc-4959-9777-b5041dca2979,dd102ab7-56d3-4d73-ae35-646383c140e3,2447,1785908130568494709,1785908131274243709,705,true,0.499547,0.558057
80a6fc6b-bafc-4959-9777-b5041dca2979,dd102ab7-56d3-4d73-ae35-646383c140e3,2448,1785908131309245709,1785908131649506709,340,true,0.505318,0.411604
80a6fc6b-bafc-4959-9777-b5041dca2979,dd102ab7-56d3-4d73-ae35-646383c140e3,2449,1785908131734618709,1785908131919747709,185,true,0.520839,0.404902
80a6fc6b-bafc-4959-9777-b5041dca2979,dd102ab7-56d3-4d73-ae35-646383c140e3,2450,1785908131954873709,1785908132195118709,240,true,0.387495,0.605233
80a6fc6b-bafc-4959-9777-b5041dca2979,dd102ab7-56d3-4d73-ae35-646383c140e3,2451,1785908132245123709,1785908132685497709,440,true,0.509064,0.388907
80a6fc6b-bafc-4959-9777-b5041dca2979,dd102ab7-56d3-4d73-ae35-646383c140e3,2452,1785908132710502709,1785908133235992709,525,true,0.597507,0.488209
80a6fc6b-bafc-4959-9777-b5041dca2979,dd102ab7-56d3-4d73-ae35-646383c140e3,2453,1785908133271117709,1785908133451242709,180,true,0.587154,0.297682
80a6fc6b-bafc-4959-9777-b5041dca2979,dd102ab7-56d3-4d73-ae35-646383c140e3,2454,1785908133486242709,1785908133761492709,275,true,0.658905,0.29226
80a6fc6b-bafc-4959-9777-b5041dca2979,dd102ab7-56d3-4d73-ae35-646383c140e3,2455,1785908133811617709,1785908133991744709,180,true,0.440137,0.311369
80a6fc6b-bafc-4959-9777-b5041dca2979,dd102ab7-56d3-4d73-ae35-646383c140e3,2456,1785908134186867709,1785908134507241709,320,true,0.473454,0.304574
80a6fc6b-bafc-4959-9777-b5041dca2979,dd102ab7-56d3-4d73-ae35-646383c140e3,2457,1785908134547246709,1785908134797499709,250,true,0.602829,0.453561
80a6fc6b-bafc-4959-9777-b5041dca2979,dd102ab7-56d3-4d73-ae35-646383c140e3,2458,1785908134832495709,1785908135057741709,225,true,0.616964,0.337062
80a6fc6b-bafc-4959-9777-b5041dca2979,dd102ab7-56d3-4d73-ae35-646383c140e3,2459,1785908135107741709,1785908135342991709,235,true,0.492207,0.593239
80a6fc6b-bafc-4959-9777-b5041dca2979,dd102ab7-56d3-4d73-ae35-646383c140e3,2460,1785908135377991709,1785908135983616709,605,true,0.555467,0.649566
80a6fc6b-bafc-4959-9777-b5041dca2979,dd102ab7-56d3-4d73-ae35-646383c140e3,2461,1785908136013616709,1785908136193866709,180,true,0.448791,0.58423
80a6fc6b-bafc-4959-9777-b5041dca2979,dd102ab7-56d3-4d73-ae35-646383c140e3,2462,1785908136403991709,1785908136639253709,235,true,0.486707,-0.013997
80a6fc6b-bafc-4959-9777-b5041dca2979,dd102ab7-56d3-4d73-ae35-646383c140e3,2463,1785908136694242709,1785908136879491709,185,true,0.48946,0.302433
80a6fc6b-bafc-4959-9777-b5041dca2979,dd102ab7-56d3-4d73-ae35-646383c140e3,2464,1785908136919495709,1785908137364865709,445,true,0.512105,0.214847
80a6fc6b-bafc-4959-9777-b5041dca2979,dd102ab7-56d3-4d73-ae35-646383c140e3,2465,1785908137404990709,1785908137620120709,215,true,0.491941,0.068356
80a6fc6b-bafc-4959-9777-b5041dca2979,dd102ab7-56d3-4d73-ae35-646383c140e3,2466,1785908137645119709,1785908137960490709,315,true,0.532458,0.137049
80a6fc6b-bafc-4959-9777-b5041dca2979,dd102ab7-56d3-4d73-ae35-646383c140e3,2467,1785908138055490709,1785908138295741709,240,true,0.517684,0.136714
80a6fc6b-bafc-4959-9777-b5041dca2979,dd102ab7-56d3-4d73-ae35-646383c140e3,2468,1785908138345865709,1785908138731239709,385,true,0.508878,0.406061
80a6fc6b-bafc-4959-9777-b5041dca2979,dd102ab7-56d3-4d73-ae35-646383c140e3,2469,1785908138766244709,1785908138921364709,155,true,0.625595,0.538519
80a6fc6b-bafc-4959-9777-b5041dca2979,dd102ab7-56d3-4d73-ae35-646383c140e3,2470,1785908138961364709,1785908139556989709,595,true,0.515555,0.403579
80a6fc6b-bafc-4959-9777-b5041dca2979,dd102ab7-56d3-4d73-ae35-646383c140e3,2471,1785908139601989709,1785908140072500709,470,true,0.642961,0.631953
80a6fc6b-bafc-4959-9777-b5041dca2979,dd102ab7-56d3-4d73-ae35-646383c140e3,2472,1785908140102489709,1785908140322738709,220,true,0.541641,0.58846
80a6fc6b-bafc-4959-9777-b5041dca2979,dd102ab7-56d3-4d73-ae35-646383c140e3,2473,1785908140357748709,1785908140452738709,94,true,0.497119,0.43955
80a6fc6b-bafc-4959-9777-b5041dca2979,dd102ab7-56d3-4d73-ae35-646383c140e3,2474,1785908140577863709,1785908140738113709,160,true,0.511788,0.43043
80a6fc6b-bafc-4959-9777-b5041dca2979,dd102ab7-56d3-4d73-ae35-646383c140e3,2475,1785908140788113709,1785908141418738709,630,true,0.509487,0.763922
80a6fc6b-bafc-4959-9777-b5041dca2979,dd102ab7-56d3-4d73-ae35-646383c140e3,2476,1785908141453738709,1785908141783988709,330,true,0.42219,0.599665
80a6fc6b-bafc-4959-9777-b5041dca2979,dd102ab7-56d3-4d73-ae35-646383c140e3,2477,1785908141824113709,1785908142004238709,180,true,0.491657,0.450064
80a6fc6b-bafc-4959-9777-b5041dca2979,dd102ab7-56d3-4d73-ae35-646383c140e3,2478,1785908142054363709,1785908142444614709,390,true,0.49419,0.762741
80a6fc6b-bafc-4959-9777-b5041dca2979,dd102ab7-56d3-4d73-ae35-646383c140e3,2479,1785908142479738709,1785908142649862709,170,true,0.366618,0.604009
80a6fc6b-bafc-4959-9777-b5041dca2979,dd102ab7-56d3-4d73-ae35-646383c140e3,2480,1785908142689862709,1785908142935117709,245,true,0.50202,0.801256
80a6fc6b-bafc-4959-9777-b5041dca2979,dd102ab7-56d3-4d73-ae35-646383c140e3,2481,1785908143100237709,1785908143190362709,90,true,0.504094,0.581213
80a6fc6b-bafc-4959-9777-b5041dca2979,dd102ab7-56d3-4d73-ae35-646383c140e3,2482,1785908143235362709,1785908143615737709,380,true,0.512188,0.36724
80a6fc6b-bafc-4959-9777-b5041dca2979,dd102ab7-56d3-4d73-ae35-646383c140e3,2483,1785908143650737709,1785908143921112709,270,true,0.657981,0.611469
80a6fc6b-bafc-4959-9777-b5041dca2979,dd102ab7-56d3-4d73-ae35-646383c140e3,2484,1785908143961112709,1785908144366487709,405,true,0.518449,0.420445
80a6fc6b-bafc-4959-9777-b5041dca2979,dd102ab7-56d3-4d73-ae35-646383c140e3,2485,1785908144541612709,1785908144741861709,200,true,0.509572,0.433198
80a6fc6b-bafc-4959-9777-b5041dca2979,dd102ab7-56d3-4d73-ae35-646383c140e3,2486,1785908144786861709,1785908144936986709,150,true,0.542835,0.067209
80a6fc6b-bafc-4959-9777-b5041dca2979,dd102ab7-56d3-4d73-ae35-646383c140e3,2487,1785908144992111709,1785908145487486709,495,true,0.525032,0.375253
80a6fc6b-bafc-4959-9777-b5041dca2979,dd102ab7-56d3-4d73-ae35-646383c140e3,2488,1785908145532611709,1785908146012986709,480,true,0.648013,0.625125
80a6fc6b-bafc-4959-9777-b5041dca2979,dd102ab7-56d3-4d73-ae35-646383c140e3,2489,1785908146047986709,1785908146433361709,385,true,0.504792,0.6014
80a6fc6b-bafc-4959-9777-b5041dca2979,dd102ab7-56d3-4d73-ae35-646383c140e3,2490,1785908146473485709,1785908146698610709,225,true,0.518062,0.791416
80a6fc6b-bafc-4959-9777-b5041dca2979,dd102ab7-56d3-4d73-ae35-646383c140e3,2491,1785908146843735709,1785908147234110709,390,true,0.345081,0.613846
80a6fc6b-bafc-4959-9777-b5041dca2979,dd102ab7-56d3-4d73-ae35-646383c140e3,2492,1785908147279235709,1785908148069985709,790,true,0.497897,0.782059
80a6fc6b-bafc-4959-9777-b5041dca2979,dd102ab7-56d3-4d73-ae35-646383c140e3,2493,1785908148109992709,1785908148350235709,240,true,0.368063,0.618219
80a6fc6b-bafc-4959-9777-b5041dca2979,dd102ab7-56d3-4d73-ae35-646383c140e3,2494,1785908148490359709,1785908148695484709,205,true,0.366837,0.642015
80a6fc6b-bafc-4959-9777-b5041dca2979,dd102ab7-56d3-4d73-ae35-646383c140e3,2495,1785908148735609709,1785908148800609709,65,true,0.502215,0.624382
1ac486c8-49ca-4593-afdf-1338c817e263,dd102ab7-56d3-4d73-ae35-646383c140e3,2517,1785908155456856709,1785908155652106709,195,true,0.493469,0.563889
1ac486c8-49ca-4593-afdf-1338c817e263,dd102ab7-56d3-4d73-ae35-646383c140e3,2518,1785908155692106709,1785908155852231709,160,true,0.592801,0.451716
1ac486c8-49ca-4593-afdf-1338c817e263,dd102ab7-56d3-4d73-ae35-646383c140e3,2519,1785908155947366709,1785908156197605709,250,true,0.553691,0.246514
1ac486c8-49ca-4593-afdf-1338c817e263,dd102ab7-56d3-4d73-ae35-646383c140e3,2520,1785908156302605709,1785908156432730709,130,false,0.620788,1.052602
1ac486c8-49ca-4593-afdf-1338c817e263,dd102ab7-56d3-4d73-ae35-646383c140e3,2521,1785908156502860709,1785908156833105709,330,true,0.528538,0.184055
1ac486c8-49ca-4593-afdf-1338c817e263,dd102ab7-56d3-4d73-ae35-646383c140e3,2522,1785908156973234709,1785908157408730709,435,true,0.518814,0.040846
1ac486c8-49ca-4593-afdf-1338c817e263,dd102ab7-56d3-4d73-ae35-646383c140e3,2523,1785908157483730709,1785908158549729709,1065,true,0.518666,0.300224
1ac486c8-49ca-4593-afdf-1338c817e263,dd102ab7-56d3-4d73-ae35-646383c140e3,2524,1785908158694859709,1785908159600733709,905,true,0.540567,0.33556
1ac486c8-49ca-4593-afdf-1338c817e263,dd102ab7-56d3-4d73-ae35-646383c140e3,2525,1785908159635729709,1785908160276353709,640,true,0.659633,0.536428
1ac486c8-49ca-4593-afdf-1338c817e263,dd102ab7-56d3-4d73-ae35-646383c140e3,2527,1785908160836853709,1785908161092103709,255,true,0.650951,0.606836
1ac486c8-49ca-4593-afdf-1338c817e263,dd102ab7-56d3-4d73-ae35-646383c140e3,2528,1785908161152228709,1785908161402491709,250,true,0.513995,0.159281
1ac486c8-49ca-4593-afdf-1338c817e263,dd102ab7-56d3-4d73-ae35-646383c140e3,2529,1785908161447478709,1785908161922978709,475,true,0.548214,0.468547
1ac486c8-49ca-4593-afdf-1338c817e263,dd102ab7-56d3-4d73-ae35-646383c140e3,2530,1785908162032977709,1785908162213229709,180,true,0.514869,0.499652
1ac486c8-49ca-4593-afdf-1338c817e263,dd102ab7-56d3-4d73-ae35-646383c140e3,2531,1785908162243227709,1785908162868852709,625,true,0.586006,0.46995
1ac486c8-49ca-4593-afdf-1338c817e263,dd102ab7-56d3-4d73-ae35-646383c140e3,2532,1785908163068990709,1785908163674602709,605,true,0.573351,0.338384
1ac486c8-49ca-4593-afdf-1338c817e263,dd102ab7-56d3-4d73-ae35-646383c140e3,2533,1785908163909851709,1785908164375237709,465,true,0.624988,0.37215
1ac486c8-49ca-4593-afdf-1338c817e263,dd102ab7-56d3-4d73-ae35-646383c140e3,2534,1785908164410226709,1785908164585476709,175,true,0.474131,0.341977
1ac486c8-49ca-4593-afdf-1338c817e263,dd102ab7-56d3-4d73-ae35-646383c140e3,2535,1785908164625476709,1785908164700476709,75,true,0.586211,0.623719
1ac486c8-49ca-4593-afdf-1338c817e263,dd102ab7-56d3-4d73-ae35-646383c140e3,2536,1785908164980856709,1785908165266101709,285,true,0.523451,0.750525
1ac486c8-49ca-4593-afdf-1338c817e263,dd102ab7-56d3-4d73-ae35-646383c140e3,2537,1785908165351101709,1785908165851601709,500,true,0.59392,0.461216
1ac486c8-49ca-4593-afdf-1338c817e263,dd102ab7-56d3-4d73-ae35-646383c140e3,2538,1785908165946725709,1785908166146855709,200,true,0.531141,0.386997
1ac486c8-49ca-4593-afdf-1338c817e263,dd102ab7-56d3-4d73-ae35-646383c140e3,2539,1785908166657350709,1785908166957600709,300,true,0.541808,0.316555
1ac486c8-49ca-4593-afdf-1338c817e263,dd102ab7-56d3-4d73-ae35-646383c140e3,2540,1785908166987737709,1785908167553237709,565,true,0.522797,0.110482
1ac486c8-49ca-4593-afdf-1338c817e263,dd102ab7-56d3-4d73-ae35-646383c140e3,2541,1785908167598225709,1785908167773350709,175,true,0.519596,0.513906
1ac486c8-49ca-4593-afdf-1338c817e263,dd102ab7-56d3-4d73-ae35-646383c140e3,2542,1785908167808475709,1785908168178733709,370,true,0.369428,0.544679
1ac486c8-49ca-4593-afdf-1338c817e263,dd102ab7-56d3-4d73-ae35-646383c140e3,2543,1785908168479099709,1785908168719349709,240,true,0.630811,0.63724
1ac486c8-49ca-4593-afdf-1338c817e263,dd102ab7-56d3-4d73-ae35-646383c140e3,2544,1785908168759349709,1785908168924474709,165,true,0.495136,0.744727
1ac486c8-49ca-4593-afdf-1338c817e263,dd102ab7-56d3-4d73-ae35-646383c140e3,2545,1785908168959474709,1785908169660234709,700,true,0.354182,0.608572
1ac486c8-49ca-4593-afdf-1338c817e263,dd102ab7-56d3-4d73-ae35-646383c140e3,2546,1785908169695224709,1785908169890348709,195,true,0.481501,0.657748
1ac486c8-49ca-4593-afdf-1338c817e263,dd102ab7-56d3-4d73-ae35-646383c140e3,2547,1785908169925479709,1785908170761223709,835,true,0.493051,0.782337
1ac486c8-49ca-4593-afdf-1338c817e263,dd102ab7-56d3-4d73-ae35-646383c140e3,2548,1785908170896356709,1785908171286727709,390,true,0.48482,0.768384
1ac486c8-49ca-4593-afdf-1338c817e263,dd102ab7-56d3-4d73-ae35-646383c140e3,2549,1785908171331723709,1785908171697098709,365,true,0.357248,0.610896
1ac486c8-49ca-4593-afdf-1338c817e263,dd102ab7-56d3-4d73-ae35-646383c140e3,2550,1785908171747098709,1785908171992347709,245,true,0.487405,0.356273
1ac486c8-49ca-4593-afdf-1338c817e263,dd102ab7-56d3-4d73-ae35-646383c140e3,2551,1785908172047472709,1785908172672972709,625,true,0.504545,0.772793
1ac486c8-49ca-4593-afdf-1338c817e263,dd102ab7-56d3-4d73-ae35-646383c140e3,2552,1785908172713097709,1785908172918222709,205,true,0.353838,0.648382
1ac486c8-49ca-4593-afdf-1338c817e263,dd102ab7-56d3-4d73-ae35-646383c140e3,2553,1785908172953222709,1785908173258597709,305,true,0.498899,0.764192
1ac486c8-49ca-4593-afdf-1338c817e263,dd102ab7-56d3-4d73-ae35-646383c140e3,2554,1785908173298597709,1785908173413722709,115,true,0.35805,0.642305
1ac486c8-49ca-4593-afdf-1338c817e263,dd102ab7-56d3-4d73-ae35-646383c140e3,2555,1785908173468726709,1785908173844096709,375,true,0.594327,0.488233
1ac486c8-49ca-4593-afdf-1338c817e263,dd102ab7-56d3-4d73-ae35-646383c140e3,2556,1785908173884097709,1785908174114346709,230,true,0.581983,0.348611
1ac486c8-49ca-4593-afdf-1338c817e263,dd102ab7-56d3-4d73-ae35-646383c140e3,2557,1785908174249471709,1785908174719973709,470,true,0.581331,0.332089
1ac486c8-49ca-4593-afdf-1338c817e263,dd102ab7-56d3-4d73-ae35-646383c140e3,2558,1785908174749971709,1785908175050221709,300,true,0.463244,0.276443
1ac486c8-49ca-4593-afdf-1338c817e263,dd102ab7-56d3-4d73-ae35-646383c140e3,2559,1785908175100221709,1785908175375596709,275,true,0.539827,0.569173
1ac486c8-49ca-4593-afdf-1338c817e263,dd102ab7-56d3-4d73-ae35-646383c140e3,2560,1785908175395609709,1785908175575721709,180,true,0.533405,0.659425
1ac486c8-49ca-4593-afdf-1338c817e263,dd102ab7-56d3-4d73-ae35-646383c140e3,2561,1785908175615721709,1785908175865970709,250,true,0.578044,0.410996
1ac486c8-49ca-4593-afdf-1338c817e263,dd102ab7-56d3-4d73-ae35-646383c140e3,2562,1785908175906095709,1785908176386470709,480,true,0.429129,0.602997
1ac486c8-49ca-4593-afdf-1338c817e263,dd102ab7-56d3-4d73-ae35-646383c140e3,2563,1785908176416475709,1785908176621720709,205,true,0.532887,0.596327
1ac486c8-49ca-4593-afdf-1338c817e263,dd102ab7-56d3-4d73-ae35-646383c140e3,2564,1785908176656720709,1785908176972097709,315,true,0.59781,0.477536
1ac486c8-49ca-4593-afdf-1338c817e263,dd102ab7-56d3-4d73-ae35-646383c140e3,2565,1785908177157220709,1785908177597595709,440,true,0.526168,0.163444
1ac486c8-49ca-4593-afdf-1338c817e263,dd102ab7-56d3-4d73-ae35-646383c140e3,2566,1785908177622595709,1785908178283219709,660,true,0.549817,0.074646
1ac486c8-49ca-4593-afdf-1338c817e263,dd102ab7-56d3-4d73-ae35-646383c140e3,2567,1785908178308344709,1785908179194094709,885,true,0.55065,0.078707
1ac486c8-49ca-4593-afdf-1338c817e263,dd102ab7-56d3-4d73-ae35-646383c140e3,2568,1785908179244219709,1785908179424344709,180,true,0.516738,0.445444
1ac486c8-49ca-4593-afdf-1338c817e263,dd102ab7-56d3-4d73-ae35-646383c140e3,2569,1785908179529469709,1785908179784719709,255,true,0.542242,0.069789
1ac486c8-49ca-4593-afdf-1338c817e263,dd102ab7-56d3-4d73-ae35-646383c140e3,2570,1785908179829719709,1785908180375218709,545,true,0.533128,0.468626
1ac486c8-49ca-4593-afdf-1338c817e263,dd102ab7-56d3-4d73-ae35-646383c140e3,2571,1785908180520343709,1785908180930718709,410,true,0.525549,0.423532
1ac486c8-49ca-4593-afdf-1338c817e263,dd102ab7-56d3-4d73-ae35-646383c140e3,2572,1785908180975843709,1785908181230968709,255,true,0.654609,0.617665
1ac486c8-49ca-4593-afdf-1338c817e263,dd102ab7-56d3-4d73-ae35-646383c140e3,2573,1785908181281093709,1785908181956717709,675,true,0.371447,0.622725
1ac486c8-49ca-4593-afdf-1338c817e263,dd102ab7-56d3-4d73-ae35-646383c140e3,2574,1785908181996717709,1785908182492217709,495,true,0.499375,0.443261
1ac486c8-49ca-4593-afdf-1338c817e263,dd102ab7-56d3-4d73-ae35-646383c140e3,2575,1785908182512217709,1785908182877597709,365,true,0.493653,0.366928
1ac486c8-49ca-4593-afdf-1338c817e263,dd102ab7-56d3-4d73-ae35-646383c140e3,2576,1785908182917597709,1785908183097717709,180,true,0.385521,0.580494
1ac486c8-49ca-4593-afdf-1338c817e263,dd102ab7-56d3-4d73-ae35-646383c140e3,2577,1785908183227842709,1785908183443092709,215,true,0.399199,0.614628
1ac486c8-49ca-4593-afdf-1338c817e263,dd102ab7-56d3-4d73-ae35-646383c140e3,2578,1785908183483092709,1785908183693342709,210,true,0.520589,0.439991
1ac486c8-49ca-4593-afdf-1338c817e263,dd102ab7-56d3-4d73-ae35-646383c140e3,2579,1785908183743342709,1785908184303966709,560,true,0.373766,0.658156
1ac486c8-49ca-4593-afdf-1338c817e263,dd102ab7-56d3-4d73-ae35-646383c140e3,2580,1785908184338976709,1785908184619216709,280,true,0.511222,0.412625
1ac486c8-49ca-4593-afdf-1338c817e263,dd102ab7-56d3-4d73-ae35-646383c140e3,2581,1785908184664216709,1785908184954473709,290,true,0.539707,0.082606
1ac486c8-49ca-4593-afdf-1338c817e263,dd102ab7-56d3-4d73-ae35-646383c140e3,2582,1785908184989591709,1785908185134716709,145,true,0.540298,0.364843
1ac486c8-49ca-4593-afdf-1338c817e263,dd102ab7-56d3-4d73-ae35-646383c140e3,2583,1785908185179716709,1785908185940465709,760,true,0.551976,0.102081
1ac486c8-49ca-4593-afdf-1338c817e263,dd102ab7-56d3-4d73-ae35-646383c140e3,2584,1785908186010476709,1785908186305840709,295,true,0.517093,0.48616
1ac486c8-49ca-4593-afdf-1338c817e263,dd102ab7-56d3-4d73-ae35-646383c140e3,2585,1785908186320849709,1785908186465965709,145,true,0.522321,0.431243
1ac486c8-49ca-4593-afdf-1338c817e263,dd102ab7-56d3-4d73-ae35-646383c140e3,2586,1785908186596090709,1785908186751215709,155,true,0.549979,0.512639
1ac486c8-49ca-4593-afdf-1338c817e263,dd102ab7-56d3-4d73-ae35-646383c140e3,2587,1785908186771215709,1785908187301715709,530,true,0.589251,0.507198
1ac486c8-49ca-4593-afdf-1338c817e263,dd102ab7-56d3-4d73-ae35-646383c140e3,2588,1785908187346715709,1785908187496840709,150,true,0.609863,0.308469
1ac486c8-49ca-4593-afdf-1338c817e263,dd102ab7-56d3-4d73-ae35-646383c140e3,2589,1785908187536965709,1785908187847215709,310,true,0.581467,0.518945
1ac486c8-49ca-4593-afdf-1338c817e263,dd102ab7-56d3-4d73-ae35-646383c140e3,2590,1785908187877215709,1785908188122464709,245,true,0.62755,0.535713
1ac486c8-49ca-4593-afdf-1338c817e263,dd102ab7-56d3-4d73-ae35-646383c140e3,2591,1785908188157464709,1785908188632964709,475,true,0.553931,0.618204
1ac486c8-49ca-4593-afdf-1338c817e263,dd102ab7-56d3-4d73-ae35-646383c140e3,2592,1785908188677964709,1785908188863214709,185,true,0.60572,0.339941
1ac486c8-49ca-4593-afdf-1338c817e263,dd102ab7-56d3-4d73-ae35-646383c140e3,2593,1785908188903219709,1785908189053339709,150,true,0.481278,0.300687
1ac486c8-49ca-4593-afdf-1338c817e263,dd102ab7-56d3-4d73-ae35-646383c140e3,2594,1785908189093339709,1785908189288589709,195,true,0.605754,0.438183
1ac486c8-49ca-4593-afdf-1338c817e263,dd102ab7-56d3-4d73-ae35-646383c140e3,2595,1785908189458714709,1785908189708964709,250,true,0.542368,0.365244
1ac486c8-49ca-4593-afdf-1338c817e263,dd102ab7-56d3-4d73-ae35-646383c140e3,2596,1785908189738964709,1785908189919213709,180,true,0.455147,0.26351
1ac486c8-49ca-4593-afdf-1338c817e263,dd102ab7-56d3-4d73-ae35-646383c140e3,2597,1785908189959213709,1785908190124338709,165,true,0.627054,0.426968
1ac486c8-49ca-4593-afdf-1338c817e263,dd102ab7-56d3-4d73-ae35-646383c140e3,2598,1785908191110338709,1785908191235473709,125,true,0.507628,0.272697
1ac486c8-49ca-4593-afdf-1338c817e263,dd102ab7-56d3-4d73-ae35-646383c140e3,2599,1785908191275463709,1785908191420588709,145,true,0.666346,0.101365
1ac486c8-49ca-4593-afdf-1338c817e263,dd102ab7-56d3-4d73-ae35-646383c140e3,2600,1785908191590713709,1785908192381462709,790,true,0.517731,0.034151
1ac486c8-49ca-4593-afdf-1338c817e263,dd102ab7-56d3-4d73-ae35-646383c140e3,2601,1785908192431472709,1785908192931962709,500,true,0.528244,0.389344
1ac486c8-49ca-4593-afdf-1338c817e263,dd102ab7-56d3-4d73-ae35-646383c140e3,2602,1785908192977087709,1785908193072087709,95,true,0.652618,0.545927
1ac486c8-49ca-4593-afdf-1338c817e263,dd102ab7-56d3-4d73-ae35-646383c140e3,2603,1785908193227212709,1785908193497587709,270,true,0.660507,0.590352
1ac486c8-49ca-4593-afdf-1338c817e263,dd102ab7-56d3-4d73-ae35-646383c140e3,2604,1785908193537587709,1785908194022962709,485,true,0.530204,0.733044
1ac486c8-49ca-4593-afdf-1338c817e263,dd102ab7-56d3-4d73-ae35-646383c140e3,2605,1785908194068086709,1785908194423340709,355,true,0.36453,0.647682
1ac486c8-49ca-4593-afdf-1338c817e263,dd102ab7-56d3-4d73-ae35-646383c140e3,2606,1785908194463461709,1785908195003961709,540,true,0.530437,0.407518
1ac486c8-49ca-4593-afdf-1338c817e263,dd102ab7-56d3-4d73-ae35-646383c140e3,2607,1785908195154086709,1785908195299211709,145,true,0.547845,0.381422
1ac486c8-49ca-4593-afdf-1338c817e263,dd102ab7-56d3-4d73-ae35-646383c140e3,2608,1785908195344211709,1785908195574472709,230,true,0.541733,0.050918
1ac486c8-49ca-4593-afdf-1338c817e263,dd102ab7-56d3-4d73-ae35-646383c140e3,2609,1785908195629586709,1785908196315215709,685,true,0.529187,0.409602
1ac486c8-49ca-4593-afdf-1338c817e263,dd102ab7-56d3-4d73-ae35-646383c140e3,2610,1785908196360210709,1785908196975838709,615,true,0.657197,0.594317
1ac486c8-49ca-4593-afdf-1338c817e263,dd102ab7-56d3-4d73-ae35-646383c140e3,2611,1785908197135960709,1785908197736459709,600,true,0.52978,0.711166
1ac486c8-49ca-4593-afdf-1338c817e263,dd102ab7-56d3-4d73-ae35-646383c140e3,2612,1785908197781590709,1785908198271959709,490,true,0.511716,0.362016
1ac486c8-49ca-4593-afdf-1338c817e263,dd102ab7-56d3-4d73-ae35-646383c140e3,2613,1785908198422086709,1785908198602334709,180,true,0.518421,0.743842
1ac486c8-49ca-4593-afdf-1338c817e263,dd102ab7-56d3-4d73-ae35-646383c140e3,2614,1785908198642334709,1785908199062709709,420,true,0.385293,0.604402
1ac486c8-49ca-4593-afdf-1338c817e263,dd102ab7-56d3-4d73-ae35-646383c140e3,2615,1785908199102834709,1785908199282959709,180,true,0.514095,0.381021
1ac486c8-49ca-4593-afdf-1338c817e263,dd102ab7-56d3-4d73-ae35-646383c140e3,2616,1785908199322959709,1785908199543209709,220,true,0.385335,0.605513
1ac486c8-49ca-4593-afdf-1338c817e263,dd102ab7-56d3-4d73-ae35-646383c140e3,2617,1785908199598209709,1785908199728334709,130,true,0.520875,0.279937
1ac486c8-49ca-4593-afdf-1338c817e263,dd102ab7-56d3-4d73-ae35-646383c140e3,2618,1785908199743334709,1785908200053721709,310,true,0.507938,0.341067
1ac486c8-49ca-4593-afdf-1338c817e263,dd102ab7-56d3-4d73-ae35-646383c140e3,2619,1785908200093709709,1785908200273844709,180,true,0.378849,0.616735
1ac486c8-49ca-4593-afdf-1338c817e263,dd102ab7-56d3-4d73-ae35-646383c140e3,2620,1785908200413958709,1785908200909458709,495,true,0.53779,0.086456
1ac486c8-49ca-4593-afdf-1338c817e263,dd102ab7-56d3-4d73-ae35-646383c140e3,2621,1785908200959583709,1785908201194708709,235,true,0.525078,0.363776
1ac486c8-49ca-4593-afdf-1338c817e263,dd102ab7-56d3-4d73-ae35-646383c140e3,2622,1785908201234833709,1785908201389958709,155,true,0.405638,0.563707
1ac486c8-49ca-4593-afdf-1338c817e263,dd102ab7-56d3-4d73-ae35-646383c140e3,2623,1785908201424958709,1785908201685208709,260,true,0.516226,0.336406
1ac486c8-49ca-4593-afdf-1338c817e263,dd102ab7-56d3-4d73-ae35-646383c140e3,2624,1785908201720208709,1785908201805332709,85,true,0.546944,0.140522
1ac486c8-49ca-4593-afdf-1338c817e263,dd102ab7-56d3-4d73-ae35-646383c140e3,2625,1785908201845333709,1785908202240713709,395,true,0.605082,0.477466
1ac486c8-49ca-4593-afdf-1338c817e263,dd102ab7-56d3-4d73-ae35-646383c140e3,2626,1785908202355832709,1785908202861332709,505,true,0.595522,0.31771
1ac486c8-49ca-4593-afdf-1338c817e263,dd102ab7-56d3-4d73-ae35-646383c140e3,2627,1785908202901332709,1785908203336707709,435,true,0.473675,0.294183
1ac486c8-49ca-4593-afdf-1338c817e263,dd102ab7-56d3-4d73-ae35-646383c140e3,2628,1785908203506957709,1785908203647082709,140,true,0.446444,0.399109
1ac486c8-49ca-4593-afdf-1338c817e263,dd102ab7-56d3-4d73-ae35-646383c140e3,2629,1785908203682082709,1785908204477837709,795,true,0.604712,0.282286
1ac486c8-49ca-4593-afdf-1338c817e263,dd102ab7-56d3-4d73-ae35-646383c140e3,2630,1785908204497839709,1785908204763091709,265,true,0.656319,0.34991
1ac486c8-49ca-4593-afdf-1338c817e263,dd102ab7-56d3-4d73-ae35-646383c140e3,2631,1785908204793081709,1785908205218456709,425,true,0.577614,0.334407
1ac486c8-49ca-4593-afdf-1338c817e263,dd102ab7-56d3-4d73-ae35-646383c140e3,2632,1785908205468706709,1785908205578831709,110,true,0.489814,0.20929
1ac486c8-49ca-4593-afdf-1338c817e263,dd102ab7-56d3-4d73-ae35-646383c140e3,2633,1785908205628956709,1785908205804080709,175,true,0.576206,0.010457
1ac486c8-49ca-4593-afdf-1338c817e263,dd102ab7-56d3-4d73-ae35-646383c140e3,2634,1785908205834080709,1785908206074330709,240,false,0.539057,-0.059743
1ac486c8-49ca-4593-afdf-1338c817e263,dd102ab7-56d3-4d73-ae35-646383c140e3,2635,1785908206129337709,1785908206284455709,155,true,0.496682,0.216476
1ac486c8-49ca-4593-afdf-1338c817e263,dd102ab7-56d3-4d73-ae35-646383c140e3,2636,1785908206334580709,1785908206559830709,225,true,0.518914,0.076469
1ac486c8-49ca-4593-afdf-1338c817e263,dd102ab7-56d3-4d73-ae35-646383c140e3,2637,1785908206574830709,1785908206749955709,175,true,0.53517,-0.000623
1ac486c8-49ca-4593-afdf-1338c817e263,dd102ab7-56d3-4d73-ae35-646383c140e3,2638,1785908206769955709,1785908207005205709,235,true,0.533668,0.067733
1ac486c8-49ca-4593-afdf-1338c817e263,dd102ab7-56d3-4d73-ae35-646383c140e3,2639,1785908207175333709,1785908207410580709,235,true,0.532085,0.057821
1ac486c8-49ca-4593-afdf-1338c817e263,dd102ab7-56d3-4d73-ae35-646383c140e3,2640,1785908207455580709,1785908207850955709,395,true,0.512689,0.425428
1ac486c8-49ca-4593-afdf-1338c817e263,dd102ab7-56d3-4d73-ae35-646383c140e3,2641,1785908207891084709,1785908207991087709,100,true,0.390491,0.581641
1ac486c8-49ca-4593-afdf-1338c817e263,dd102ab7-56d3-4d73-ae35-646383c140e3,2642,1785908208031204709,1785908208386459709,355,true,0.512002,0.395184
1ac486c8-49ca-4593-afdf-1338c817e263,dd102ab7-56d3-4d73-ae35-646383c140e3,2643,1785908208421592709,1785908208571713709,150,true,0.538531,0.534465
1ac486c8-49ca-4593-afdf-1338c817e263,dd102ab7-56d3-4d73-ae35-646383c140e3,2644,1785908208606704709,1785908208881954709,275,true,0.647834,0.595584
1ac486c8-49ca-4593-afdf-1338c817e263,dd102ab7-56d3-4d73-ae35-646383c140e3,2645,1785908208916954709,1785908209147204709,230,true,0.567648,0.641446
1ac486c8-49ca-4593-afdf-1338c817e263,dd102ab7-56d3-4d73-ae35-646383c140e3,2646,1785908209187204709,1785908209327329709,140,true,0.656338,0.596782
1ac486c8-49ca-4593-afdf-1338c817e263,dd102ab7-56d3-4d73-ae35-646383c140e3,2647,1785908209472454709,1785908210123078709,650,true,0.565233,0.613408
1ac486c8-49ca-4593-afdf-1338c817e263,dd102ab7-56d3-4d73-ae35-646383c140e3,2648,1785908210163203709,1785908211224203709,1061,true,0.527313,0.398794
1ac486c8-49ca-4593-afdf-1338c817e263,dd102ab7-56d3-4d73-ae35-646383c140e3,2649,1785908211264203709,1785908211629582709,365,true,0.642078,0.602552
1ac486c8-49ca-4593-afdf-1338c817e263,dd102ab7-56d3-4d73-ae35-646383c140e3,2650,1785908211759707709,1785908211974828709,215,true,0.553035,0.48916
1ac486c8-49ca-4593-afdf-1338c817e263,dd102ab7-56d3-4d73-ae35-646383c140e3,2651,1785908212014829709,1785908212520337709,505,true,0.378284,0.609195
1ac486c8-49ca-4593-afdf-1338c817e263,dd102ab7-56d3-4d73-ae35-646383c140e3,2652,1785908212560455709,1785908213080827709,520,true,0.499305,0.782168
1ac486c8-49ca-4593-afdf-1338c817e263,dd102ab7-56d3-4d73-ae35-646383c140e3,2653,1785908213120952709,1785908213631463709,510,true,0.631909,0.590794
1ac486c8-49ca-4593-afdf-1338c817e263,dd102ab7-56d3-4d73-ae35-646383c140e3,2654,1785908213681452709,1785908213981701709,300,true,0.530325,0.111024
1ac486c8-49ca-4593-afdf-1338c817e263,dd102ab7-56d3-4d73-ae35-646383c140e3,2655,1785908214046826709,1785908214417084709,370,true,0.383281,0.575124
1ac486c8-49ca-4593-afdf-1338c817e263,dd102ab7-56d3-4d73-ae35-646383c140e3,2656,1785908214562326709,1785908214672326709,110,true,0.372558,0.621292
1ac486c8-49ca-4593-afdf-1338c817e263,dd102ab7-56d3-4d73-ae35-646383c140e3,2657,1785908214727463709,1785908215327951709,600,true,0.646089,0.585582
1ac486c8-49ca-4593-afdf-1338c817e263,dd102ab7-56d3-4d73-ae35-646383c140e3,2658,1785908215388076709,1785908215818451709,430,true,0.375312,0.623261
1ac486c8-49ca-4593-afdf-1338c817e263,dd102ab7-56d3-4d73-ae35-646383c140e3,2659,1785908215858456709,1785908215983575709,125,true,0.54817,0.559961
1ac486c8-49ca-4593-afdf-1338c817e263,dd102ab7-56d3-4d73-ae35-646383c140e3,2660,1785908216158709709,1785908216494075709,335,true,0.606038,0.607458
1ac486c8-49ca-4593-afdf-1338c817e263,dd102ab7-56d3-4d73-ae35-646383c140e3,2661,1785908216559200709,1785908216994575709,435,true,0.535344,0.118452
1ac486c8-49ca-4593-afdf-1338c817e263,dd102ab7-56d3-4d73-ae35-646383c140e3,2662,1785908217034575709,1785908218255711709,1221,true,0.534213,0.361904
1ac486c8-49ca-4593-afdf-1338c817e263,dd102ab7-56d3-4d73-ae35-646383c140e3,2663,1785908218290824709,1785908218656074709,365,true,0.638981,0.581319
1ac486c8-49ca-4593-afdf-1338c817e263,dd102ab7-56d3-4d73-ae35-646383c140e3,2664,1785908218706199709,1785908218921324709,215,true,0.510442,0.382784
1ac486c8-49ca-4593-afdf-1338c817e263,dd102ab7-56d3-4d73-ae35-646383c140e3,2665,1785908218961449709,1785908219296699709,335,true,0.616849,0.591395
1ac486c8-49ca-4593-afdf-1338c817e263,dd102ab7-56d3-4d73-ae35-646383c140e3,2666,1785908219331699709,1785908219622074709,290,true,0.608994,0.466666
1ac486c8-49ca-4593-afdf-1338c817e263,dd102ab7-56d3-4d73-ae35-646383c140e3,2667,1785908219722074709,1785908219862198709,140,true,0.613513,0.26812
1ac486c8-49ca-4593-afdf-1338c817e263,dd102ab7-56d3-4d73-ae35-646383c140e3,2668,1785908219887323709,1785908220132449709,245,true,0.652105,0.332549
1ac486c8-49ca-4593-afdf-1338c817e263,dd102ab7-56d3-4d73-ae35-646383c140e3,2669,1785908220152459709,1785908220562948709,410,true,0.582262,0.299221
1ac486c8-49ca-4593-afdf-1338c817e263,dd102ab7-56d3-4d73-ae35-646383c140e3,2670,1785908220597948709,1785908221698948709,1101,true,0.66193,0.338042
1ac486c8-49ca-4593-afdf-1338c817e263,dd102ab7-56d3-4d73-ae35-646383c140e3,2671,1785908221738948709,1785908222049323709,310,true,0.468991,0.30474
1ac486c8-49ca-4593-afdf-1338c817e263,dd102ab7-56d3-4d73-ae35-646383c140e3,2672,1785908222189447709,1785908222970197709,780,true,0.451776,0.300315
1ac486c8-49ca-4593-afdf-1338c817e263,dd102ab7-56d3-4d73-ae35-646383c140e3,2673,1785908223090322709,1785908223335447709,245,true,0.50723,0.321365
1ac486c8-49ca-4593-afdf-1338c817e263,dd102ab7-56d3-4d73-ae35-646383c140e3,2674,1785908223385572709,1785908223620822709,235,true,0.527146,0.150252
1ac486c8-49ca-4593-afdf-1338c817e263,dd102ab7-56d3-4d73-ae35-646383c140e3,2675,1785908223675822709,1785908223860951709,185,true,0.566462,0.059819
1ac486c8-49ca-4593-afdf-1338c817e263,dd102ab7-56d3-4d73-ae35-646383c140e3,2676,1785908223891071709,1785908224071196709,180,false,0.543297,-0.013442
1ac486c8-49ca-4593-afdf-1338c817e263,dd102ab7-56d3-4d73-ae35-646383c140e3,2677,1785908224106196709,1785908224506571709,400,true,0.545867,0.106462
1ac486c8-49ca-4593-afdf-1338c817e263,dd102ab7-56d3-4d73-ae35-646383c140e3,2678,1785908224556702709,1785908225347453709,790,true,0.528959,0.460931
1ac486c8-49ca-4593-afdf-1338c817e263,dd102ab7-56d3-4d73-ae35-646383c140e3,2679,1785908225482455709,1785908226443445709,960,true,0.512755,0.400947
1ac486c8-49ca-4593-afdf-1338c817e263,dd102ab7-56d3-4d73-ae35-646383c140e3,2680,1785908226483445709,1785908226758695709,275,true,0.413197,0.58635
1ac486c8-49ca-4593-afdf-1338c817e263,dd102ab7-56d3-4d73-ae35-646383c140e3,2681,1785908226793695709,1785908226953945709,160,true,0.51813,0.576869
1ac486c8-49ca-4593-afdf-1338c817e263,dd102ab7-56d3-4d73-ae35-646383c140e3,2682,1785908226988945709,1785908227154070709,165,true,0.519942,0.439228
1ac486c8-49ca-4593-afdf-1338c817e263,dd102ab7-56d3-4d73-ae35-646383c140e3,2683,1785908227194070709,1785908227449320709,255,true,0.402769,0.596209
1ac486c8-49ca-4593-afdf-1338c817e263,dd102ab7-56d3-4d73-ae35-646383c140e3,2684,1785908227484445709,1785908227634570709,150,true,0.551297,0.457002
1ac486c8-49ca-4593-afdf-1338c817e263,dd102ab7-56d3-4d73-ae35-646383c140e3,2685,1785908227669570709,1785908227824699709,155,true,0.594799,0.529842
1ac486c8-49ca-4593-afdf-1338c817e263,dd102ab7-56d3-4d73-ae35-646383c140e3,2686,1785908227984819709,1785908228245069709,260,true,0.612553,0.328654
1ac486c8-49ca-4593-afdf-1338c817e263,dd102ab7-56d3-4d73-ae35-646383c140e3,2687,1785908228300194709,1785908228790578709,490,true,0.548652,0.656815
1ac486c8-49ca-4593-afdf-1338c817e263,dd102ab7-56d3-4d73-ae35-646383c140e3,2688,1785908228835694709,1785908229626448709,790,true,0.473873,0.322281
1ac486c8-49ca-4593-afdf-1338c817e263,dd102ab7-56d3-4d73-ae35-646383c140e3,2689,1785908229676448709,1785908229766569709,90,true,0.658616,0.390615
1ac486c8-49ca-4593-afdf-1338c817e263,dd102ab7-56d3-4d73-ae35-646383c140e3,2690,1785908230221943709,1785908230962693709,740,true,0.473509,0.282814
1ac486c8-49ca-4593-afdf-1338c817e263,dd102ab7-56d3-4d73-ae35-646383c140e3,2691,1785908231117818709,1785908231317943709,200,true,0.472979,0.238402
1ac486c8-49ca-4593-afdf-1338c817e263,dd102ab7-56d3-4d73-ae35-646383c140e3,2692,1785908231358068709,1785908231603197709,245,true,0.569352,0.106817
1ac486c8-49ca-4593-afdf-1338c817e263,dd102ab7-56d3-4d73-ae35-646383c140e3,2693,1785908231638318709,1785908231828443709,190,false,0.549779,-0.023867
1ac486c8-49ca-4593-afdf-1338c817e263,dd102ab7-56d3-4d73-ae35-646383c140e3,2694,1785908231883450709,1785908231983568709,100,true,0.492894,0.30052
1ac486c8-49ca-4593-afdf-1338c817e263,dd102ab7-56d3-4d73-ae35-646383c140e3,2695,1785908232028692709,1785908232619195709,590,true,0.552162,0.108283
1ac486c8-49ca-4593-afdf-1338c817e263,dd102ab7-56d3-4d73-ae35-646383c140e3,2696,1785908232754317709,1785908233044567709,290,true,0.518627,0.408546
1ac486c8-49ca-4593-afdf-1338c817e263,dd102ab7-56d3-4d73-ae35-646383c140e3,2697,1785908233084692709,1785908233364942709,280,true,0.416732,0.564397
1ac486c8-49ca-4593-afdf-1338c817e263,dd102ab7-56d3-4d73-ae35-646383c140e3,2698,1785908233399950709,1785908233915448709,515,true,0.510397,0.362611
1ac486c8-49ca-4593-afdf-1338c817e263,dd102ab7-56d3-4d73-ae35-646383c140e3,2699,1785908234060567709,1785908234365816709,305,true,0.51404,0.492025
1ac486c8-49ca-4593-afdf-1338c817e263,dd102ab7-56d3-4d73-ae35-646383c140e3,2700,1785908234385816709,1785908234651066709,265,true,0.514925,0.379658
1ac486c8-49ca-4593-afdf-1338c817e263,dd102ab7-56d3-4d73-ae35-646383c140e3,2701,1785908234686191709,1785908234901316709,215,true,0.646651,0.606686
1ac486c8-49ca-4593-afdf-1338c817e263,dd102ab7-56d3-4d73-ae35-646383c140e3,2702,1785908234936316709,1785908235146566709,210,true,0.53508,0.734406
1ac486c8-49ca-4593-afdf-1338c817e263,dd102ab7-56d3-4d73-ae35-646383c140e3,2703,1785908235186566709,1785908235421816709,235,true,0.51776,0.416452
1ac486c8-49ca-4593-afdf-1338c817e263,dd102ab7-56d3-4d73-ae35-646383c140e3,2704,1785908235571941709,1785908236753066709,1181,true,0.554524,0.05207
1ac486c8-49ca-4593-afdf-1338c817e263,dd102ab7-56d3-4d73-ae35-646383c140e3,2705,1785908236903190709,1785908237403690709,500,true,0.529643,0.127069
1ac486c8-49ca-4593-afdf-1338c817e263,dd102ab7-56d3-4d73-ae35-646383c140e3,2706,1785908237443690709,1785908238079314709,635,true,0.514426,0.406011
1ac486c8-49ca-4593-afdf-1338c817e263,dd102ab7-56d3-4d73-ae35-646383c140e3,2707,1785908238194439709,1785908239145314709,950,true,0.383526,0.633629
1ac486c8-49ca-4593-afdf-1338c817e263,dd102ab7-56d3-4d73-ae35-646383c140e3,2708,1785908239190314709,1785908240366438709,1176,true,0.644517,0.633051
1ac486c8-49ca-4593-afdf-1338c817e263,dd102ab7-56d3-4d73-ae35-646383c140e3,2709,1785908240491563709,1785908240731813709,240,true,0.516655,0.818423
1ac486c8-49ca-4593-afdf-1338c817e263,dd102ab7-56d3-4d73-ae35-646383c140e3,2710,1785908240776813709,1785908240931938709,155,true,0.635905,0.643017
1ac486c8-49ca-4593-afdf-1338c817e263,dd102ab7-56d3-4d73-ae35-646383c140e3,2711,1785908240972063709,1785908241357438709,385,true,0.519544,0.425065
1ac486c8-49ca-4593-afdf-1338c817e263,dd102ab7-56d3-4d73-ae35-646383c140e3,2712,1785908241392438709,1785908241612688709,220,true,0.628761,0.626559
1ac486c8-49ca-4593-afdf-1338c817e263,dd102ab7-56d3-4d73-ae35-646383c140e3,2713,1785908241752813709,1785908241987938709,235,true,0.518644,0.454418
1ac486c8-49ca-4593-afdf-1338c817e263,dd102ab7-56d3-4d73-ae35-646383c140e3,2714,1785908242028063709,1785908242343320709,315,true,0.655973,0.643894
1ac486c8-49ca-4593-afdf-1338c817e263,dd102ab7-56d3-4d73-ae35-646383c140e3,2715,1785908242388312709,1785908243124062709,735,true,0.516905,0.429101
1ac486c8-49ca-4593-afdf-1338c817e263,dd102ab7-56d3-4d73-ae35-646383c140e3,2716,1785908243159062709,1785908243424312709,265,true,0.648436,0.622722
1ac486c8-49ca-4593-afdf-1338c817e263,dd102ab7-56d3-4d73-ae35-646383c140e3,2717,1785908243459312709,1785908243594437709,135,true,0.562431,0.513779
1ac486c8-49ca-4593-afdf-1338c817e263,dd102ab7-56d3-4d73-ae35-646383c140e3,2718,1785908243609566709,1785908243764691709,155,true,0.60749,0.507481
1ac486c8-49ca-4593-afdf-1338c817e263,dd102ab7-56d3-4d73-ae35-646383c140e3,2719,1785908243914821709,1785908244084936709,170,true,0.59179,0.363125
1ac486c8-49ca-4593-afdf-1338c817e263,dd102ab7-56d3-4d73-ae35-646383c140e3,2720,1785908244124936709,1785908244375191709,250,true,0.481312,0.274045
1ac486c8-49ca-4593-afdf-1338c817e263,dd102ab7-56d3-4d73-ae35-646383c140e3,2721,1785908244430311709,1785908244595448709,165,true,0.56299,0.534472
1ac486c8-49ca-4593-afdf-1338c817e263,dd102ab7-56d3-4d73-ae35-646383c140e3,2722,1785908244625437709,1785908245000811709,375,true,0.54306,0.663286
1ac486c8-49ca-4593-afdf-1338c817e263,dd102ab7-56d3-4d73-ae35-646383c140e3,2723,1785908245035823709,1785908245456190709,420,true,0.447808,0.609741
1ac486c8-49ca-4593-afdf-1338c817e263,dd102ab7-56d3-4d73-ae35-646383c140e3,2724,1785908245491311709,1785908246096810709,605,true,0.558627,0.637588
1ac486c8-49ca-4593-afdf-1338c817e263,dd102ab7-56d3-4d73-ae35-646383c140e3,2725,1785908246191935709,1785908246387060709,195,true,0.59602,0.422275
1ac486c8-49ca-4593-afdf-1338c817e263,dd102ab7-56d3-4d73-ae35-646383c140e3,2726,1785908246432185709,1785908246957685709,525,true,0.486142,0.279925
1ac486c8-49ca-4593-afdf-1338c817e263,dd102ab7-56d3-4d73-ae35-646383c140e3,2727,1785908247052697709,1785908247292935709,240,true,0.787546,0.152745
1ac486c8-49ca-4593-afdf-1338c817e263,dd102ab7-56d3-4d73-ae35-646383c140e3,2728,1785908247348060709,1785908247538185709,190,true,0.557694,0.19006
1ac486c8-49ca-4593-afdf-1338c817e263,dd102ab7-56d3-4d73-ae35-646383c140e3,2729,1785908247578193709,1785908247743435709,165,true,0.54685,0.048377
1ac486c8-49ca-4593-afdf-1338c817e263,dd102ab7-56d3-4d73-ae35-646383c140e3,2730,1785908247818435709,1785908248008685709,190,true,0.531303,0.394717
1ac486c8-49ca-4593-afdf-1338c817e263,dd102ab7-56d3-4d73-ae35-646383c140e3,2731,1785908248153821709,1785908248323943709,170,true,0.512146,0.246996
1ac486c8-49ca-4593-afdf-1338c817e263,dd102ab7-56d3-4d73-ae35-646383c140e3,2732,1785908248368934709,1785908249039559709,670,true,0.539633,0.098186
1ac486c8-49ca-4593-afdf-1338c817e263,dd102ab7-56d3-4d73-ae35-646383c140e3,2733,1785908249084684709,1785908249429934709,345,true,0.51744,0.417325
1ac486c8-49ca-4593-afdf-1338c817e263,dd102ab7-56d3-4d73-ae35-646383c140e3,2734,1785908249464942709,1785908249790309709,325,true,0.595001,0.687718
1ac486c8-49ca-4593-afdf-1338c817e263,dd102ab7-56d3-4d73-ae35-646383c140e3,2735,1785908249810309709,1785908249965434709,155,true,0.64315,0.663282
1ac486c8-49ca-4593-afdf-1338c817e263,dd102ab7-56d3-4d73-ae35-646383c140e3,2736,1785908250000559709,1785908250100558709,99,true,0.539232,0.707979
1ac486c8-49ca-4593-afdf-1338c817e263,dd102ab7-56d3-4d73-ae35-646383c140e3,2737,1785908250130558709,1785908250310808709,180,true,0.413808,0.568839
1ac486c8-49ca-4593-afdf-1338c817e263,dd102ab7-56d3-4d73-ae35-646383c140e3,2738,1785908250345813709,1785908251071558709,725,true,0.497792,0.607212
1ac486c8-49ca-4593-afdf-1338c817e263,dd102ab7-56d3-4d73-ae35-646383c140e3,2739,1785908251116558709,1785908251386808709,270,true,0.64486,0.652149
1ac486c8-49ca-4593-afdf-1338c817e263,dd102ab7-56d3-4d73-ae35-646383c140e3,2740,1785908251612058709,1785908252182558709,570,true,0.530565,0.098358
1ac486c8-49ca-4593-afdf-1338c817e263,dd102ab7-56d3-4d73-ae35-646383c140e3,2741,1785908252247557709,1785908252467807709,220,true,0.559364,0.543498
1ac486c8-49ca-4593-afdf-1338c817e263,dd102ab7-56d3-4d73-ae35-646383c140e3,2742,1785908252497813709,1785908252642932709,145,true,0.533954,0.42306
1ac486c8-49ca-4593-afdf-1338c817e263,dd102ab7-56d3-4d73-ae35-646383c140e3,2743,1785908252678059709,1785908252868188709,190,true,0.603842,0.4909
1ac486c8-49ca-4593-afdf-1338c817e263,dd102ab7-56d3-4d73-ae35-646383c140e3,2744,1785908252903190709,1785908253033308709,130,true,0.605909,0.361498
1ac486c8-49ca-4593-afdf-1338c817e263,dd102ab7-56d3-4d73-ae35-646383c140e3,2745,1785908253163432709,1785908253769064709,605,true,0.59749,0.363217
1ac486c8-49ca-4593-afdf-1338c817e263,dd102ab7-56d3-4d73-ae35-646383c140e3,2746,1785908253809057709,1785908254259432709,450,true,0.487579,0.333831
1ac486c8-49ca-4593-afdf-1338c817e263,dd102ab7-56d3-4d73-ae35-646383c140e3,2747,1785908254299556709,1785908254434681709,135,true,0.614528,0.348237
1ac486c8-49ca-4593-afdf-1338c817e263,dd102ab7-56d3-4d73-ae35-646383c140e3,2748,1785908254569806709,1785908254805056709,235,true,0.551344,0.559683
1ac486c8-49ca-4593-afdf-1338c817e263,dd102ab7-56d3-4d73-ae35-646383c140e3,2749,1785908254845060709,1785908255025181709,180,true,0.48921,0.633873
1ac486c8-49ca-4593-afdf-1338c817e263,dd102ab7-56d3-4d73-ae35-646383c140e3,2750,1785908255055194709,1785908255220431709,165,true,0.542212,0.671492
1ac486c8-49ca-4593-afdf-1338c817e263,dd102ab7-56d3-4d73-ae35-646383c140e3,2751,1785908255265431709,1785908255565681709,300,true,0.604321,0.361145
1ac486c8-49ca-4593-afdf-1338c817e263,dd102ab7-56d3-4d73-ae35-646383c140e3,2752,1785908255605806709,1785908255805934709,200,true,0.489154,0.315266
1ac486c8-49ca-4593-afdf-1338c817e263,dd102ab7-56d3-4d73-ae35-646383c140e3,2753,1785908255840931709,1785908256191306709,350,true,0.610097,0.351789
1ac486c8-49ca-4593-afdf-1338c817e263,dd102ab7-56d3-4d73-ae35-646383c140e3,2754,1785908256321431709,1785908256476555709,155,true,0.559697,0.392275
1ac486c8-49ca-4593-afdf-1338c817e263,dd102ab7-56d3-4d73-ae35-646383c140e3,2755,1785908256531560709,1785908256681805709,150,true,0.69237,0.157806
1ac486c8-49ca-4593-afdf-1338c817e263,dd102ab7-56d3-4d73-ae35-646383c140e3,2756,1785908256721818709,1785908256926930709,205,true,0.547597,0.032542
1ac486c8-49ca-4593-afdf-1338c817e263,dd102ab7-56d3-4d73-ae35-646383c140e3,2757,1785908256977060709,1785908257177180709,200,true,0.539721,0.375577
1ac486c8-49ca-4593-afdf-1338c817e263,dd102ab7-56d3-4d73-ae35-646383c140e3,2758,1785908257212305709,1785908257352435709,140,true,0.486289,0.214805
1ac486c8-49ca-4593-afdf-1338c817e263,dd102ab7-56d3-4d73-ae35-646383c140e3,2759,1785908257387430709,1785908257967930709,580,true,0.540232,0.097315
1ac486c8-49ca-4593-afdf-1338c817e263,dd102ab7-56d3-4d73-ae35-646383c140e3,2760,1785908258098055709,1785908258248180709,150,true,0.525799,0.126979
1ac486c8-49ca-4593-afdf-1338c817e263,dd102ab7-56d3-4d73-ae35-646383c140e3,2761,1785908258303305709,1785908258513429709,210,true,0.488226,0.529315
1ac486c8-49ca-4593-afdf-1338c817e263,dd102ab7-56d3-4d73-ae35-646383c140e3,2762,1785908258543554709,1785908258753679709,210,true,0.428985,0.592257
1ac486c8-49ca-4593-afdf-1338c817e263,dd102ab7-56d3-4d73-ae35-646383c140e3,2763,1785908258798804709,1785908259224183709,425,true,0.636398,0.652517
1ac486c8-49ca-4593-afdf-1338c817e263,dd102ab7-56d3-4d73-ae35-646383c140e3,2764,1785908259274179709,1785908259509429709,235,true,0.41149,0.601955
1ac486c8-49ca-4593-afdf-1338c817e263,dd102ab7-56d3-4d73-ae35-646383c140e3,2765,1785908259554429709,1785908259844691709,290,true,0.572756,0.642216
1ac486c8-49ca-4593-afdf-1338c817e263,dd102ab7-56d3-4d73-ae35-646383c140e3,2766,1785908259889804709,1785908260305179709,415,true,0.398807,0.634194
1ac486c8-49ca-4593-afdf-1338c817e263,dd102ab7-56d3-4d73-ae35-646383c140e3,2767,1785908260340178709,1785908260485308709,145,true,0.555947,0.769984
1ac486c8-49ca-4593-afdf-1338c817e263,dd102ab7-56d3-4d73-ae35-646383c140e3,2768,1785908260525303709,1785908260830678709,305,true,0.659998,0.648532
1ac486c8-49ca-4593-afdf-1338c817e263,dd102ab7-56d3-4d73-ae35-646383c140e3,2769,1785908260990803709,1785908261401178709,410,true,0.556955,0.45871
1ac486c8-49ca-4593-afdf-1338c817e263,dd102ab7-56d3-4d73-ae35-646383c140e3,2770,1785908261451178709,1785908261806553709,355,true,0.535678,0.084239
1ac486c8-49ca-4593-afdf-1338c817e263,dd102ab7-56d3-4d73-ae35-646383c140e3,2771,1785908261846558709,1785908262081805709,235,true,0.597004,0.382995
1ac486c8-49ca-4593-afdf-1338c817e263,dd102ab7-56d3-4d73-ae35-646383c140e3,2772,1785908262101803709,1785908262221937709,120,true,0.614387,0.487559
1ac486c8-49ca-4593-afdf-1338c817e263,dd102ab7-56d3-4d73-ae35-646383c140e3,2773,1785908262337053709,1785908263272927709,935,true,0.619789,0.343684
1ac486c8-49ca-4593-afdf-1338c817e263,dd102ab7-56d3-4d73-ae35-646383c140e3,2774,1785908263443052709,1785908263793427709,350,true,0.591509,0.38314
1ac486c8-49ca-4593-afdf-1338c817e263,dd102ab7-56d3-4d73-ae35-646383c140e3,2775,1785908263833427709,1785908264073677709,240,true,0.514036,0.494827
1ac486c8-49ca-4593-afdf-1338c817e263,dd102ab7-56d3-4d73-ae35-646383c140e3,2776,1785908264108677709,1785908264994551709,885,true,0.599596,0.367431
1ac486c8-49ca-4593-afdf-1338c817e263,dd102ab7-56d3-4d73-ae35-646383c140e3,2777,1785908265024551709,1785908265384926709,360,true,0.487062,0.304434
1ac486c8-49ca-4593-afdf-1338c817e263,dd102ab7-56d3-4d73-ae35-646383c140e3,2778,1785908265590051709,1785908265825310709,235,true,0.522873,0.078527
1ac486c8-49ca-4593-afdf-1338c817e263,dd102ab7-56d3-4d73-ae35-646383c140e3,2779,1785908265850301709,1785908266175676709,325,true,0.579109,0.051823
1ac486c8-49ca-4593-afdf-1338c817e263,dd102ab7-56d3-4d73-ae35-646383c140e3,2780,1785908266195676709,1785908266761184709,565,true,0.541763,0.068674
1ac486c8-49ca-4593-afdf-1338c817e263,dd102ab7-56d3-4d73-ae35-646383c140e3,2781,1785908266821300709,1785908267006425709,185,true,0.529037,0.478584
1ac486c8-49ca-4593-afdf-1338c817e263,dd102ab7-56d3-4d73-ae35-646383c140e3,2782,1785908267156558709,1785908267241675709,85,true,0.463889,0.551231
1ac486c8-49ca-4593-afdf-1338c817e263,dd102ab7-56d3-4d73-ae35-646383c140e3,2783,1785908267276675709,1785908267977300709,700,true,0.393482,0.653676
1ac486c8-49ca-4593-afdf-1338c817e263,dd102ab7-56d3-4d73-ae35-646383c140e3,2784,1785908268022425709,1785908268562925709,540,true,0.520303,0.456495
1ac486c8-49ca-4593-afdf-1338c817e263,dd102ab7-56d3-4d73-ae35-646383c140e3,2785,1785908268597924709,1785908268853179709,255,true,0.407798,0.618505
1ac486c8-49ca-4593-afdf-1338c817e263,dd102ab7-56d3-4d73-ae35-646383c140e3,2786,1785908268898175709,1785908269378685709,480,true,0.532531,0.800852
1ac486c8-49ca-4593-afdf-1338c817e263,dd102ab7-56d3-4d73-ae35-646383c140e3,2787,1785908269413674709,1785908269839049709,425,true,0.497982,0.618971
1ac486c8-49ca-4593-afdf-1338c817e263,dd102ab7-56d3-4d73-ae35-646383c140e3,2788,1785908269879174709,1785908270249424709,370,true,0.534624,0.826745
1ac486c8-49ca-4593-afdf-1338c817e263,dd102ab7-56d3-4d73-ae35-646383c140e3,2789,1785908270409674709,1785908270584799709,175,true,0.541405,0.782957
1ac486c8-49ca-4593-afdf-1338c817e263,dd102ab7-56d3-4d73-ae35-646383c140e3,2790,1785908270624799709,1785908271265423709,640,true,0.387004,0.667188
1ac486c8-49ca-4593-afdf-1338c817e263,dd102ab7-56d3-4d73-ae35-646383c140e3,2791,1785908271315434709,1785908271665798709,350,true,0.510373,0.821132
1ac486c8-49ca-4593-afdf-1338c817e263,dd102ab7-56d3-4d73-ae35-646383c140e3,2792,1785908271715811709,1785908271941052709,225,true,0.369807,0.669938
1ac486c8-49ca-4593-afdf-1338c817e263,dd102ab7-56d3-4d73-ae35-646383c140e3,2793,1785908272026173709,1785908272331423709,305,true,0.521108,0.821378
1ac486c8-49ca-4593-afdf-1338c817e263,dd102ab7-56d3-4d73-ae35-646383c140e3,2797,1785908273287297709,1785908273892922709,605,true,0.403368,0.577637
1ac486c8-49ca-4593-afdf-1338c817e263,dd102ab7-56d3-4d73-ae35-646383c140e3,2798,1785908273982922709,1785908274248172709,265,true,0.496913,0.745513
1ac486c8-49ca-4593-afdf-1338c817e263,dd102ab7-56d3-4d73-ae35-646383c140e3,2799,1785908274288297709,1785908274518422709,230,true,0.523081,0.323481
1ac486c8-49ca-4593-afdf-1338c817e263,dd102ab7-56d3-4d73-ae35-646383c140e3,2800,1785908274548554709,1785908274733672709,185,true,0.645764,0.334813
1ac486c8-49ca-4593-afdf-1338c817e263,dd102ab7-56d3-4d73-ae35-646383c140e3,2801,1785908274758676709,1785908274963932709,205,true,0.599471,0.450888
1ac486c8-49ca-4593-afdf-1338c817e263,dd102ab7-56d3-4d73-ae35-646383c140e3,2802,1785908275079046709,1785908275284171709,205,true,0.580545,0.553188
1ac486c8-49ca-4593-afdf-1338c817e263,dd102ab7-56d3-4d73-ae35-646383c140e3,2803,1785908275324296709,1785908275484421709,160,true,0.616814,0.38454
1ac486c8-49ca-4593-afdf-1338c817e263,dd102ab7-56d3-4d73-ae35-646383c140e3,2804,1785908275534421709,1785908275569421709,35,true,0.513767,0.709669
1ac486c8-49ca-4593-afdf-1338c817e263,dd102ab7-56d3-4d73-ae35-646383c140e3,2805,1785908276034921709,1785908276550421709,515,true,0.616334,0.418406
1ac486c8-49ca-4593-afdf-1338c817e263,dd102ab7-56d3-4d73-ae35-646383c140e3,2806,1785908276585421709,1785908276830671709,245,true,0.508291,0.284434
1ac486c8-49ca-4593-afdf-1338c817e263,dd102ab7-56d3-4d73-ae35-646383c140e3,2807,1785908276865670709,1785908277371170709,505,true,0.606845,0.465693
1ac486c8-49ca-4593-afdf-1338c817e263,dd102ab7-56d3-4d73-ae35-646383c140e3,2808,1785908277406170709,1785908278111802709,705,true,0.616313,0.369392
1ac486c8-49ca-4593-afdf-1338c817e263,dd102ab7-56d3-4d73-ae35-646383c140e3,2809,1785908278307045709,1785908278457170709,150,true,0.579416,0.303023
1ac486c8-49ca-4593-afdf-1338c817e263,dd102ab7-56d3-4d73-ae35-646383c140e3,2810,1785908278527295709,1785908279052670709,525,true,0.596764,0.1253
1ac486c8-49ca-4593-afdf-1338c817e263,dd102ab7-56d3-4d73-ae35-646383c140e3,2811,1785908279087794709,1785908279247919709,160,true,0.547271,0.205718
1ac486c8-49ca-4593-afdf-1338c817e263,dd102ab7-56d3-4d73-ae35-646383c140e3,2812,1785908279307924709,1785908279723303709,415,true,0.58754,0.149871
1ac486c8-49ca-4593-afdf-1338c817e263,dd102ab7-56d3-4d73-ae35-646383c140e3,2813,1785908279748419709,1785908280378919709,630,true,0.552421,0.087329
1ac486c8-49ca-4593-afdf-1338c817e263,dd102ab7-56d3-4d73-ae35-646383c140e3,2814,1785908280429049709,1785908280649175709,220,true,0.579463,0.557797
1ac486c8-49ca-4593-afdf-1338c817e263,dd102ab7-56d3-4d73-ae35-646383c140e3,2815,1785908280689294709,1785908280879419709,190,true,0.404336,0.641721
1ac486c8-49ca-4593-afdf-1338c817e263,dd102ab7-56d3-4d73-ae35-646383c140e3,2816,1785908281054668709,1785908281154669709,100,true,0.587172,0.600685
1ac486c8-49ca-4593-afdf-1338c817e263,dd102ab7-56d3-4d73-ae35-646383c140e3,2817,1785908281209794709,1785908281394931709,185,true,0.66726,0.641449
1ac486c8-49ca-4593-afdf-1338c817e263,dd102ab7-56d3-4d73-ae35-646383c140e3,2818,1785908281449918709,1785908281790293709,340,true,0.40612,0.631706
1ac486c8-49ca-4593-afdf-1338c817e263,dd102ab7-56d3-4d73-ae35-646383c140e3,2819,1785908281825293709,1785908282240668709,415,true,0.539673,0.587657
1ac486c8-49ca-4593-afdf-1338c817e263,dd102ab7-56d3-4d73-ae35-646383c140e3,2820,1785908282275793709,1785908282676168709,400,true,0.669151,0.653113
1ac486c8-49ca-4593-afdf-1338c817e263,dd102ab7-56d3-4d73-ae35-646383c140e3,2821,1785908282741176709,1785908283111542709,370,true,0.55703,0.750432
1ac486c8-49ca-4593-afdf-1338c817e263,dd102ab7-56d3-4d73-ae35-646383c140e3,2822,1785908283156542709,1785908283772167709,615,true,0.648936,0.531935
1ac486c8-49ca-4593-afdf-1338c817e263,dd102ab7-56d3-4d73-ae35-646383c140e3,2823,1785908283792175709,1785908284057417709,265,true,0.583157,0.511098
1ac486c8-49ca-4593-afdf-1338c817e263,dd102ab7-56d3-4d73-ae35-646383c140e3,2824,1785908284137542709,1785908285303547709,1166,true,0.559294,0.649174
1ac486c8-49ca-4593-afdf-1338c817e263,dd102ab7-56d3-4d73-ae35-646383c140e3,2825,1785908285333676709,1785908285553791709,220,true,0.473771,0.615412
1ac486c8-49ca-4593-afdf-1338c817e263,dd102ab7-56d3-4d73-ae35-646383c140e3,2826,1785908285668919709,1785908286439666709,770,true,0.614034,0.39888
1ac486c8-49ca-4593-afdf-1338c817e263,dd102ab7-56d3-4d73-ae35-646383c140e3,2827,1785908286624791709,1785908286800041709,175,true,0.571556,0.450945
1ac486c8-49ca-4593-afdf-1338c817e263,dd102ab7-56d3-4d73-ae35-646383c140e3,2828,1785908286835041709,1785908287090291709,255,true,0.652396,0.376302
1ac486c8-49ca-4593-afdf-1338c817e263,dd102ab7-56d3-4d73-ae35-646383c140e3,2829,1785908287130291709,1785908287330540709,200,true,0.532308,0.314622
1ac486c8-49ca-4593-afdf-1338c817e263,dd102ab7-56d3-4d73-ae35-646383c140e3,2830,1785908287375541709,1785908287540665709,165,true,0.414622,0.262231
1ac486c8-49ca-4593-afdf-1338c817e263,dd102ab7-56d3-4d73-ae35-646383c140e3,2831,1785908288406540709,1785908288566665709,160,true,0.603112,0.211981
1ac486c8-49ca-4593-afdf-1338c817e263,dd102ab7-56d3-4d73-ae35-646383c140e3,2832,1785908289042040709,1785908289187290709,145,true,0.643242,0.454379
1ac486c8-49ca-4593-afdf-1338c817e263,dd102ab7-56d3-4d73-ae35-646383c140e3,2833,1785908289572540709,1785908289737789709,165,true,0.539856,0.400979
1ac486c8-49ca-4593-afdf-1338c817e263,dd102ab7-56d3-4d73-ae35-646383c140e3,2834,1785908289767789709,1785908290028039709,260,true,0.563018,0.334221
1ac486c8-49ca-4593-afdf-1338c817e263,dd102ab7-56d3-4d73-ae35-646383c140e3,2835,1785908290208164709,1785908290553539709,345,true,0.423972,0.476295
1ac486c8-49ca-4593-afdf-1338c817e263,dd102ab7-56d3-4d73-ae35-646383c140e3,2836,1785908290583539709,1785908290863789709,280,true,0.466293,0.523796
1ac486c8-49ca-4593-afdf-1338c817e263,dd102ab7-56d3-4d73-ae35-646383c140e3,2837,1785908290883796709,1785908291139039709,255,true,0.434724,0.560472
1ac486c8-49ca-4593-afdf-1338c817e263,dd102ab7-56d3-4d73-ae35-646383c140e3,2838,1785908291174039709,1785908291384289709,210,true,0.535243,0.778308
1ac486c8-49ca-4593-afdf-1338c817e263,dd102ab7-56d3-4d73-ae35-646383c140e3,2839,1785908291424289709,1785908291604538709,180,true,0.67892,0.651735
1ac486c8-49ca-4593-afdf-1338c817e263,dd102ab7-56d3-4d73-ae35-646383c140e3,2840,1785908291644539709,1785908291884788709,240,true,0.558507,0.400106
1ac486c8-49ca-4593-afdf-1338c817e263,dd102ab7-56d3-4d73-ae35-646383c140e3,2841,1785908291924788709,1785908292440288709,515,true,0.674101,0.658135
1ac486c8-49ca-4593-afdf-1338c817e263,dd102ab7-56d3-4d73-ae35-646383c140e3,2842,1785908292655538709,1785908292750538709,95,true,0.544888,0.430137
1ac486c8-49ca-4593-afdf-1338c817e263,dd102ab7-56d3-4d73-ae35-646383c140e3,2843,1785908292790668709,1785908292925797709,135,true,0.391755,0.618732
1ac486c8-49ca-4593-afdf-1338c817e263,dd102ab7-56d3-4d73-ae35-646383c140e3,2844,1785908293075913709,1785908293231038709,155,true,0.436575,0.589733
1ac486c8-49ca-4593-afdf-1338c817e263,dd102ab7-56d3-4d73-ae35-646383c140e3,2845,1785908293266038709,1785908293861662709,595,true,0.545948,0.426153
1ac486c8-49ca-4593-afdf-1338c817e263,dd102ab7-56d3-4d73-ae35-646383c140e3,2846,1785908293896662709,1785908294101787709,205,true,0.415898,0.553807
1ac486c8-49ca-4593-afdf-1338c817e263,dd102ab7-56d3-4d73-ae35-646383c140e3,2847,1785908294146913709,1785908294902537709,755,true,0.538488,0.420318
1ac486c8-49ca-4593-afdf-1338c817e263,dd102ab7-56d3-4d73-ae35-646383c140e3,2848,1785908294937662709,1785908295282919709,345,true,0.400585,0.572663
1ac486c8-49ca-4593-afdf-1338c817e263,dd102ab7-56d3-4d73-ae35-646383c140e3,2849,1785908295403037709,1785908295908550709,505,true,0.528532,0.439934
1ac486c8-49ca-4593-afdf-1338c817e263,dd102ab7-56d3-4d73-ae35-646383c140e3,2850,1785908295953536709,1785908296158786709,205,true,0.541426,0.756246
1ac486c8-49ca-4593-afdf-1338c817e263,dd102ab7-56d3-4d73-ae35-646383c140e3,2851,1785908296193791709,1785908296584161709,390,true,0.66027,0.663791
1ac486c8-49ca-4593-afdf-1338c817e263,dd102ab7-56d3-4d73-ae35-646383c140e3,2852,1785908296634161709,1785908296799411709,165,true,0.401664,0.550936
1ac486c8-49ca-4593-afdf-1338c817e263,dd102ab7-56d3-4d73-ae35-646383c140e3,2853,1785908296959536709,1785908297134665709,175,true,0.429825,0.630458
1ac486c8-49ca-4593-afdf-1338c817e263,dd102ab7-56d3-4d73-ae35-646383c140e3,2854,1785908297184786709,1785908297384911709,200,true,0.663239,0.647475
1ac486c8-49ca-4593-afdf-1338c817e263,dd102ab7-56d3-4d73-ae35-646383c140e3,2855,1785908297429911709,1785908297800286709,370,true,0.401797,0.546365
1ac486c8-49ca-4593-afdf-1338c817e263,dd102ab7-56d3-4d73-ae35-646383c140e3,2856,1785908297855411709,1785908298360787709,505,true,0.66555,0.662403
1ac486c8-49ca-4593-afdf-1338c817e263,dd102ab7-56d3-4d73-ae35-646383c140e3,2857,1785908298415910709,1785908298641040709,225,true,0.377098,0.56783
1ac486c8-49ca-4593-afdf-1338c817e263,dd102ab7-56d3-4d73-ae35-646383c140e3,2858,1785908298691176709,1785908298811285709,120,true,0.562982,0.179875
1ac486c8-49ca-4593-afdf-1338c817e263,dd102ab7-56d3-4d73-ae35-646383c140e3,2859,1785908298856288709,1785908299146535709,290,true,0.636351,0.456261
1ac486c8-49ca-4593-afdf-1338c817e263,dd102ab7-56d3-4d73-ae35-646383c140e3,2860,1785908299181660709,1785908299346795709,165,true,0.612296,0.312956
1ac486c8-49ca-4593-afdf-1338c817e263,dd102ab7-56d3-4d73-ae35-646383c140e3,2861,1785908299451910709,1785908299612035709,160,true,0.623399,0.325758
1ac486c8-49ca-4593-afdf-1338c817e263,dd102ab7-56d3-4d73-ae35-646383c140e3,2862,1785908299657035709,1785908299902285709,245,true,0.496471,0.298826
1ac486c8-49ca-4593-afdf-1338c817e263,dd102ab7-56d3-4d73-ae35-646383c140e3,2863,1785908299947285709,1785908300417785709,470,true,0.624149,0.303442
1ac486c8-49ca-4593-afdf-1338c817e263,dd102ab7-56d3-4d73-ae35-646383c140e3,2864,1785908300452798709,1785908300632909709,180,true,0.694504,0.348291
1ac486c8-49ca-4593-afdf-1338c817e263,dd102ab7-56d3-4d73-ae35-646383c140e3,2865,1785908300743034709,1785908300913284709,170,true,0.668792,0.361722
1ac486c8-49ca-4593-afdf-1338c817e263,dd102ab7-56d3-4d73-ae35-646383c140e3,2866,1785908300948289709,1785908301153409709,205,true,0.596485,0.478691
1ac486c8-49ca-4593-afdf-1338c817e263,dd102ab7-56d3-4d73-ae35-646383c140e3,2867,1785908301188534709,1785908301393659709,205,true,0.466089,0.46421
1ac486c8-49ca-4593-afdf-1338c817e263,dd102ab7-56d3-4d73-ae35-646383c140e3,2868,1785908301428659709,1785908301714034709,285,true,0.497535,0.284401
1ac486c8-49ca-4593-afdf-1338c817e263,dd102ab7-56d3-4d73-ae35-646383c140e3,2869,1785908301769034709,1785908302359534709,590,true,0.568657,0.648626
1ac486c8-49ca-4593-afdf-1338c817e263,dd102ab7-56d3-4d73-ae35-646383c140e3,2870,1785908302549785709,1785908302734908709,185,true,0.560318,0.337668
1ac486c8-49ca-4593-afdf-1338c817e263,dd102ab7-56d3-4d73-ae35-646383c140e3,2871,1785908302769908709,1785908302960158709,190,true,0.653948,0.249483
1ac486c8-49ca-4593-afdf-1338c817e263,dd102ab7-56d3-4d73-ae35-646383c140e3,2872,1785908303005158709,1785908303190408709,185,true,0.501814,0.137617
1ac486c8-49ca-4593-afdf-1338c817e263,dd102ab7-56d3-4d73-ae35-646383c140e3,2873,1785908303220408709,1785908303550671709,330,true,0.537164,0.033137
1ac486c8-49ca-4593-afdf-1338c817e263,dd102ab7-56d3-4d73-ae35-646383c140e3,2874,1785908303570658709,1785908303921033709,350,true,0.566737,0.105685
1ac486c8-49ca-4593-afdf-1338c817e263,dd102ab7-56d3-4d73-ae35-646383c140e3,2875,1785908303966038709,1785908304336408709,370,true,0.525971,0.440754
1ac486c8-49ca-4593-afdf-1338c817e263,dd102ab7-56d3-4d73-ae35-646383c140e3,2876,1785908304371409709,1785908304676783709,305,true,0.420633,0.555707
1ac486c8-49ca-4593-afdf-1338c817e263,dd102ab7-56d3-4d73-ae35-646383c140e3,2877,1785908304861907709,1785908305192282709,330,true,0.396485,0.570284
1ac486c8-49ca-4593-afdf-1338c817e263,dd102ab7-56d3-4d73-ae35-646383c140e3,2878,1785908305232282709,1785908306188157709,955,true,0.536739,0.458552
1ac486c8-49ca-4593-afdf-1338c817e263,dd102ab7-56d3-4d73-ae35-646383c140e3,2879,1785908306228161709,1785908306358282709,130,true,0.408231,0.562747
1ac486c8-49ca-4593-afdf-1338c817e263,dd102ab7-56d3-4d73-ae35-646383c140e3,2880,1785908306483416709,1785908306853781709,370,true,0.567886,0.256316
1ac486c8-49ca-4593-afdf-1338c817e263,dd102ab7-56d3-4d73-ae35-646383c140e3,2881,1785908306913906709,1785908307194157709,280,true,0.565535,0.701261
1ac486c8-49ca-4593-afdf-1338c817e263,dd102ab7-56d3-4d73-ae35-646383c140e3,2882,1785908307229156709,1785908307859781709,630,true,0.626103,0.479258
1ac486c8-49ca-4593-afdf-1338c817e263,dd102ab7-56d3-4d73-ae35-646383c140e3,2883,1785908307904781709,1785908308370163709,465,true,0.558306,0.671404
1ac486c8-49ca-4593-afdf-1338c817e263,dd102ab7-56d3-4d73-ae35-646383c140e3,2884,1785908308405281709,1785908308625406709,220,true,0.463671,0.483758
1ac486c8-49ca-4593-afdf-1338c817e263,dd102ab7-56d3-4d73-ae35-646383c140e3,2885,1785908308670531709,1785908308880662709,210,true,0.607051,0.421092
1ac486c8-49ca-4593-afdf-1338c817e263,dd102ab7-56d3-4d73-ae35-646383c140e3,2886,1785908308920780709,1785908309075909709,155,true,0.464063,0.469325
1ac486c8-49ca-4593-afdf-1338c817e263,dd102ab7-56d3-4d73-ae35-646383c140e3,2887,1785908309256030709,1785908309531280709,275,true,0.435914,0.480103
1ac486c8-49ca-4593-afdf-1338c817e263,dd102ab7-56d3-4d73-ae35-646383c140e3,2888,1785908309571280709,1785908309791537709,220,true,0.497552,0.28714
1ac486c8-49ca-4593-afdf-1338c817e263,dd102ab7-56d3-4d73-ae35-646383c140e3,2889,1785908309836530709,1785908310171907709,335,true,0.620642,0.365688
1ac486c8-49ca-4593-afdf-1338c817e263,dd102ab7-56d3-4d73-ae35-646383c140e3,2890,1785908310216921709,1785908310817530709,600,true,0.526802,0.387231
1ac486c8-49ca-4593-afdf-1338c817e263,dd102ab7-56d3-4d73-ae35-646383c140e3,2891,1785908310977655709,1785908311172904709,195,false,0.312463,1.553083
1ac486c8-49ca-4593-afdf-1338c817e263,dd102ab7-56d3-4d73-ae35-646383c140e3,2892,1785908311267905709,1785908311403039709,135,true,0.477781,0.388268
1ac486c8-49ca-4593-afdf-1338c817e263,dd102ab7-56d3-4d73-ae35-646383c140e3,2893,1785908311433029709,1785908311768409709,335,true,0.502249,0.154526
1ac486c8-49ca-4593-afdf-1338c817e263,dd102ab7-56d3-4d73-ae35-646383c140e3,2894,1785908311798404709,1785908312273904709,475,true,0.56963,0.065229
1ac486c8-49ca-4593-afdf-1338c817e263,dd102ab7-56d3-4d73-ae35-646383c140e3,2895,1785908312353904709,1785908312514154709,160,true,0.509977,0.512678
1ac486c8-49ca-4593-afdf-1338c817e263,dd102ab7-56d3-4d73-ae35-646383c140e3,2896,1785908312674279709,1785908312864404709,190,true,0.52099,0.466177
1ac486c8-49ca-4593-afdf-1338c817e263,dd102ab7-56d3-4d73-ae35-646383c140e3,2897,1785908312899404709,1785908313224779709,325,true,0.400833,0.593425
1ac486c8-49ca-4593-afdf-1338c817e263,dd102ab7-56d3-4d73-ae35-646383c140e3,2898,1785908313264779709,1785908313465029709,200,true,0.610875,0.640302
1ac486c8-49ca-4593-afdf-1338c817e263,dd102ab7-56d3-4d73-ae35-646383c140e3,2899,1785908313515028709,1785908313875403709,360,true,0.378846,0.609328
1ac486c8-49ca-4593-afdf-1338c817e263,dd102ab7-56d3-4d73-ae35-646383c140e3,2900,1785908313910403709,1785908314000533709,90,true,0.525894,0.605922
1ac486c8-49ca-4593-afdf-1338c817e263,dd102ab7-56d3-4d73-ae35-646383c140e3,2901,1785908314100537709,1785908314796278709,695,true,0.547662,0.092858
1ac486c8-49ca-4593-afdf-1338c817e263,dd102ab7-56d3-4d73-ae35-646383c140e3,2902,1785908314931403709,1785908316112532709,1181,true,0.564627,0.087772
1ac486c8-49ca-4593-afdf-1338c817e263,dd102ab7-56d3-4d73-ae35-646383c140e3,2903,1785908316357652709,1785908316452777709,95,true,0.535456,0.272814
1ac486c8-49ca-4593-afdf-1338c817e263,dd102ab7-56d3-4d73-ae35-646383c140e3,2904,1785908316728027709,1785908316873152709,145,true,0.559407,0.0499
1ac486c8-49ca-4593-afdf-1338c817e263,dd102ab7-56d3-4d73-ae35-646383c140e3,2905,1785908316963277709,1785908317278527709,315,true,0.551691,0.462636
1ac486c8-49ca-4593-afdf-1338c817e263,dd102ab7-56d3-4d73-ae35-646383c140e3,2906,1785908317328652709,1785908317673902709,345,true,0.382637,0.657145
1ac486c8-49ca-4593-afdf-1338c817e263,dd102ab7-56d3-4d73-ae35-646383c140e3,2907,1785908317724026709,1785908317819027709,95,true,0.558404,0.755768
1ac486c8-49ca-4593-afdf-1338c817e263,dd102ab7-56d3-4d73-ae35-646383c140e3,2908,1785908317984277709,1785908318219401709,235,true,0.517106,0.742811
1ac486c8-49ca-4593-afdf-1338c817e263,dd102ab7-56d3-4d73-ae35-646383c140e3,2909,1785908318244526709,1785908318359526709,115,true,0.552743,0.633902
1ac486c8-49ca-4593-afdf-1338c817e263,dd102ab7-56d3-4d73-ae35-646383c140e3,2910,1785908318544789709,1785908318594777709,49,true,0.283221,0.644596
1ac486c8-49ca-4593-afdf-1338c817e263,dd102ab7-56d3-4d73-ae35-646383c140e3,2912,1785908319060276709,1785908319370526709,310,true,0.527989,0.566697
1ac486c8-49ca-4593-afdf-1338c817e263,dd102ab7-56d3-4d73-ae35-646383c140e3,2913,1785908319405526709,1785908319775913709,370,true,0.541806,0.775572
1ac486c8-49ca-4593-afdf-1338c817e263,dd102ab7-56d3-4d73-ae35-646383c140e3,2914,1785908319815901709,1785908320131282709,315,true,0.544386,0.45223
1ac486c8-49ca-4593-afdf-1338c817e263,dd102ab7-56d3-4d73-ae35-646383c140e3,2915,1785908320156285709,1785908320366400709,210,true,0.552043,0.671256
1ac486c8-49ca-4593-afdf-1338c817e263,dd102ab7-56d3-4d73-ae35-646383c140e3,2916,1785908320541650709,1785908320691786709,150,true,0.5338,0.839615
1ac486c8-49ca-4593-afdf-1338c817e263,dd102ab7-56d3-4d73-ae35-646383c140e3,2917,1785908320736775709,1785908321677650709,940,true,0.538403,0.415929
1ac486c8-49ca-4593-afdf-1338c817e263,dd102ab7-56d3-4d73-ae35-646383c140e3,2918,1785908321727775709,1785908322128161709,400,true,0.534047,0.840063
1ac486c8-49ca-4593-afdf-1338c817e263,dd102ab7-56d3-4d73-ae35-646383c140e3,2919,1785908322168150709,1785908322538532709,370,true,0.543027,0.386407
1ac486c8-49ca-4593-afdf-1338c817e263,dd102ab7-56d3-4d73-ae35-646383c140e3,2920,1785908322658649709,1785908323054031709,395,true,0.541588,0.399569
1ac486c8-49ca-4593-afdf-1338c817e263,dd102ab7-56d3-4d73-ae35-646383c140e3,2921,1785908323104024709,1785908323334274709,230,true,0.516424,0.777796
1ac486c8-49ca-4593-afdf-1338c817e263,dd102ab7-56d3-4d73-ae35-646383c140e3,2922,1785908323384286709,1785908323559399709,175,true,0.55864,0.351197
1ac486c8-49ca-4593-afdf-1338c817e263,dd102ab7-56d3-4d73-ae35-646383c140e3,2923,1785908323619524709,1785908323809649709,190,true,0.540084,0.817072
1ac486c8-49ca-4593-afdf-1338c817e263,dd102ab7-56d3-4d73-ae35-646383c140e3,2924,1785908323849774709,1785908324024899709,175,true,0.547288,0.371585
1ac486c8-49ca-4593-afdf-1338c817e263,dd102ab7-56d3-4d73-ae35-646383c140e3,2925,1785908324064899709,1785908324490273709,425,true,0.622294,0.514039
1ac486c8-49ca-4593-afdf-1338c817e263,dd102ab7-56d3-4d73-ae35-646383c140e3,2926,1785908324520399709,1785908324665523709,145,true,0.630742,0.356009
1ac486c8-49ca-4593-afdf-1338c817e263,dd102ab7-56d3-4d73-ae35-646383c140e3,2927,1785908324790653709,1785908325010773709,220,true,0.595428,0.377869
1ac486c8-49ca-4593-afdf-1338c817e263,dd102ab7-56d3-4d73-ae35-646383c140e3,2928,1785908325040898709,1785908325236023709,195,true,0.673088,0.331589
1ac486c8-49ca-4593-afdf-1338c817e263,dd102ab7-56d3-4d73-ae35-646383c140e3,2929,1785908325281023709,1785908325496273709,215,true,0.486232,0.290587
1ac486c8-49ca-4593-afdf-1338c817e263,dd102ab7-56d3-4d73-ae35-646383c140e3,2930,1785908325556273709,1785908325806535709,250,true,0.52261,0.685725
1ac486c8-49ca-4593-afdf-1338c817e263,dd102ab7-56d3-4d73-ae35-646383c140e3,2931,1785908325826523709,1785908325956648709,130,true,0.559007,0.62966
1ac486c8-49ca-4593-afdf-1338c817e263,dd102ab7-56d3-4d73-ae35-646383c140e3,2932,1785908326001773709,1785908326237023709,235,true,0.641376,0.32799
1ac486c8-49ca-4593-afdf-1338c817e263,dd102ab7-56d3-4d73-ae35-646383c140e3,2933,1785908326372148709,1785908326632398709,260,true,0.461508,0.309231
1ac486c8-49ca-4593-afdf-1338c817e263,dd102ab7-56d3-4d73-ae35-646383c140e3,2934,1785908326672397709,1785908326882523709,210,true,0.611217,0.473303
1ac486c8-49ca-4593-afdf-1338c817e263,dd102ab7-56d3-4d73-ae35-646383c140e3,2935,1785908326917647709,1785908327217899709,300,true,0.495208,0.299241
1ac486c8-49ca-4593-afdf-1338c817e263,dd102ab7-56d3-4d73-ae35-646383c140e3,2936,1785908327262897709,1785908327408022709,145,true,0.604091,0.439042
1ac486c8-49ca-4593-afdf-1338c817e263,dd102ab7-56d3-4d73-ae35-646383c140e3,2937,1785908327438157709,1785908327658272709,220,true,0.628397,0.310076
1ac486c8-49ca-4593-afdf-1338c817e263,dd102ab7-56d3-4d73-ae35-646383c140e3,2938,1785908327848522709,1785908328043647709,195,true,0.608092,0.13777
1ac486c8-49ca-4593-afdf-1338c817e263,dd102ab7-56d3-4d73-ae35-646383c140e3,2939,1785908328088647709,1785908328348898709,260,false,0.549912,-0.034784
1ac486c8-49ca-4593-afdf-1338c817e263,dd102ab7-56d3-4d73-ae35-646383c140e3,2940,1785908328404031709,1785908328559147709,155,true,0.546311,0.326586
1ac486c8-49ca-4593-afdf-1338c817e263,dd102ab7-56d3-4d73-ae35-646383c140e3,2941,1785908328604156709,1785908329324896709,720,true,0.549679,0.101394
1ac486c8-49ca-4593-afdf-1338c817e263,dd102ab7-56d3-4d73-ae35-646383c140e3,2942,1785908329394904709,1785908329635146709,240,true,0.5654,0.512222
1ac486c8-49ca-4593-afdf-1338c817e263,dd102ab7-56d3-4d73-ae35-646383c140e3,2943,1785908329675146709,1785908329865396709,190,true,0.545754,0.759667
1ac486c8-49ca-4593-afdf-1338c817e263,dd102ab7-56d3-4d73-ae35-646383c140e3,2944,1785908329905396709,1785908330075523709,170,true,0.655817,0.667164
1ac486c8-49ca-4593-afdf-1338c817e263,dd102ab7-56d3-4d73-ae35-646383c140e3,2945,1785908330130654709,1785908330255771709,125,true,0.394069,0.604228
1ac486c8-49ca-4593-afdf-1338c817e263,dd102ab7-56d3-4d73-ae35-646383c140e3,2946,1785908330400908709,1785908330776271709,375,true,0.363532,0.650296
1ac486c8-49ca-4593-afdf-1338c817e263,dd102ab7-56d3-4d73-ae35-646383c140e3,2947,1785908330816271709,1785908331021396709,205,true,0.513804,0.609226
1ac486c8-49ca-4593-afdf-1338c817e263,dd102ab7-56d3-4d73-ae35-646383c140e3,2948,1785908331061529709,1785908331672020709,610,true,0.530616,0.814989
1ac486c8-49ca-4593-afdf-1338c817e263,dd102ab7-56d3-4d73-ae35-646383c140e3,2949,1785908331712158709,1785908332097520709,385,true,0.532694,0.436553
1ac486c8-49ca-4593-afdf-1338c817e263,dd102ab7-56d3-4d73-ae35-646383c140e3,2950,1785908332152520709,1785908332337645709,185,true,0.545553,0.78134
1ac486c8-49ca-4593-afdf-1338c817e263,dd102ab7-56d3-4d73-ae35-646383c140e3,2951,1785908332387770709,1785908332693024709,305,true,0.383133,0.632014
1ac486c8-49ca-4593-afdf-1338c817e263,dd102ab7-56d3-4d73-ae35-646383c140e3,2952,1785908332863144709,1785908333058394709,195,true,0.492092,0.789291
1ac486c8-49ca-4593-afdf-1338c817e263,dd102ab7-56d3-4d73-ae35-646383c140e3,2953,1785908333098410709,1785908333268520709,170,true,0.368804,0.61999
1ac486c8-49ca-4593-afdf-1338c817e263,dd102ab7-56d3-4d73-ae35-646383c140e3,2954,1785908333313644709,1785908333628894709,315,true,0.519291,0.428887
1ac486c8-49ca-4593-afdf-1338c817e263,dd102ab7-56d3-4d73-ae35-646383c140e3,2955,1785908333663894709,1785908334895156709,1231,true,0.400441,0.610124
1ac486c8-49ca-4593-afdf-1338c817e263,dd102ab7-56d3-4d73-ae35-646383c140e3,2956,1785908334930144709,1785908335405527709,475,true,0.533903,0.44263
1ac486c8-49ca-4593-afdf-1338c817e263,dd102ab7-56d3-4d73-ae35-646383c140e3,2957,1785908335565774709,1785908336146268709,580,true,0.362316,0.635736
1ac486c8-49ca-4593-afdf-1338c817e263,dd102ab7-56d3-4d73-ae35-646383c140e3,2958,1785908336181268709,1785908336396518709,215,true,0.539397,0.606663
1ac486c8-49ca-4593-afdf-1338c817e263,dd102ab7-56d3-4d73-ae35-646383c140e3,2959,1785908336431527709,1785908337362393709,930,true,0.533032,0.436161
1ac486c8-49ca-4593-afdf-1338c817e263,dd102ab7-56d3-4d73-ae35-646383c140e3,2960,1785908337407393709,1785908337627647709,220,true,0.410712,0.587895
1ac486c8-49ca-4593-afdf-1338c817e263,dd102ab7-56d3-4d73-ae35-646383c140e3,2961,1785908337662642709,1785908337872892709,210,true,0.615,0.600772
1ac486c8-49ca-4593-afdf-1338c817e263,dd102ab7-56d3-4d73-ae35-646383c140e3,2962,1785908337907892709,1785908338238282709,330,true,0.531594,0.437741
1ac486c8-49ca-4593-afdf-1338c817e263,dd102ab7-56d3-4d73-ae35-646383c140e3,2963,1785908338268283709,1785908338573517709,305,true,0.562239,0.551434
1ac486c8-49ca-4593-afdf-1338c817e263,dd102ab7-56d3-4d73-ae35-646383c140e3,2964,1785908338608517709,1785908339008892709,400,true,0.623347,0.47068
1ac486c8-49ca-4593-afdf-1338c817e263,dd102ab7-56d3-4d73-ae35-646383c140e3,2965,1785908339149029709,1785908339324267709,175,true,0.597826,0.565644
1ac486c8-49ca-4593-afdf-1338c817e263,dd102ab7-56d3-4d73-ae35-646383c140e3,2966,1785908339359267709,1785908339509391709,150,true,0.649256,0.340645
1ac486c8-49ca-4593-afdf-1338c817e263,dd102ab7-56d3-4d73-ae35-646383c140e3,2967,1785908339569517709,1785908339859766709,290,true,0.556607,0.632397
1ac486c8-49ca-4593-afdf-1338c817e263,dd102ab7-56d3-4d73-ae35-646383c140e3,2968,1785908339899766709,1785908340275141709,375,true,0.618537,0.377328
1ac486c8-49ca-4593-afdf-1338c817e263,dd102ab7-56d3-4d73-ae35-646383c140e3,2969,1785908340305141709,1785908340665529709,360,true,0.689922,0.326397
1ac486c8-49ca-4593-afdf-1338c817e263,dd102ab7-56d3-4d73-ae35-646383c140e3,2970,1785908340705516709,1785908340955766709,250,true,0.612719,0.361984
1ac486c8-49ca-4593-afdf-1338c817e263,dd102ab7-56d3-4d73-ae35-646383c140e3,2971,1785908340980771709,1785908341346141709,365,true,0.598289,0.461154
1ac486c8-49ca-4593-afdf-1338c817e263,dd102ab7-56d3-4d73-ae35-646383c140e3,2972,1785908341376141709,1785908341576397709,200,true,0.473697,0.483426
1ac486c8-49ca-4593-afdf-1338c817e263,dd102ab7-56d3-4d73-ae35-646383c140e3,2973,1785908341611391709,1785908341996770709,385,true,0.590846,0.433565
1ac486c8-49ca-4593-afdf-1338c817e263,dd102ab7-56d3-4d73-ae35-646383c140e3,2974,1785908342016765709,1785908342121890709,105,true,0.604024,0.352227
1ac486c8-49ca-4593-afdf-1338c817e263,dd102ab7-56d3-4d73-ae35-646383c140e3,2975,1785908342412149709,1785908342587274709,175,true,0.913188,0.180445
1ac486c8-49ca-4593-afdf-1338c817e263,dd102ab7-56d3-4d73-ae35-646383c140e3,2976,1785908342672391709,1785908342827528709,155,true,0.479837,0.348432
1ac486c8-49ca-4593-afdf-1338c817e263,dd102ab7-56d3-4d73-ae35-646383c140e3,2977,1785908342862515709,1785908343232890709,370,true,0.357259,0.177847
1ac486c8-49ca-4593-afdf-1338c817e263,dd102ab7-56d3-4d73-ae35-646383c140e3,2978,1785908343272890709,1785908343508144709,235,true,0.551554,0.180568
1ac486c8-49ca-4593-afdf-1338c817e263,dd102ab7-56d3-4d73-ae35-646383c140e3,2979,1785908343563265709,1785908343733390709,170,true,0.512183,0.349668
1ac486c8-49ca-4593-afdf-1338c817e263,dd102ab7-56d3-4d73-ae35-646383c140e3,2980,1785908343778390709,1785908344809401709,1031,true,0.542148,0.112529
1ac486c8-49ca-4593-afdf-1338c817e263,dd102ab7-56d3-4d73-ae35-646383c140e3,2981,1785908344864389709,1785908345159764709,295,true,0.525484,0.481413
1ac486c8-49ca-4593-afdf-1338c817e263,dd102ab7-56d3-4d73-ae35-646383c140e3,2982,1785908345314889709,1785908345825389709,510,true,0.378521,0.657077
1ac486c8-49ca-4593-afdf-1338c817e263,dd102ab7-56d3-4d73-ae35-646383c140e3,2983,1785908345870389709,1785908346205638709,335,true,0.640848,0.659908
1ac486c8-49ca-4593-afdf-1338c817e263,dd102ab7-56d3-4d73-ae35-646383c140e3,2984,1785908346245764709,1785908346465888709,220,true,0.5211,0.452783
1ac486c8-49ca-4593-afdf-1338c817e263,dd102ab7-56d3-4d73-ae35-646383c140e3,2985,1785908346591013709,1785908347657013709,1066,true,0.539025,0.091133
1ac486c8-49ca-4593-afdf-1338c817e263,dd102ab7-56d3-4d73-ae35-646383c140e3,2986,1785908347697150709,1785908348097513709,400,true,0.534647,0.406147
1ac486c8-49ca-4593-afdf-1338c817e263,dd102ab7-56d3-4d73-ae35-646383c140e3,2987,1785908348132524709,1785908348317637709,185,true,0.408074,0.582954
1ac486c8-49ca-4593-afdf-1338c817e263,dd102ab7-56d3-4d73-ae35-646383c140e3,2988,1785908348487763709,1785908348713012709,225,true,0.499019,0.734663
1ac486c8-49ca-4593-afdf-1338c817e263,dd102ab7-56d3-4d73-ae35-646383c140e3,2989,1785908348758138709,1785908349663889709,905,true,0.521386,0.427645
1ac486c8-49ca-4593-afdf-1338c817e263,dd102ab7-56d3-4d73-ae35-646383c140e3,2990,1785908349824017709,1785908350164387709,340,true,0.501475,0.535469
1ac486c8-49ca-4593-afdf-1338c817e263,dd102ab7-56d3-4d73-ae35-646383c140e3,2991,1785908350674887709,1785908350770011709,95,true,0.586878,0.57822
1ac486c8-49ca-4593-afdf-1338c817e263,dd102ab7-56d3-4d73-ae35-646383c140e3,2994,1785908351465636709,1785908351535636709,70,true,0.466395,0.580828
1ac486c8-49ca-4593-afdf-1338c817e263,dd102ab7-56d3-4d73-ae35-646383c140e3,2995,1785908351645761709,1785908351876011709,230,true,0.477362,0.508328
1ac486c8-49ca-4593-afdf-1338c817e263,dd102ab7-56d3-4d73-ae35-646383c140e3,2996,1785908352026136709,1785908352211261709,185,true,0.317258,0.541419
1ac486c8-49ca-4593-afdf-1338c817e263,dd102ab7-56d3-4d73-ae35-646383c140e3,2998,1785908352676761709,1785908352721760709,44,true,0.479761,0.417108
1ac486c8-49ca-4593-afdf-1338c817e263,dd102ab7-56d3-4d73-ae35-646383c140e3,2999,1785908352796890709,1785908353052135709,255,true,0.458415,0.737517
1ac486c8-49ca-4593-afdf-1338c817e263,dd102ab7-56d3-4d73-ae35-646383c140e3,3000,1785908353377385709,1785908353497510709,120,true,0.613585,0.641741
1ac486c8-49ca-4593-afdf-1338c817e263,dd102ab7-56d3-4d73-ae35-646383c140e3,3001,1785908353702760709,1785908354123135709,420,true,0.536903,0.559224
1ac486c8-49ca-4593-afdf-1338c817e263,dd102ab7-56d3-4d73-ae35-646383c140e3,3002,1785908354203135709,1785908354488510709,285,true,0.63998,0.613362
1ac486c8-49ca-4593-afdf-1338c817e263,dd102ab7-56d3-4d73-ae35-646383c140e3,3003,1785908354523510709,1785908354773760709,250,true,0.520708,0.3879
1ac486c8-49ca-4593-afdf-1338c817e263,dd102ab7-56d3-4d73-ae35-646383c140e3,3004,1785908354913887709,1785908354958885709,44,true,0.473795,0.747924
1ac486c8-49ca-4593-afdf-1338c817e263,dd102ab7-56d3-4d73-ae35-646383c140e3,3005,1785908355099010709,1785908355484389709,385,true,0.340342,0.656101
1ac486c8-49ca-4593-afdf-1338c817e263,dd102ab7-56d3-4d73-ae35-646383c140e3,3006,1785908355524384709,1785908355624509709,100,true,0.48044,0.419802
1ac486c8-49ca-4593-afdf-1338c817e263,dd102ab7-56d3-4d73-ae35-646383c140e3,3007,1785908355749634709,1785908355944759709,195,true,0.374867,0.636968
1ac486c8-49ca-4593-afdf-1338c817e263,dd102ab7-56d3-4d73-ae35-646383c140e3,3008,1785908355979884709,1785908356200014709,220,true,0.482297,0.745258
1ac486c8-49ca-4593-afdf-1338c817e263,dd102ab7-56d3-4d73-ae35-646383c140e3,3009,1785908356245134709,1785908356560384709,315,true,0.334629,0.642257
1ac486c8-49ca-4593-afdf-1338c817e263,dd102ab7-56d3-4d73-ae35-646383c140e3,3010,1785908356600384709,1785908356830634709,230,true,0.493697,0.755401
1ac486c8-49ca-4593-afdf-1338c817e263,dd102ab7-56d3-4d73-ae35-646383c140e3,3011,1785908356870634709,1785908357221014709,350,true,0.328292,0.628983
1ac486c8-49ca-4593-afdf-1338c817e263,dd102ab7-56d3-4d73-ae35-646383c140e3,3012,1785908357276009709,1785908357446271709,170,true,0.511818,0.276289
1ac486c8-49ca-4593-afdf-1338c817e263,dd102ab7-56d3-4d73-ae35-646383c140e3,3013,1785908357486264709,1785908357851633709,365,true,0.543601,0.0723
1ac486c8-49ca-4593-afdf-1338c817e263,dd102ab7-56d3-4d73-ae35-646383c140e3,3014,1785908357911633709,1785908358046758709,135,true,0.483774,0.562607
1ac486c8-49ca-4593-afdf-1338c817e263,dd102ab7-56d3-4d73-ae35-646383c140e3,3015,1785908358091883709,1785908358237015709,145,true,0.508136,0.765047
1ac486c8-49ca-4593-afdf-1338c817e263,dd102ab7-56d3-4d73-ae35-646383c140e3,3016,1785908358282008709,1785908358412133709,130,true,0.572532,0.383002
1ac486c8-49ca-4593-afdf-1338c817e263,dd102ab7-56d3-4d73-ae35-646383c140e3,3017,1785908358437133709,1785908358827508709,390,true,0.595254,0.480655
1ac486c8-49ca-4593-afdf-1338c817e263,dd102ab7-56d3-4d73-ae35-646383c140e3,3018,1785908358942633709,1785908359072763709,130,true,0.549095,0.503533
1ac486c8-49ca-4593-afdf-1338c817e263,dd102ab7-56d3-4d73-ae35-646383c140e3,3019,1785908359107765709,1785908359262883709,155,true,0.577819,0.325678
1ac486c8-49ca-4593-afdf-1338c817e263,dd102ab7-56d3-4d73-ae35-646383c140e3,3020,1785908359318008709,1785908359828507709,510,true,0.521672,0.653232
1ac486c8-49ca-4593-afdf-1338c817e263,dd102ab7-56d3-4d73-ae35-646383c140e3,3021,1785908359868507709,1785908360033632709,165,true,0.543323,0.490155
1ac486c8-49ca-4593-afdf-1338c817e263,dd102ab7-56d3-4d73-ae35-646383c140e3,3022,1785908360073632709,1785908360774383709,700,true,0.589183,0.34126
1ac486c8-49ca-4593-afdf-1338c817e263,dd102ab7-56d3-4d73-ae35-646383c140e3,3023,1785908360809382709,1785908361139632709,330,true,0.653769,0.333397
1ac486c8-49ca-4593-afdf-1338c817e263,dd102ab7-56d3-4d73-ae35-646383c140e3,3024,1785908361169757709,1785908361535007709,365,true,0.572082,0.347022
1ac486c8-49ca-4593-afdf-1338c817e263,dd102ab7-56d3-4d73-ae35-646383c140e3,3025,1785908361565140709,1785908361680131709,114,true,0.574798,0.44851
1ac486c8-49ca-4593-afdf-1338c817e263,dd102ab7-56d3-4d73-ae35-646383c140e3,3026,1785908361875386709,1785908362010506709,135,true,0.468817,0.376086
1ac486c8-49ca-4593-afdf-1338c817e263,dd102ab7-56d3-4d73-ae35-646383c140e3,3027,1785908362065506709,1785908362265756709,200,true,0.228967,0.07166
1ac486c8-49ca-4593-afdf-1338c817e263,dd102ab7-56d3-4d73-ae35-646383c140e3,3028,1785908362300756709,1785908362430895709,130,false,0.168205,-0.006342
1ac486c8-49ca-4593-afdf-1338c817e263,dd102ab7-56d3-4d73-ae35-646383c140e3,3029,1785908362516018709,1785908362666131709,150,true,0.557449,0.106587
1ac486c8-49ca-4593-afdf-1338c817e263,dd102ab7-56d3-4d73-ae35-646383c140e3,3030,1785908362696131709,1785908362881265709,185,true,0.537934,-0.020009
1ac486c8-49ca-4593-afdf-1338c817e263,dd102ab7-56d3-4d73-ae35-646383c140e3,3031,1785908362911381709,1785908363567019709,655,true,0.516014,0.113161
1ac486c8-49ca-4593-afdf-1338c817e263,dd102ab7-56d3-4d73-ae35-646383c140e3,3032,1785908363602006709,1785908363987380709,385,true,0.517507,0.39505
1ac486c8-49ca-4593-afdf-1338c817e263,dd102ab7-56d3-4d73-ae35-646383c140e3,3033,1785908364027395709,1785908364132505709,105,true,0.376594,0.61483
1ac486c8-49ca-4593-afdf-1338c817e263,dd102ab7-56d3-4d73-ae35-646383c140e3,3034,1785908364252630709,1785908364482766709,230,true,0.432121,0.633397
1ac486c8-49ca-4593-afdf-1338c817e263,dd102ab7-56d3-4d73-ae35-646383c140e3,3035,1785908364517880709,1785908364803130709,285,true,0.557454,0.578389
1ac486c8-49ca-4593-afdf-1338c817e263,dd102ab7-56d3-4d73-ae35-646383c140e3,3036,1785908364843135709,1785908365073380709,230,true,0.681419,0.64051
1ac486c8-49ca-4593-afdf-1338c817e263,dd102ab7-56d3-4d73-ae35-646383c140e3,3037,1785908365123380709,1785908365413630709,290,true,0.506614,0.422842
1ac486c8-49ca-4593-afdf-1338c817e263,dd102ab7-56d3-4d73-ae35-646383c140e3,3038,1785908365453755709,1785908365919130709,465,true,0.663316,0.626734
1ac486c8-49ca-4593-afdf-1338c817e263,dd102ab7-56d3-4d73-ae35-646383c140e3,3039,1785908365964254709,1785908366084379709,120,true,0.516227,0.401317
1ac486c8-49ca-4593-afdf-1338c817e263,dd102ab7-56d3-4d73-ae35-646383c140e3,3040,1785908366119386709,1785908366299504709,180,true,0.527301,0.122716
1ac486c8-49ca-4593-afdf-1338c817e263,dd102ab7-56d3-4d73-ae35-646383c140e3,3041,1785908366364630709,1785908366589754709,225,true,0.399193,0.650114
1ac486c8-49ca-4593-afdf-1338c817e263,dd102ab7-56d3-4d73-ae35-646383c140e3,3042,1785908366629879709,1785908366800004709,170,true,0.496019,0.788643
1ac486c8-49ca-4593-afdf-1338c817e263,dd102ab7-56d3-4d73-ae35-646383c140e3,3043,1785908366940129709,1785908367160390709,220,true,0.358999,0.714499
1ac486c8-49ca-4593-afdf-1338c817e263,dd102ab7-56d3-4d73-ae35-646383c140e3,3044,1785908367200379709,1785908367395504709,195,true,0.649406,0.59354
1ac486c8-49ca-4593-afdf-1338c817e263,dd102ab7-56d3-4d73-ae35-646383c140e3,3045,1785908367435633709,1785908367775879709,340,true,0.532427,0.393522
1ac486c8-49ca-4593-afdf-1338c817e263,dd102ab7-56d3-4d73-ae35-646383c140e3,3046,1785908367810879709,1785908368006129709,195,true,0.532345,0.540634
1ac486c8-49ca-4593-afdf-1338c817e263,dd102ab7-56d3-4d73-ae35-646383c140e3,3047,1785908368046129709,1785908368316379709,270,true,0.511063,0.401191
1ac486c8-49ca-4593-afdf-1338c817e263,dd102ab7-56d3-4d73-ae35-646383c140e3,3048,1785908368351503709,1785908368556639709,205,true,0.68944,0.613129
1ac486c8-49ca-4593-afdf-1338c817e263,dd102ab7-56d3-4d73-ae35-646383c140e3,3049,1785908368601637709,1785908368922003709,320,true,0.522613,0.400376
1ac486c8-49ca-4593-afdf-1338c817e263,dd102ab7-56d3-4d73-ae35-646383c140e3,3050,1785908368962003709,1785908369362378709,400,true,0.666737,0.613072
1ac486c8-49ca-4593-afdf-1338c817e263,dd102ab7-56d3-4d73-ae35-646383c140e3,3051,1785908369407392709,1785908369632636709,225,true,0.511779,0.411383
1ac486c8-49ca-4593-afdf-1338c817e263,dd102ab7-56d3-4d73-ae35-646383c140e3,3052,1785908369682753709,1785908369862878709,180,true,0.576323,0.133969
1ac486c8-49ca-4593-afdf-1338c817e263,dd102ab7-56d3-4d73-ae35-646383c140e3,3053,1785908369907878709,1785908370193128709,285,true,0.613667,0.439262
1ac486c8-49ca-4593-afdf-1338c817e263,dd102ab7-56d3-4d73-ae35-646383c140e3,3054,1785908370288252709,1785908370693627709,405,true,0.568293,0.362269
1ac486c8-49ca-4593-afdf-1338c817e263,dd102ab7-56d3-4d73-ae35-646383c140e3,3055,1785908370723627709,1785908371003877709,280,true,0.660726,0.325559
1ac486c8-49ca-4593-afdf-1338c817e263,dd102ab7-56d3-4d73-ae35-646383c140e3,3056,1785908371054002709,1785908371459377709,405,true,0.44492,0.29307
1ac486c8-49ca-4593-afdf-1338c817e263,dd102ab7-56d3-4d73-ae35-646383c140e3,3057,1785908371499384709,1785908372350252709,850,true,0.654355,0.334356
1ac486c8-49ca-4593-afdf-1338c817e263,dd102ab7-56d3-4d73-ae35-646383c140e3,3058,1785908372380252709,1785908373090880709,710,true,0.581783,0.358234
1ac486c8-49ca-4593-afdf-1338c817e263,dd102ab7-56d3-4d73-ae35-646383c140e3,3059,1785908373156011709,1785908373421263709,265,true,0.556024,0.421151
1ac486c8-49ca-4593-afdf-1338c817e263,dd102ab7-56d3-4d73-ae35-646383c140e3,3060,1785908373501260709,1785908373656376709,155,true,0.976783,0.485094
1ac486c8-49ca-4593-afdf-1338c817e263,dd102ab7-56d3-4d73-ae35-646383c140e3,3061,1785908373716501709,1785908373846626709,130,true,0.749927,0.17959
1ac486c8-49ca-4593-afdf-1338c817e263,dd102ab7-56d3-4d73-ae35-646383c140e3,3062,1785908373886626709,1785908374021751709,135,true,0.778027,-0.002488
1ac486c8-49ca-4593-afdf-1338c817e263,dd102ab7-56d3-4d73-ae35-646383c140e3,3063,1785908374101876709,1785908374186876709,85,true,0.404827,0.149583
1ac486c8-49ca-4593-afdf-1338c817e263,dd102ab7-56d3-4d73-ae35-646383c140e3,3064,1785908374222001709,1785908374977626709,755,true,0.521377,0.114616
1ac486c8-49ca-4593-afdf-1338c817e263,dd102ab7-56d3-4d73-ae35-646383c140e3,3065,1785908375027750709,1785908375162875709,135,true,0.514977,0.383258
1ac486c8-49ca-4593-afdf-1338c817e263,dd102ab7-56d3-4d73-ae35-646383c140e3,3066,1785908375303000709,1785908375658250709,355,true,0.395822,0.649663
1ac486c8-49ca-4593-afdf-1338c817e263,dd102ab7-56d3-4d73-ae35-646383c140e3,3067,1785908375703375709,1785908376243875709,540,true,0.666597,0.64418
1ac486c8-49ca-4593-afdf-1338c817e263,dd102ab7-56d3-4d73-ae35-646383c140e3,3068,1785908376283875709,1785908376494125709,210,true,0.523102,0.577875
fa90bd61-4b84-49c3-af1a-e5ff3074f547,dd102ab7-56d3-4d73-ae35-646383c140e3,3091,1785908385067121709,1785908385122121709,55,true,0.353869,0.535687
fa90bd61-4b84-49c3-af1a-e5ff3074f547,dd102ab7-56d3-4d73-ae35-646383c140e3,3092,1785908385172246709,1785908385467495709,295,true,0.567851,0.488421
fa90bd61-4b84-49c3-af1a-e5ff3074f547,dd102ab7-56d3-4d73-ae35-646383c140e3,3093,1785908385527495709,1785908385752746709,225,true,0.797693,0.238306
fa90bd61-4b84-49c3-af1a-e5ff3074f547,dd102ab7-56d3-4d73-ae35-646383c140e3,3094,1785908385837870709,1785908385987995709,150,true,0.485119,0.491231
fa90bd61-4b84-49c3-af1a-e5ff3074f547,dd102ab7-56d3-4d73-ae35-646383c140e3,3095,1785908386052995709,1785908386218245709,165,true,0.640114,0.295815
fa90bd61-4b84-49c3-af1a-e5ff3074f547,dd102ab7-56d3-4d73-ae35-646383c140e3,3096,1785908386263247709,1785908386403370709,140,true,0.910346,0.16089
fa90bd61-4b84-49c3-af1a-e5ff3074f547,dd102ab7-56d3-4d73-ae35-646383c140e3,3097,1785908386463375709,1785908386623620709,160,true,0.553246,0.403938
fa90bd61-4b84-49c3-af1a-e5ff3074f547,dd102ab7-56d3-4d73-ae35-646383c140e3,3098,1785908386663620709,1785908387224120709,560,true,0.498256,0.07163
fa90bd61-4b84-49c3-af1a-e5ff3074f547,dd102ab7-56d3-4d73-ae35-646383c140e3,3099,1785908387279245709,1785908387424370709,145,true,0.526101,0.483944
fa90bd61-4b84-49c3-af1a-e5ff3074f547,dd102ab7-56d3-4d73-ae35-646383c140e3,3100,1785908387449370709,1785908387739620709,290,true,0.525789,0.378277
fa90bd61-4b84-49c3-af1a-e5ff3074f547,dd102ab7-56d3-4d73-ae35-646383c140e3,3101,1785908387879744709,1785908388074994709,195,true,0.53509,0.399233
fa90bd61-4b84-49c3-af1a-e5ff3074f547,dd102ab7-56d3-4d73-ae35-646383c140e3,3102,1785908388089994709,1785908388330126709,240,true,0.543151,0.294872
fa90bd61-4b84-49c3-af1a-e5ff3074f547,dd102ab7-56d3-4d73-ae35-646383c140e3,3103,1785908388375253709,1785908388570369709,195,true,0.674371,0.462933
fa90bd61-4b84-49c3-af1a-e5ff3074f547,dd102ab7-56d3-4d73-ae35-646383c140e3,3104,1785908388605502709,1785908388875752709,270,true,0.548555,0.416203
fa90bd61-4b84-49c3-af1a-e5ff3074f547,dd102ab7-56d3-4d73-ae35-646383c140e3,3105,1785908388905744709,1785908389230994709,325,true,0.518829,0.202313
fa90bd61-4b84-49c3-af1a-e5ff3074f547,dd102ab7-56d3-4d73-ae35-646383c140e3,3106,1785908389461244709,1785908389971751709,510,true,0.523661,0.350858
fa90bd61-4b84-49c3-af1a-e5ff3074f547,dd102ab7-56d3-4d73-ae35-646383c140e3,3108,1785908390392118709,1785908391443118709,1051,true,0.655457,0.610887
fa90bd61-4b84-49c3-af1a-e5ff3074f547,dd102ab7-56d3-4d73-ae35-646383c140e3,3109,1785908391483118709,1785908391558243709,75,true,0.535743,0.390031
fa90bd61-4b84-49c3-af1a-e5ff3074f547,dd102ab7-56d3-4d73-ae35-646383c140e3,3110,1785908391838493709,1785908392068753709,230,true,0.519573,0.151954
fa90bd61-4b84-49c3-af1a-e5ff3074f547,dd102ab7-56d3-4d73-ae35-646383c140e3,3111,1785908392133743709,1785908392624242709,490,true,0.599509,0.420847
fa90bd61-4b84-49c3-af1a-e5ff3074f547,dd102ab7-56d3-4d73-ae35-646383c140e3,3112,1785908392659253709,1785908392954492709,295,true,0.58854,0.31177
fa90bd61-4b84-49c3-af1a-e5ff3074f547,dd102ab7-56d3-4d73-ae35-646383c140e3,3113,1785908393094624709,1785908393264742709,170,true,0.575844,0.376145
fa90bd61-4b84-49c3-af1a-e5ff3074f547,dd102ab7-56d3-4d73-ae35-646383c140e3,3114,1785908393304867709,1785908393560117709,255,true,0.457018,0.318369
fa90bd61-4b84-49c3-af1a-e5ff3074f547,dd102ab7-56d3-4d73-ae35-646383c140e3,3115,1785908393600117709,1785908393785255709,185,true,0.58645,0.350854
fa90bd61-4b84-49c3-af1a-e5ff3074f547,dd102ab7-56d3-4d73-ae35-646383c140e3,3116,1785908393815370709,1785908394070617709,255,true,0.467845,0.344312
fa90bd61-4b84-49c3-af1a-e5ff3074f547,dd102ab7-56d3-4d73-ae35-646383c140e3,3117,1785908394195616709,1785908395787123709,1591,true,0.454766,0.302853
fa90bd61-4b84-49c3-af1a-e5ff3074f547,dd102ab7-56d3-4d73-ae35-646383c140e3,3118,1785908395897256709,1785908396067491709,170,true,0.458954,0.247483
fa90bd61-4b84-49c3-af1a-e5ff3074f547,dd102ab7-56d3-4d73-ae35-646383c140e3,3119,1785908396102491709,1785908396277616709,175,true,0.570552,0.050957
fa90bd61-4b84-49c3-af1a-e5ff3074f547,dd102ab7-56d3-4d73-ae35-646383c140e3,3120,1785908396302615709,1785908396522871709,220,false,0.528417,-0.064658
fa90bd61-4b84-49c3-af1a-e5ff3074f547,dd102ab7-56d3-4d73-ae35-646383c140e3,3121,1785908396602990709,1785908396727998709,125,true,0.8239,0.388659
fa90bd61-4b84-49c3-af1a-e5ff3074f547,dd102ab7-56d3-4d73-ae35-646383c140e3,3122,1785908396798115709,1785908396898240709,100,true,1.01694,0.098088
fa90bd61-4b84-49c3-af1a-e5ff3074f547,dd102ab7-56d3-4d73-ae35-646383c140e3,3123,1785908396958240709,1785908397093365709,135,true,0.554591,0.169939
fa90bd61-4b84-49c3-af1a-e5ff3074f547,dd102ab7-56d3-4d73-ae35-646383c140e3,3124,1785908397123365709,1785908397633865709,510,true,0.5095,0.106732
fa90bd61-4b84-49c3-af1a-e5ff3074f547,dd102ab7-56d3-4d73-ae35-646383c140e3,3125,1785908397673990709,1785908398204494709,530,true,0.536224,0.3766
fa90bd61-4b84-49c3-af1a-e5ff3074f547,dd102ab7-56d3-4d73-ae35-646383c140e3,3126,1785908398329489709,1785908398609864709,280,true,0.48736,0.131621
fa90bd61-4b84-49c3-af1a-e5ff3074f547,dd102ab7-56d3-4d73-ae35-646383c140e3,3127,1785908398674864709,1785908398819989709,145,true,0.563155,0.485537
fa90bd61-4b84-49c3-af1a-e5ff3074f547,dd102ab7-56d3-4d73-ae35-646383c140e3,3128,1785908398844989709,1785908399345489709,500,true,0.532306,0.388623
fa90bd61-4b84-49c3-af1a-e5ff3074f547,dd102ab7-56d3-4d73-ae35-646383c140e3,3129,1785908399385489709,1785908399925989709,540,true,0.531892,0.097784
fa90bd61-4b84-49c3-af1a-e5ff3074f547,dd102ab7-56d3-4d73-ae35-646383c140e3,3130,1785908399971114709,1785908400226370709,255,true,0.522223,0.408351
fa90bd61-4b84-49c3-af1a-e5ff3074f547,dd102ab7-56d3-4d73-ae35-646383c140e3,3131,1785908400256364709,1785908400606738709,350,true,0.536626,0.526988
fa90bd61-4b84-49c3-af1a-e5ff3074f547,dd102ab7-56d3-4d73-ae35-646383c140e3,3132,1785908400641738709,1785908400786869709,145,true,0.662482,0.634518
fa90bd61-4b84-49c3-af1a-e5ff3074f547,dd102ab7-56d3-4d73-ae35-646383c140e3,3133,1785908400826868709,1785908401347363709,520,true,0.517951,0.404567
fa90bd61-4b84-49c3-af1a-e5ff3074f547,dd102ab7-56d3-4d73-ae35-646383c140e3,3134,1785908401442488709,1785908401992988709,550,true,0.521655,0.43469
fa90bd61-4b84-49c3-af1a-e5ff3074f547,dd102ab7-56d3-4d73-ae35-646383c140e3,3135,1785908402032991709,1785908402608613709,575,true,0.673722,0.649918
fa90bd61-4b84-49c3-af1a-e5ff3074f547,dd102ab7-56d3-4d73-ae35-646383c140e3,3136,1785908402643617709,1785908402958862709,315,true,0.520184,0.40997
fa90bd61-4b84-49c3-af1a-e5ff3074f547,dd102ab7-56d3-4d73-ae35-646383c140e3,3137,1785908403003987709,1785908403359237709,355,true,0.677553,0.644588
fa90bd61-4b84-49c3-af1a-e5ff3074f547,dd102ab7-56d3-4d73-ae35-646383c140e3,3138,1785908403484362709,1785908403609487709,125,true,0.562119,0.407507
fa90bd61-4b84-49c3-af1a-e5ff3074f547,dd102ab7-56d3-4d73-ae35-646383c140e3,3139,1785908403634497709,1785908404019862709,385,true,0.590584,0.447501
fa90bd61-4b84-49c3-af1a-e5ff3074f547,dd102ab7-56d3-4d73-ae35-646383c140e3,3140,1785908404054862709,1785908404189987709,135,true,0.595218,0.368301
fa90bd61-4b84-49c3-af1a-e5ff3074f547,dd102ab7-56d3-4d73-ae35-646383c140e3,3141,1785908404225112709,1785908404455237709,230,true,0.460786,0.311264
fa90bd61-4b84-49c3-af1a-e5ff3074f547,dd102ab7-56d3-4d73-ae35-646383c140e3,3142,1785908404505365709,1785908404665486709,160,true,0.598028,0.416525
fa90bd61-4b84-49c3-af1a-e5ff3074f547,dd102ab7-56d3-4d73-ae35-646383c140e3,3143,1785908404790611709,1785908405075861709,285,true,0.54142,0.62019
fa90bd61-4b84-49c3-af1a-e5ff3074f547,dd102ab7-56d3-4d73-ae35-646383c140e3,3144,1785908405090861709,1785908405546361709,455,true,0.51804,0.651055
fa90bd61-4b84-49c3-af1a-e5ff3074f547,dd102ab7-56d3-4d73-ae35-646383c140e3,3145,1785908405586361709,1785908405736493709,150,true,0.427357,0.595584
fa90bd61-4b84-49c3-af1a-e5ff3074f547,dd102ab7-56d3-4d73-ae35-646383c140e3,3146,1785908405841611709,1785908406397111709,555,true,0.58272,0.417744
fa90bd61-4b84-49c3-af1a-e5ff3074f547,dd102ab7-56d3-4d73-ae35-646383c140e3,3147,1785908406432111709,1785908406712365709,280,true,0.467487,0.296735
fa90bd61-4b84-49c3-af1a-e5ff3074f547,dd102ab7-56d3-4d73-ae35-646383c140e3,3148,1785908406747485709,1785908407052736709,305,true,0.618306,0.358492
fa90bd61-4b84-49c3-af1a-e5ff3074f547,dd102ab7-56d3-4d73-ae35-646383c140e3,3149,1785908407122735709,1785908407337985709,215,true,0.910603,0.071577
fa90bd61-4b84-49c3-af1a-e5ff3074f547,dd102ab7-56d3-4d73-ae35-646383c140e3,3150,1785908407413110709,1785908407558240709,145,true,0.433537,0.200856
fa90bd61-4b84-49c3-af1a-e5ff3074f547,dd102ab7-56d3-4d73-ae35-646383c140e3,3151,1785908407693360709,1785908408058610709,365,true,0.559886,0.264456
fa90bd61-4b84-49c3-af1a-e5ff3074f547,dd102ab7-56d3-4d73-ae35-646383c140e3,3152,1785908408098735709,1785908408383990709,285,true,0.521985,0.045457
fa90bd61-4b84-49c3-af1a-e5ff3074f547,dd102ab7-56d3-4d73-ae35-646383c140e3,3153,1785908408413985709,1785908408799360709,385,true,0.514956,0.157641
fa90bd61-4b84-49c3-af1a-e5ff3074f547,dd102ab7-56d3-4d73-ae35-646383c140e3,3154,1785908408824365709,1785908409024610709,200,true,0.499669,0.094604
fa90bd61-4b84-49c3-af1a-e5ff3074f547,dd102ab7-56d3-4d73-ae35-646383c140e3,3155,1785908409079609709,1785908409509988709,430,true,0.502086,0.438341
fa90bd61-4b84-49c3-af1a-e5ff3074f547,dd102ab7-56d3-4d73-ae35-646383c140e3,3156,1785908409625109709,1785908409815359709,190,true,0.379831,0.612081
fa90bd61-4b84-49c3-af1a-e5ff3074f547,dd102ab7-56d3-4d73-ae35-646383c140e3,3157,1785908409850359709,1785908410175612709,325,true,0.497818,0.58711
fa90bd61-4b84-49c3-af1a-e5ff3074f547,dd102ab7-56d3-4d73-ae35-646383c140e3,3158,1785908410210734709,1785908410585984709,375,true,0.508546,0.421121
fa90bd61-4b84-49c3-af1a-e5ff3074f547,dd102ab7-56d3-4d73-ae35-646383c140e3,3159,1785908410641109709,1785908410916359709,275,true,0.512816,0.795494
fa90bd61-4b84-49c3-af1a-e5ff3074f547,dd102ab7-56d3-4d73-ae35-646383c140e3,3160,1785908410966359709,1785908411777108709,810,true,0.50524,0.437158
fa90bd61-4b84-49c3-af1a-e5ff3074f547,dd102ab7-56d3-4d73-ae35-646383c140e3,3161,1785908411822235709,1785908411992358709,170,true,0.512752,0.702583
fa90bd61-4b84-49c3-af1a-e5ff3074f547,dd102ab7-56d3-4d73-ae35-646383c140e3,3162,1785908412027358709,1785908412197608709,170,true,0.507651,0.841488
fa90bd61-4b84-49c3-af1a-e5ff3074f547,dd102ab7-56d3-4d73-ae35-646383c140e3,3163,1785908412242608709,1785908412382744709,140,true,0.499783,0.42981
fa90bd61-4b84-49c3-af1a-e5ff3074f547,dd102ab7-56d3-4d73-ae35-646383c140e3,3164,1785908412422733709,1785908412657983709,235,true,0.507812,0.135179
fa90bd61-4b84-49c3-af1a-e5ff3074f547,dd102ab7-56d3-4d73-ae35-646383c140e3,3165,1785908412858108709,1785908413408732709,550,true,0.553426,0.602097
fa90bd61-4b84-49c3-af1a-e5ff3074f547,dd102ab7-56d3-4d73-ae35-646383c140e3,3166,1785908413443732709,1785908413688982709,245,true,0.51311,0.808922
fa90bd61-4b84-49c3-af1a-e5ff3074f547,dd102ab7-56d3-4d73-ae35-646383c140e3,3167,1785908413733983709,1785908414704857709,970,true,0.512268,0.429445
fa90bd61-4b84-49c3-af1a-e5ff3074f547,dd102ab7-56d3-4d73-ae35-646383c140e3,3168,1785908414739982709,1785908414995232709,255,true,0.604526,0.456407
fa90bd61-4b84-49c3-af1a-e5ff3074f547,dd102ab7-56d3-4d73-ae35-646383c140e3,3169,1785908415110232709,1785908415675857709,565,true,0.576301,0.366153
fa90bd61-4b84-49c3-af1a-e5ff3074f547,dd102ab7-56d3-4d73-ae35-646383c140e3,3170,1785908415815981709,1785908416281356709,465,true,0.653169,0.333966
fa90bd61-4b84-49c3-af1a-e5ff3074f547,dd102ab7-56d3-4d73-ae35-646383c140e3,3171,1785908416701731709,1785908416886981709,185,true,0.633855,0.312039
fa90bd61-4b84-49c3-af1a-e5ff3074f547,dd102ab7-56d3-4d73-ae35-646383c140e3,3172,1785908417167231709,1785908417272356709,105,true,0.422712,0.3208
fa90bd61-4b84-49c3-af1a-e5ff3074f547,dd102ab7-56d3-4d73-ae35-646383c140e3,3176,1785908418518495709,1785908418608605709,90,true,0.346426,0.277909
fa90bd61-4b84-49c3-af1a-e5ff3074f547,dd102ab7-56d3-4d73-ae35-646383c140e3,3177,1785908419169105709,1785908419214105709,45,true,0.50658,0.33833
fa90bd61-4b84-49c3-af1a-e5ff3074f547,dd102ab7-56d3-4d73-ae35-646383c140e3,3179,1785908419869730709,1785908420179979709,310,true,0.518629,0.123521
fa90bd61-4b84-49c3-af1a-e5ff3074f547,dd102ab7-56d3-4d73-ae35-646383c140e3,3180,1785908420250118709,1785908420520354709,270,true,0.543838,0.531921
fa90bd61-4b84-49c3-af1a-e5ff3074f547,dd102ab7-56d3-4d73-ae35-646383c140e3,3181,1785908420750604709,1785908420805604709,55,true,0.386218,0.636149
fa90bd61-4b84-49c3-af1a-e5ff3074f547,dd102ab7-56d3-4d73-ae35-646383c140e3,3182,1785908421030854709,1785908421125980709,95,true,0.507203,0.773604
fa90bd61-4b84-49c3-af1a-e5ff3074f547,dd102ab7-56d3-4d73-ae35-646383c140e3,3185,1785908421846604709,1785908421916604709,70,true,0.490575,0.433241
fa90bd61-4b84-49c3-af1a-e5ff3074f547,dd102ab7-56d3-4d73-ae35-646383c140e3,3187,1785908422477228709,1785908422522228709,45,true,0.36016,0.619163
fa90bd61-4b84-49c3-af1a-e5ff3074f547,dd102ab7-56d3-4d73-ae35-646383c140e3,3188,1785908422602364709,1785908422842489709,240,true,0.486688,0.47182
fa90bd61-4b84-49c3-af1a-e5ff3074f547,dd102ab7-56d3-4d73-ae35-646383c140e3,3189,1785908422882603709,1785908423037728709,155,true,0.519311,0.083388
fa90bd61-4b84-49c3-af1a-e5ff3074f547,dd102ab7-56d3-4d73-ae35-646383c140e3,3190,1785908423092728709,1785908423347978709,255,true,0.505893,0.482903
fa90bd61-4b84-49c3-af1a-e5ff3074f547,dd102ab7-56d3-4d73-ae35-646383c140e3,3191,1785908423372978709,1785908423493103709,120,true,0.517732,0.402832
fa90bd61-4b84-49c3-af1a-e5ff3074f547,dd102ab7-56d3-4d73-ae35-646383c140e3,3192,1785908423528233709,1785908423813478709,285,true,0.376055,0.612207
fa90bd61-4b84-49c3-af1a-e5ff3074f547,dd102ab7-56d3-4d73-ae35-646383c140e3,3193,1785908423853478709,1785908424148728709,295,true,0.506872,0.413807
fa90bd61-4b84-49c3-af1a-e5ff3074f547,dd102ab7-56d3-4d73-ae35-646383c140e3,3194,1785908424293853709,1785908424454102709,160,true,0.505489,0.467372
fa90bd61-4b84-49c3-af1a-e5ff3074f547,dd102ab7-56d3-4d73-ae35-646383c140e3,3195,1785908424494103709,1785908424734352709,240,true,0.363798,0.608345
fa90bd61-4b84-49c3-af1a-e5ff3074f547,dd102ab7-56d3-4d73-ae35-646383c140e3,3196,1785908424769353709,1785908425675227709,905,true,0.517998,0.559368
fa90bd61-4b84-49c3-af1a-e5ff3074f547,dd102ab7-56d3-4d73-ae35-646383c140e3,3197,1785908425715227709,1785908425930477709,215,true,0.654113,0.635961
fa90bd61-4b84-49c3-af1a-e5ff3074f547,dd102ab7-56d3-4d73-ae35-646383c140e3,3198,1785908425965477709,1785908426270727709,305,true,0.525847,0.802965
fa90bd61-4b84-49c3-af1a-e5ff3074f547,dd102ab7-56d3-4d73-ae35-646383c140e3,3199,1785908426315727709,1785908426535976709,220,true,0.357042,0.619194
fa90bd61-4b84-49c3-af1a-e5ff3074f547,dd102ab7-56d3-4d73-ae35-646383c140e3,3200,1785908426575977709,1785908427056476709,480,true,0.509642,0.523874
fa90bd61-4b84-49c3-af1a-e5ff3074f547,dd102ab7-56d3-4d73-ae35-646383c140e3,3201,1785908427096476709,1785908427216601709,120,true,0.495783,0.718012
fa90bd61-4b84-49c3-af1a-e5ff3074f547,dd102ab7-56d3-4d73-ae35-646383c140e3,3202,1785908427391851709,1785908427877226709,485,true,0.49886,0.433157
fa90bd61-4b84-49c3-af1a-e5ff3074f547,dd102ab7-56d3-4d73-ae35-646383c140e3,3203,1785908427927234709,1785908428167476709,240,true,0.510009,0.821783
fa90bd61-4b84-49c3-af1a-e5ff3074f547,dd102ab7-56d3-4d73-ae35-646383c140e3,3204,1785908428212601709,1785908428352726709,140,true,0.504105,0.584443
fa90bd61-4b84-49c3-af1a-e5ff3074f547,dd102ab7-56d3-4d73-ae35-646383c140e3,3205,1785908428387726709,1785908428723101709,335,true,0.360854,0.614088
fa90bd61-4b84-49c3-af1a-e5ff3074f547,dd102ab7-56d3-4d73-ae35-646383c140e3,3206,1785908428753101709,1785908428863225709,110,true,0.509479,0.550443
fa90bd61-4b84-49c3-af1a-e5ff3074f547,dd102ab7-56d3-4d73-ae35-646383c140e3,3207,1785908428998350709,1785908429313600709,315,true,0.512042,0.512444
fa90bd61-4b84-49c3-af1a-e5ff3074f547,dd102ab7-56d3-4d73-ae35-646383c140e3,3208,1785908429348608709,1785908429758989709,410,true,0.383927,0.596385
fa90bd61-4b84-49c3-af1a-e5ff3074f547,dd102ab7-56d3-4d73-ae35-646383c140e3,3209,1785908429794100709,1785908430034236709,240,true,0.625666,0.638934
fa90bd61-4b84-49c3-af1a-e5ff3074f547,dd102ab7-56d3-4d73-ae35-646383c140e3,3210,1785908430069350709,1785908431110224709,1040,true,0.499667,0.441642
fa90bd61-4b84-49c3-af1a-e5ff3074f547,dd102ab7-56d3-4d73-ae35-646383c140e3,3211,1785908431145349709,1785908431320478709,175,true,0.36355,0.608767
fa90bd61-4b84-49c3-af1a-e5ff3074f547,dd102ab7-56d3-4d73-ae35-646383c140e3,3212,1785908431365479709,1785908431710849709,345,true,0.486652,0.416731
fa90bd61-4b84-49c3-af1a-e5ff3074f547,dd102ab7-56d3-4d73-ae35-646383c140e3,3213,1785908431740849709,1785908431986099709,245,true,0.589353,0.446099
fa90bd61-4b84-49c3-af1a-e5ff3074f547,dd102ab7-56d3-4d73-ae35-646383c140e3,3214,1785908432026099709,1785908432131224709,105,true,0.585453,0.322464
fa90bd61-4b84-49c3-af1a-e5ff3074f547,dd102ab7-56d3-4d73-ae35-646383c140e3,3215,1785908432261349709,1785908432481599709,220,true,0.597271,0.360645
fa90bd61-4b84-49c3-af1a-e5ff3074f547,dd102ab7-56d3-4d73-ae35-646383c140e3,3216,1785908432506609709,1785908432781849709,275,true,0.640333,0.362956
fa90bd61-4b84-49c3-af1a-e5ff3074f547,dd102ab7-56d3-4d73-ae35-646383c140e3,3217,1785908432816849709,1785908433247223709,430,true,0.562056,0.335778
fa90bd61-4b84-49c3-af1a-e5ff3074f547,dd102ab7-56d3-4d73-ae35-646383c140e3,3218,1785908433282348709,1785908433542598709,260,true,0.442259,0.318214
fa90bd61-4b84-49c3-af1a-e5ff3074f547,dd102ab7-56d3-4d73-ae35-646383c140e3,3219,1785908433697723709,1785908434458473709,760,true,0.578885,0.345194
fa90bd61-4b84-49c3-af1a-e5ff3074f547,dd102ab7-56d3-4d73-ae35-646383c140e3,3220,1785908434493478709,1785908434913848709,420,true,0.653551,0.354548
fa90bd61-4b84-49c3-af1a-e5ff3074f547,dd102ab7-56d3-4d73-ae35-646383c140e3,3221,1785908434943848709,1785908435284234709,340,true,0.580784,0.454362
fa90bd61-4b84-49c3-af1a-e5ff3074f547,dd102ab7-56d3-4d73-ae35-646383c140e3,3222,1785908435464347709,1785908435684597709,220,true,0.786096,-0.001385
fa90bd61-4b84-49c3-af1a-e5ff3074f547,dd102ab7-56d3-4d73-ae35-646383c140e3,3223,1785908435744597709,1785908435909733709,165,true,0.480924,0.398977
fa90bd61-4b84-49c3-af1a-e5ff3074f547,dd102ab7-56d3-4d73-ae35-646383c140e3,3224,1785908435944851709,1785908436315107709,370,true,0.498859,0.221036
fa90bd61-4b84-49c3-af1a-e5ff3074f547,dd102ab7-56d3-4d73-ae35-646383c140e3,3225,1785908436335222709,1785908436625472709,290,true,0.512115,0.15934
fa90bd61-4b84-49c3-af1a-e5ff3074f547,dd102ab7-56d3-4d73-ae35-646383c140e3,3226,1785908436670472709,1785908436815597709,145,true,0.49131,0.424281
fa90bd61-4b84-49c3-af1a-e5ff3074f547,dd102ab7-56d3-4d73-ae35-646383c140e3,3227,1785908436860727709,1785908437025847709,165,true,0.590795,0.309933
fa90bd61-4b84-49c3-af1a-e5ff3074f547,dd102ab7-56d3-4d73-ae35-646383c140e3,3228,1785908437065847709,1785908437611346709,545,true,0.508698,0.170716
fa90bd61-4b84-49c3-af1a-e5ff3074f547,dd102ab7-56d3-4d73-ae35-646383c140e3,3229,1785908437656471709,1785908437856601709,200,true,0.505727,0.521021
fa90bd61-4b84-49c3-af1a-e5ff3074f547,dd102ab7-56d3-4d73-ae35-646383c140e3,3230,1785908437901596709,1785908438031721709,130,true,0.369891,0.628457
fa90bd61-4b84-49c3-af1a-e5ff3074f547,dd102ab7-56d3-4d73-ae35-646383c140e3,3231,1785908438176855709,1785908438537221709,360,true,0.362299,0.624536
fa90bd61-4b84-49c3-af1a-e5ff3074f547,dd102ab7-56d3-4d73-ae35-646383c140e3,3232,1785908438577235709,1785908439077721709,500,true,0.490467,0.465161
fa90bd61-4b84-49c3-af1a-e5ff3074f547,dd102ab7-56d3-4d73-ae35-646383c140e3,3233,1785908439102721709,1785908439327971709,225,true,0.467599,0.56776
fa90bd61-4b84-49c3-af1a-e5ff3074f547,dd102ab7-56d3-4d73-ae35-646383c140e3,3234,1785908439367971709,1785908439743346709,375,true,0.35381,0.621908
fa90bd61-4b84-49c3-af1a-e5ff3074f547,dd102ab7-56d3-4d73-ae35-646383c140e3,3235,1785908439893471709,1785908440343970709,450,true,0.372886,0.656001
fa90bd61-4b84-49c3-af1a-e5ff3074f547,dd102ab7-56d3-4d73-ae35-646383c140e3,3236,1785908440383970709,1785908440819345709,435,true,0.493448,0.454356
fa90bd61-4b84-49c3-af1a-e5ff3074f547,dd102ab7-56d3-4d73-ae35-646383c140e3,3237,1785908440849470709,1785908441309845709,460,true,0.492902,0.539573
fa90bd61-4b84-49c3-af1a-e5ff3074f547,dd102ab7-56d3-4d73-ae35-646383c140e3,3238,1785908441334845709,1785908441570099709,235,true,0.485899,0.43391
fa90bd61-4b84-49c3-af1a-e5ff3074f547,dd102ab7-56d3-4d73-ae35-646383c140e3,3239,1785908441615095709,1785908441800345709,185,true,0.376676,0.598301
fa90bd61-4b84-49c3-af1a-e5ff3074f547,dd102ab7-56d3-4d73-ae35-646383c140e3,3240,1785908441840345709,1785908442140595709,300,true,0.493719,0.438343
fa90bd61-4b84-49c3-af1a-e5ff3074f547,dd102ab7-56d3-4d73-ae35-646383c140e3,3241,1785908442180720709,1785908442495969709,315,true,0.380568,0.614846
fa90bd61-4b84-49c3-af1a-e5ff3074f547,dd102ab7-56d3-4d73-ae35-646383c140e3,3242,1785908442540969709,1785908442756221709,215,true,0.490671,0.421262
fa90bd61-4b84-49c3-af1a-e5ff3074f547,dd102ab7-56d3-4d73-ae35-646383c140e3,3243,1785908442786219709,1785908443021469709,235,true,0.581535,0.474204
fa90bd61-4b84-49c3-af1a-e5ff3074f547,dd102ab7-56d3-4d73-ae35-646383c140e3,3244,1785908443056469709,1785908443181594709,125,true,0.576706,0.353242
fa90bd61-4b84-49c3-af1a-e5ff3074f547,dd102ab7-56d3-4d73-ae35-646383c140e3,3245,1785908443226594709,1785908443321719709,95,true,0.447398,0.30443
fa90bd61-4b84-49c3-af1a-e5ff3074f547,dd102ab7-56d3-4d73-ae35-646383c140e3,3246,1785908443426844709,1785908443626974709,200,true,0.588773,0.440689
fa90bd61-4b84-49c3-af1a-e5ff3074f547,dd102ab7-56d3-4d73-ae35-646383c140e3,3247,1785908443647098709,1785908444292594709,645,true,0.574696,0.358974
fa90bd61-4b84-49c3-af1a-e5ff3074f547,dd102ab7-56d3-4d73-ae35-646383c140e3,3248,1785908444327719709,1785908444773098709,445,true,0.657647,0.349235
fa90bd61-4b84-49c3-af1a-e5ff3074f547,dd102ab7-56d3-4d73-ae35-646383c140e3,3249,1785908444808106709,1785908445028343709,220,true,0.569932,0.465364
fa90bd61-4b84-49c3-af1a-e5ff3074f547,dd102ab7-56d3-4d73-ae35-646383c140e3,3250,1785908445058343709,1785908445258607709,200,true,0.597217,0.334893
fa90bd61-4b84-49c3-af1a-e5ff3074f547,dd102ab7-56d3-4d73-ae35-646383c140e3,3251,1785908445303593709,1785908445513851709,210,true,0.469282,0.484909
fa90bd61-4b84-49c3-af1a-e5ff3074f547,dd102ab7-56d3-4d73-ae35-646383c140e3,3252,1785908445543843709,1785908445999218709,455,true,0.574415,0.488352
fa90bd61-4b84-49c3-af1a-e5ff3074f547,dd102ab7-56d3-4d73-ae35-646383c140e3,3253,1785908446044355709,1785908446284467709,240,true,0.467307,0.290007
fa90bd61-4b84-49c3-af1a-e5ff3074f547,dd102ab7-56d3-4d73-ae35-646383c140e3,3254,1785908446479717709,1785908446634842709,155,true,0.500773,0.355182
fa90bd61-4b84-49c3-af1a-e5ff3074f547,dd102ab7-56d3-4d73-ae35-646383c140e3,3255,1785908446694842709,1785908446845092709,150,true,0.777323,0.169428
fa90bd61-4b84-49c3-af1a-e5ff3074f547,dd102ab7-56d3-4d73-ae35-646383c140e3,3256,1785908446910099709,1785908447085217709,175,true,0.517002,0.39713
fa90bd61-4b84-49c3-af1a-e5ff3074f547,dd102ab7-56d3-4d73-ae35-646383c140e3,3257,1785908447130342709,1785908447390593709,260,true,0.587751,0.301401
fa90bd61-4b84-49c3-af1a-e5ff3074f547,dd102ab7-56d3-4d73-ae35-646383c140e3,3258,1785908447425596709,1785908447845967709,420,true,0.530993,0.164679
fa90bd61-4b84-49c3-af1a-e5ff3074f547,dd102ab7-56d3-4d73-ae35-646383c140e3,3259,1785908447895967709,1785908448181342709,285,true,0.492254,0.489516
fa90bd61-4b84-49c3-af1a-e5ff3074f547,dd102ab7-56d3-4d73-ae35-646383c140e3,3260,1785908448216344709,1785908448421467709,205,true,0.383188,0.642394
fa90bd61-4b84-49c3-af1a-e5ff3074f547,dd102ab7-56d3-4d73-ae35-646383c140e3,3261,1785908448721841709,1785908448871966709,150,true,0.643981,0.659804
fa90bd61-4b84-49c3-af1a-e5ff3074f547,dd102ab7-56d3-4d73-ae35-646383c140e3,3262,1785908448931966709,1785908449022091709,90,true,0.323093,0.663677
fa90bd61-4b84-49c3-af1a-e5ff3074f547,dd102ab7-56d3-4d73-ae35-646383c140e3,3263,1785908449152216709,1785908449322341709,170,true,0.320737,0.565652
fa90bd61-4b84-49c3-af1a-e5ff3074f547,dd102ab7-56d3-4d73-ae35-646383c140e3,3264,1785908449362341709,1785908449747716709,385,true,0.520623,0.57885
fa90bd61-4b84-49c3-af1a-e5ff3074f547,dd102ab7-56d3-4d73-ae35-646383c140e3,3265,1785908449777841709,1785908449977966709,200,true,0.63627,0.641356
fa90bd61-4b84-49c3-af1a-e5ff3074f547,dd102ab7-56d3-4d73-ae35-646383c140e3,3266,1785908450027966709,1785908450378341709,350,true,0.502362,0.440516
fa90bd61-4b84-49c3-af1a-e5ff3074f547,dd102ab7-56d3-4d73-ae35-646383c140e3,3267,1785908450518466709,1785908450733723709,215,true,0.530565,0.755135
fa90bd61-4b84-49c3-af1a-e5ff3074f547,dd102ab7-56d3-4d73-ae35-646383c140e3,3268,1785908450758715709,1785908451284215709,525,true,0.506879,0.59882
fa90bd61-4b84-49c3-af1a-e5ff3074f547,dd102ab7-56d3-4d73-ae35-646383c140e3,3269,1785908451324215709,1785908451524465709,200,true,0.354836,0.661795
fa90bd61-4b84-49c3-af1a-e5ff3074f547,dd102ab7-56d3-4d73-ae35-646383c140e3,3270,1785908451574466709,1785908452044965709,470,true,0.629877,0.621875
fa90bd61-4b84-49c3-af1a-e5ff3074f547,dd102ab7-56d3-4d73-ae35-646383c140e3,3271,1785908452134965709,1785908452300090709,165,true,0.359441,0.674003
fa90bd61-4b84-49c3-af1a-e5ff3074f547,dd102ab7-56d3-4d73-ae35-646383c140e3,3272,1785908452555340709,1785908452600468709,45,true,0.469913,0.642271
fa90bd61-4b84-49c3-af1a-e5ff3074f547,dd102ab7-56d3-4d73-ae35-646383c140e3,3273,1785908452880714709,1785908452930714709,50,true,0.496161,0.62864
fa90bd61-4b84-49c3-af1a-e5ff3074f547,dd102ab7-56d3-4d73-ae35-646383c140e3,3274,1785908453256089709,1785908453456214709,200,true,0.60648,0.559825
fa90bd61-4b84-49c3-af1a-e5ff3074f547,dd102ab7-56d3-4d73-ae35-646383c140e3,3275,1785908454001714709,1785908454011714709,10,true,0.587605,0.646913
fa90bd61-4b84-49c3-af1a-e5ff3074f547,dd102ab7-56d3-4d73-ae35-646383c140e3,3276,1785908454467214709,1785908454587339709,120,true,0.610662,0.339779
fa90bd61-4b84-49c3-af1a-e5ff3074f547,dd102ab7-56d3-4d73-ae35-646383c140e3,3277,1785908454697339709,1785908454792464709,95,true,0.577159,0.568802
fa90bd61-4b84-49c3-af1a-e5ff3074f547,dd102ab7-56d3-4d73-ae35-646383c140e3,3278,1785908454897602709,1785908455257963709,360,true,0.612296,0.453409
fa90bd61-4b84-49c3-af1a-e5ff3074f547,dd102ab7-56d3-4d73-ae35-646383c140e3,3279,1785908455723338709,1785908456609213709,885,true,0.585185,0.434157
fa90bd61-4b84-49c3-af1a-e5ff3074f547,dd102ab7-56d3-4d73-ae35-646383c140e3,3280,1785908456934463709,1785908456979472709,45,true,0.611073,0.284208
fa90bd61-4b84-49c3-af1a-e5ff3074f547,dd102ab7-56d3-4d73-ae35-646383c140e3,3281,1785908457119723709,1785908457164723709,45,true,0.931666,0.091435
fa90bd61-4b84-49c3-af1a-e5ff3074f547,dd102ab7-56d3-4d73-ae35-646383c140e3,3282,1785908457349838709,1785908457404973709,55,true,0.494433,0.457825
fa90bd61-4b84-49c3-af1a-e5ff3074f547,dd102ab7-56d3-4d73-ae35-646383c140e3,3283,1785908457525088709,1785908457585087709,59,true,0.287676,0.212264
fa90bd61-4b84-49c3-af1a-e5ff3074f547,dd102ab7-56d3-4d73-ae35-646383c140e3,3284,1785908457695212709,1785908458100587709,405,true,0.5363,0.096171
fa90bd61-4b84-49c3-af1a-e5ff3074f547,dd102ab7-56d3-4d73-ae35-646383c140e3,3285,1785908458165587709,1785908458390837709,225,true,0.510492,0.551368
fa90bd61-4b84-49c3-af1a-e5ff3074f547,dd102ab7-56d3-4d73-ae35-646383c140e3,3286,1785908458425837709,1785908458896337709,470,true,0.664791,0.602327
fa90bd61-4b84-49c3-af1a-e5ff3074f547,dd102ab7-56d3-4d73-ae35-646383c140e3,3287,1785908458931337709,1785908459266716709,335,true,0.524165,0.388505
fa90bd61-4b84-49c3-af1a-e5ff3074f547,dd102ab7-56d3-4d73-ae35-646383c140e3,3288,1785908459306712709,1785908459521962709,215,true,0.367789,0.607167
fa90bd61-4b84-49c3-af1a-e5ff3074f547,dd102ab7-56d3-4d73-ae35-646383c140e3,3289,1785908459561961709,1785908459767086709,205,true,0.519056,0.763199
fa90bd61-4b84-49c3-af1a-e5ff3074f547,dd102ab7-56d3-4d73-ae35-646383c140e3,3290,1785908459812211709,1785908459957336709,145,true,0.535908,0.423474
fa90bd61-4b84-49c3-af1a-e5ff3074f547,dd102ab7-56d3-4d73-ae35-646383c140e3,3291,1785908459997336709,1785908460287586709,290,true,0.669379,0.624023
fa90bd61-4b84-49c3-af1a-e5ff3074f547,dd102ab7-56d3-4d73-ae35-646383c140e3,3292,1785908460327711709,1785908460988336709,660,true,0.535845,0.394158
fa90bd61-4b84-49c3-af1a-e5ff3074f547,dd102ab7-56d3-4d73-ae35-646383c140e3,3293,1785908461123461709,1785908461333586709,210,true,0.543906,0.456016
fa90bd61-4b84-49c3-af1a-e5ff3074f547,dd102ab7-56d3-4d73-ae35-646383c140e3,3294,1785908461373590709,1785908461513836709,140,true,0.665185,0.575518
fa90bd61-4b84-49c3-af1a-e5ff3074f547,dd102ab7-56d3-4d73-ae35-646383c140e3,3295,1785908461568836709,1785908461859085709,290,true,0.532887,0.161381
fa90bd61-4b84-49c3-af1a-e5ff3074f547,dd102ab7-56d3-4d73-ae35-646383c140e3,3296,1785908461904210709,1785908462124335709,220,true,0.557915,0.450893
fa90bd61-4b84-49c3-af1a-e5ff3074f547,dd102ab7-56d3-4d73-ae35-646383c140e3,3297,1785908462174342709,1785908462374599709,200,true,0.382112,0.647281
fa90bd61-4b84-49c3-af1a-e5ff3074f547,dd102ab7-56d3-4d73-ae35-646383c140e3,3298,1785908462419585709,1785908462654835709,235,true,0.594351,0.43671
fa90bd61-4b84-49c3-af1a-e5ff3074f547,dd102ab7-56d3-4d73-ae35-646383c140e3,3299,1785908462689835709,1785908463050210709,360,true,0.521378,0.613681
fa90bd61-4b84-49c3-af1a-e5ff3074f547,dd102ab7-56d3-4d73-ae35-646383c140e3,3300,1785908463200344709,1785908463420596709,220,true,0.497264,0.612351
fa90bd61-4b84-49c3-af1a-e5ff3074f547,dd102ab7-56d3-4d73-ae35-646383c140e3,3301,1785908463455585709,1785908463906084709,450,true,0.399865,0.626786
fa90bd61-4b84-49c3-af1a-e5ff3074f547,dd102ab7-56d3-4d73-ae35-646383c140e3,3302,1785908463936093709,1785908464241335709,305,true,0.525906,0.596354
fa90bd61-4b84-49c3-af1a-e5ff3074f547,dd102ab7-56d3-4d73-ae35-646383c140e3,3303,1785908464266335709,1785908464721834709,455,true,0.615072,0.605978
fa90bd61-4b84-49c3-af1a-e5ff3074f547,dd102ab7-56d3-4d73-ae35-646383c140e3,3304,1785908464756839709,1785908465317334709,560,true,0.424074,0.640856
fa90bd61-4b84-49c3-af1a-e5ff3074f547,dd102ab7-56d3-4d73-ae35-646383c140e3,3305,1785908465357334709,1785908465937959709,580,true,0.595086,0.440107
fa90bd61-4b84-49c3-af1a-e5ff3074f547,dd102ab7-56d3-4d73-ae35-646383c140e3,3306,1785908466243213709,1785908466443458709,200,true,0.566797,0.228667
fa90bd61-4b84-49c3-af1a-e5ff3074f547,dd102ab7-56d3-4d73-ae35-646383c140e3,3307,1785908466483459709,1785908467259208709,775,true,0.519538,0.120403
fa90bd61-4b84-49c3-af1a-e5ff3074f547,dd102ab7-56d3-4d73-ae35-646383c140e3,3308,1785908467294208709,1785908467484333709,190,true,0.554869,0.277799
fa90bd61-4b84-49c3-af1a-e5ff3074f547,dd102ab7-56d3-4d73-ae35-646383c140e3,3309,1785908467509458709,1785908467639583709,130,true,0.589633,0.251151
fa90bd61-4b84-49c3-af1a-e5ff3074f547,dd102ab7-56d3-4d73-ae35-646383c140e3,3310,1785908467674583709,1785908468175083709,500,true,0.530215,0.09609
fa90bd61-4b84-49c3-af1a-e5ff3074f547,dd102ab7-56d3-4d73-ae35-646383c140e3,3311,1785908468315208709,1785908468615458709,300,true,0.502728,0.485163
fa90bd61-4b84-49c3-af1a-e5ff3074f547,dd102ab7-56d3-4d73-ae35-646383c140e3,3312,1785908468655457709,1785908468940707709,285,true,0.52646,0.657068
fa90bd61-4b84-49c3-af1a-e5ff3074f547,dd102ab7-56d3-4d73-ae35-646383c140e3,3313,1785908468965707709,1785908469150957709,185,true,0.532327,0.745033
fa90bd61-4b84-49c3-af1a-e5ff3074f547,dd102ab7-56d3-4d73-ae35-646383c140e3,3314,1785908469190957709,1785908469471207709,280,true,0.388517,0.637974
fa90bd61-4b84-49c3-af1a-e5ff3074f547,dd102ab7-56d3-4d73-ae35-646383c140e3,3315,1785908469506332709,1785908469781582709,275,true,0.535489,0.724164
fa90bd61-4b84-49c3-af1a-e5ff3074f547,dd102ab7-56d3-4d73-ae35-646383c140e3,3316,1785908469821582709,1785908470186957709,365,true,0.349942,0.640405
fa90bd61-4b84-49c3-af1a-e5ff3074f547,dd102ab7-56d3-4d73-ae35-646383c140e3,3317,1785908470226957709,1785908470502216709,275,true,0.497943,0.757729
fa90bd61-4b84-49c3-af1a-e5ff3074f547,dd102ab7-56d3-4d73-ae35-646383c140e3,3318,1785908470542207709,1785908470747459709,205,true,0.33736,0.664691
fa90bd61-4b84-49c3-af1a-e5ff3074f547,dd102ab7-56d3-4d73-ae35-646383c140e3,3319,1785908470787457709,1785908471202831709,415,true,0.519704,0.400299
fa90bd61-4b84-49c3-af1a-e5ff3074f547,dd102ab7-56d3-4d73-ae35-646383c140e3,3320,1785908471327956709,1785908471843463709,515,true,0.518666,0.441879
fa90bd61-4b84-49c3-af1a-e5ff3074f547,dd102ab7-56d3-4d73-ae35-646383c140e3,3321,1785908471878456709,1785908472153706709,275,true,0.522592,0.694276
fa90bd61-4b84-49c3-af1a-e5ff3074f547,dd102ab7-56d3-4d73-ae35-646383c140e3,3322,1785908472178831709,1785908472484081709,305,true,0.534088,0.573939
fa90bd61-4b84-49c3-af1a-e5ff3074f547,dd102ab7-56d3-4d73-ae35-646383c140e3,3323,1785908472519081709,1785908472994591709,475,true,0.523076,0.412829
fa90bd61-4b84-49c3-af1a-e5ff3074f547,dd102ab7-56d3-4d73-ae35-646383c140e3,3324,1785908473039581709,1785908473960455709,920,true,0.525919,0.782066
fa90bd61-4b84-49c3-af1a-e5ff3074f547,dd102ab7-56d3-4d73-ae35-646383c140e3,3325,1785908474015461709,1785908474135587709,120,true,0.518163,0.316433
fa90bd61-4b84-49c3-af1a-e5ff3074f547,dd102ab7-56d3-4d73-ae35-646383c140e3,3326,1785908474165705709,1785908474250713709,85,true,0.537314,0.072036
fa90bd61-4b84-49c3-af1a-e5ff3074f547,dd102ab7-56d3-4d73-ae35-646383c140e3,3327,1785908474370830709,1785908474741213709,370,true,0.522676,0.458862
fa90bd61-4b84-49c3-af1a-e5ff3074f547,dd102ab7-56d3-4d73-ae35-646383c140e3,3328,1785908474766207709,1785908475331704709,565,true,0.60303,0.46545
fa90bd61-4b84-49c3-af1a-e5ff3074f547,dd102ab7-56d3-4d73-ae35-646383c140e3,3329,1785908475361705709,1785908475777209709,415,true,0.588147,0.347091
fa90bd61-4b84-49c3-af1a-e5ff3074f547,dd102ab7-56d3-4d73-ae35-646383c140e3,3330,1785908475967329709,1785908476257579709,290,true,0.427478,0.312101
fa90bd61-4b84-49c3-af1a-e5ff3074f547,dd102ab7-56d3-4d73-ae35-646383c140e3,3331,1785908476302704709,1785908477383704709,1081,true,0.600348,0.335646
fa90bd61-4b84-49c3-af1a-e5ff3074f547,dd102ab7-56d3-4d73-ae35-646383c140e3,3332,1785908477513834709,1785908477693954709,180,false,0.774357,1.681011
fa90bd61-4b84-49c3-af1a-e5ff3074f547,dd102ab7-56d3-4d73-ae35-646383c140e3,3333,1785908477799078709,1785908477959203709,160,true,0.493979,0.361612
fa90bd61-4b84-49c3-af1a-e5ff3074f547,dd102ab7-56d3-4d73-ae35-646383c140e3,3334,1785908477984203709,1785908478299578709,315,true,0.451223,0.299401
fa90bd61-4b84-49c3-af1a-e5ff3074f547,dd102ab7-56d3-4d73-ae35-646383c140e3,3335,1785908478514703709,1785908478719953709,205,true,0.541116,0.198338
fa90bd61-4b84-49c3-af1a-e5ff3074f547,dd102ab7-56d3-4d73-ae35-646383c140e3,3336,1785908478749954709,1785908479075203709,325,true,0.54749,0.046925
fa90bd61-4b84-49c3-af1a-e5ff3074f547,dd102ab7-56d3-4d73-ae35-646383c140e3,3337,1785908479110328709,1785908479265453709,155,true,0.488279,0.133265
fa90bd61-4b84-49c3-af1a-e5ff3074f547,dd102ab7-56d3-4d73-ae35-646383c140e3,3338,1785908479295453709,1785908479765953709,470,true,0.53654,0.086758
fa90bd61-4b84-49c3-af1a-e5ff3074f547,dd102ab7-56d3-4d73-ae35-646383c140e3,3339,1785908479825953709,1785908480216333709,390,true,0.536037,0.501009
fa90bd61-4b84-49c3-af1a-e5ff3074f547,dd102ab7-56d3-4d73-ae35-646383c140e3,3340,1785908480241327709,1785908480686702709,445,true,0.520162,0.416585
fa90bd61-4b84-49c3-af1a-e5ff3074f547,dd102ab7-56d3-4d73-ae35-646383c140e3,3341,1785908480786831709,1785908480982077709,195,true,0.526379,0.484807
fa90bd61-4b84-49c3-af1a-e5ff3074f547,dd102ab7-56d3-4d73-ae35-646383c140e3,3342,1785908481022077709,1785908481342327709,320,true,0.647097,0.660646
fa90bd61-4b84-49c3-af1a-e5ff3074f547,dd102ab7-56d3-4d73-ae35-646383c140e3,3343,1785908481387452709,1785908481647702709,260,true,0.505076,0.736606
fa90bd61-4b84-49c3-af1a-e5ff3074f547,dd102ab7-56d3-4d73-ae35-646383c140e3,3344,1785908481682702709,1785908482338342709,655,true,0.390041,0.633961
fa90bd61-4b84-49c3-af1a-e5ff3074f547,dd102ab7-56d3-4d73-ae35-646383c140e3,3345,1785908482378326709,1785908482543451709,165,true,0.505961,0.394527
fa90bd61-4b84-49c3-af1a-e5ff3074f547,dd102ab7-56d3-4d73-ae35-646383c140e3,3346,1785908482673576709,1785908482783701709,110,true,0.517707,0.474832
fa90bd61-4b84-49c3-af1a-e5ff3074f547,dd102ab7-56d3-4d73-ae35-646383c140e3,3347,1785908482823701709,1785908483809701709,986,true,0.375257,0.633267
fa90bd61-4b84-49c3-af1a-e5ff3074f547,dd102ab7-56d3-4d73-ae35-646383c140e3,3348,1785908483849701709,1785908484930700709,1080,true,0.518465,0.403711
fa90bd61-4b84-49c3-af1a-e5ff3074f547,dd102ab7-56d3-4d73-ae35-646383c140e3,3349,1785908484975825709,1785908485676458709,700,true,0.37292,0.645408
fa90bd61-4b84-49c3-af1a-e5ff3074f547,dd102ab7-56d3-4d73-ae35-646383c140e3,3350,1785908485896700709,1785908486051825709,155,true,0.53712,0.40672
fa90bd61-4b84-49c3-af1a-e5ff3074f547,dd102ab7-56d3-4d73-ae35-646383c140e3,3351,1785908486081825709,1785908486467214709,385,true,0.584041,0.495107
fa90bd61-4b84-49c3-af1a-e5ff3074f547,dd102ab7-56d3-4d73-ae35-646383c140e3,3352,1785908486507200709,1785908486657325709,150,true,0.504069,0.347437
fa90bd61-4b84-49c3-af1a-e5ff3074f547,dd102ab7-56d3-4d73-ae35-646383c140e3,3353,1785908486682325709,1785908486832574709,150,true,0.463989,0.300631
fa90bd61-4b84-49c3-af1a-e5ff3074f547,dd102ab7-56d3-4d73-ae35-646383c140e3,3354,1785908486877574709,1785908487102824709,225,true,0.573813,0.364506
fa90bd61-4b84-49c3-af1a-e5ff3074f547,dd102ab7-56d3-4d73-ae35-646383c140e3,3355,1785908487132824709,1785908487207824709,75,true,0.657345,0.304252
fa90bd61-4b84-49c3-af1a-e5ff3074f547,dd102ab7-56d3-4d73-ae35-646383c140e3,3356,1785908487378074709,1785908487578199709,200,true,0.631942,0.35275
fa90bd61-4b84-49c3-af1a-e5ff3074f547,dd102ab7-56d3-4d73-ae35-646383c140e3,3357,1785908487618199709,1785908487983574709,365,true,0.467326,0.317486
fa90bd61-4b84-49c3-af1a-e5ff3074f547,dd102ab7-56d3-4d73-ae35-646383c140e3,3358,1785908488098699709,1785908488393949709,295,false,0.830428,1.705495
fa90bd61-4b84-49c3-af1a-e5ff3074f547,dd102ab7-56d3-4d73-ae35-646383c140e3,3359,1785908488494077709,1785908488734324709,240,true,0.4779,0.448991
fa90bd61-4b84-49c3-af1a-e5ff3074f547,dd102ab7-56d3-4d73-ae35-646383c140e3,3360,1785908488769329709,1785908489054575709,285,true,0.454837,0.294147
fa90bd61-4b84-49c3-af1a-e5ff3074f547,dd102ab7-56d3-4d73-ae35-646383c140e3,3361,1785908489089574709,1785908489304823709,215,true,0.441008,0.495668
fa90bd61-4b84-49c3-af1a-e5ff3074f547,dd102ab7-56d3-4d73-ae35-646383c140e3,3362,1785908489484948709,1785908489580073709,95,true,0.485953,0.415037
fa90bd61-4b84-49c3-af1a-e5ff3074f547,dd102ab7-56d3-4d73-ae35-646383c140e3,3363,1785908489645214709,1785908489855323709,210,true,0.651142,0.096763
fa90bd61-4b84-49c3-af1a-e5ff3074f547,dd102ab7-56d3-4d73-ae35-646383c140e3,3364,1785908489890323709,1785908490130573709,240,true,0.537672,0.081987
fa90bd61-4b84-49c3-af1a-e5ff3074f547,dd102ab7-56d3-4d73-ae35-646383c140e3,3365,1785908490175698709,1785908490365823709,190,true,0.531174,0.346065
fa90bd61-4b84-49c3-af1a-e5ff3074f547,dd102ab7-56d3-4d73-ae35-646383c140e3,3366,1785908490415824709,1785908490691073709,275,true,0.527035,0.155993
fa90bd61-4b84-49c3-af1a-e5ff3074f547,dd102ab7-56d3-4d73-ae35-646383c140e3,3367,1785908490706198709,1785908491081448709,375,true,0.539258,0.101506
fa90bd61-4b84-49c3-af1a-e5ff3074f547,dd102ab7-56d3-4d73-ae35-646383c140e3,3368,1785908491131573709,1785908492012322709,880,true,0.516789,0.435835
fa90bd61-4b84-49c3-af1a-e5ff3074f547,dd102ab7-56d3-4d73-ae35-646383c140e3,3369,1785908492137447709,1785908492452822709,315,true,0.526249,0.466446
fa90bd61-4b84-49c3-af1a-e5ff3074f547,dd102ab7-56d3-4d73-ae35-646383c140e3,3370,1785908492497822709,1785908493073322709,575,true,0.387781,0.608618
fa90bd61-4b84-49c3-af1a-e5ff3074f547,dd102ab7-56d3-4d73-ae35-646383c140e3,3371,1785908493118447709,1785908493463701709,345,true,0.510102,0.40344
fa90bd61-4b84-49c3-af1a-e5ff3074f547,dd102ab7-56d3-4d73-ae35-646383c140e3,3372,1785908493503830709,1785908493894201709,390,true,0.374075,0.617923
fa90bd61-4b84-49c3-af1a-e5ff3074f547,dd102ab7-56d3-4d73-ae35-646383c140e3,3373,1785908493939200709,1785908494194446709,255,true,0.51842,0.40064
fa90bd61-4b84-49c3-af1a-e5ff3074f547,dd102ab7-56d3-4d73-ae35-646383c140e3,3374,1785908494309571709,1785908494905071709,595,true,0.368358,0.645433
fa90bd61-4b84-49c3-af1a-e5ff3074f547,dd102ab7-56d3-4d73-ae35-646383c140e3,3375,1785908494945071709,1785908495330456709,385,true,0.511273,0.404261
fa90bd61-4b84-49c3-af1a-e5ff3074f547,dd102ab7-56d3-4d73-ae35-646383c140e3,3376,1785908495525696709,1785908495755945709,230,true,0.547873,0.110305
fa90bd61-4b84-49c3-af1a-e5ff3074f547,dd102ab7-56d3-4d73-ae35-646383c140e3,3377,1785908495810945709,1785908496256320709,445,true,0.534196,0.528755
fa90bd61-4b84-49c3-af1a-e5ff3074f547,dd102ab7-56d3-4d73-ae35-646383c140e3,3378,1785908496286320709,1785908496506570709,220,true,0.527062,0.40323
fa90bd61-4b84-49c3-af1a-e5ff3074f547,dd102ab7-56d3-4d73-ae35-646383c140e3,3379,1785908496546570709,1785908496896945709,350,true,0.376367,0.63223
fa90bd61-4b84-49c3-af1a-e5ff3074f547,dd102ab7-56d3-4d73-ae35-646383c140e3,3380,1785908496941945709,1785908497602570709,660,true,0.512608,0.407522
fa90bd61-4b84-49c3-af1a-e5ff3074f547,dd102ab7-56d3-4d73-ae35-646383c140e3,3381,1785908497637695709,1785908497977944709,340,true,0.591669,0.508516
fa90bd61-4b84-49c3-af1a-e5ff3074f547,dd102ab7-56d3-4d73-ae35-646383c140e3,3382,1785908498138069709,1785908498518444709,380,true,0.528938,0.666548
fa90bd61-4b84-49c3-af1a-e5ff3074f547,dd102ab7-56d3-4d73-ae35-646383c140e3,3383,1785908498578569709,1785908499119069709,540,true,0.596418,0.325872
fa90bd61-4b84-49c3-af1a-e5ff3074f547,dd102ab7-56d3-4d73-ae35-646383c140e3,3384,1785908499254194709,1785908499499451709,245,true,0.591547,0.360268
fa90bd61-4b84-49c3-af1a-e5ff3074f547,dd102ab7-56d3-4d73-ae35-646383c140e3,3385,1785908499524446709,1785908499874694709,350,true,0.651859,0.329202
fa90bd61-4b84-49c3-af1a-e5ff3074f547,dd102ab7-56d3-4d73-ae35-646383c140e3,3386,1785908499904819709,1785908500300194709,395,true,0.584738,0.336914
fa90bd61-4b84-49c3-af1a-e5ff3074f547,dd102ab7-56d3-4d73-ae35-646383c140e3,3387,1785908500325198709,1785908500835701709,510,true,0.644823,0.318842
fa90bd61-4b84-49c3-af1a-e5ff3074f547,dd102ab7-56d3-4d73-ae35-646383c140e3,3388,1785908500865693709,1785908501210943709,345,true,0.567862,0.388251
fa90bd61-4b84-49c3-af1a-e5ff3074f547,dd102ab7-56d3-4d73-ae35-646383c140e3,3389,1785908501491318709,1785908501656443709,165,true,0.717681,0.156856
fa90bd61-4b84-49c3-af1a-e5ff3074f547,dd102ab7-56d3-4d73-ae35-646383c140e3,3390,1785908501736452709,1785908501941693709,205,true,0.425568,0.191218
fa90bd61-4b84-49c3-af1a-e5ff3074f547,dd102ab7-56d3-4d73-ae35-646383c140e3,3391,1785908501976693709,1785908502216943709,240,true,0.474179,0.111365
fa90bd61-4b84-49c3-af1a-e5ff3074f547,dd102ab7-56d3-4d73-ae35-646383c140e3,3392,1785908502246954709,1785908502532193709,285,true,0.537841,0.098554
fa90bd61-4b84-49c3-af1a-e5ff3074f547,dd102ab7-56d3-4d73-ae35-646383c140e3,3393,1785908502562327709,1785908502747442709,185,true,0.516398,0.210088
fa90bd61-4b84-49c3-af1a-e5ff3074f547,dd102ab7-56d3-4d73-ae35-646383c140e3,3394,1785908502777454709,1785908503257942709,480,true,0.554058,0.118677
fa90bd61-4b84-49c3-af1a-e5ff3074f547,dd102ab7-56d3-4d73-ae35-646383c140e3,3395,1785908503332942709,1785908504073692709,740,true,0.525173,0.465316
fa90bd61-4b84-49c3-af1a-e5ff3074f547,dd102ab7-56d3-4d73-ae35-646383c140e3,3396,1785908504208817709,1785908504484067709,275,true,0.530793,0.469109
fa90bd61-4b84-49c3-af1a-e5ff3074f547,dd102ab7-56d3-4d73-ae35-646383c140e3,3397,1785908504534067709,1785908504839442709,305,true,0.540087,0.798302
fa90bd61-4b84-49c3-af1a-e5ff3074f547,dd102ab7-56d3-4d73-ae35-646383c140e3,3398,1785908504894441709,1785908505009566709,115,true,0.522833,0.470601
fa90bd61-4b84-49c3-af1a-e5ff3074f547,dd102ab7-56d3-4d73-ae35-646383c140e3,3399,1785908505049566709,1785908505399944709,350,true,0.404203,0.627168
fa90bd61-4b84-49c3-af1a-e5ff3074f547,dd102ab7-56d3-4d73-ae35-646383c140e3,3400,1785908505449941709,1785908505675193709,225,true,0.619366,0.58015
fa90bd61-4b84-49c3-af1a-e5ff3074f547,dd102ab7-56d3-4d73-ae35-646383c140e3,3401,1785908505725191709,1785908506270691709,545,true,0.538742,0.801833
fa90bd61-4b84-49c3-af1a-e5ff3074f547,dd102ab7-56d3-4d73-ae35-646383c140e3,3402,1785908506315816709,1785908506415816709,100,true,0.420223,0.719662
fa90bd61-4b84-49c3-af1a-e5ff3074f547,dd102ab7-56d3-4d73-ae35-646383c140e3,3403,1785908506450941709,1785908506641066709,190,true,0.532213,0.795058
fa90bd61-4b84-49c3-af1a-e5ff3074f547,dd102ab7-56d3-4d73-ae35-646383c140e3,3404,1785908506756190709,1785908506896316709,140,true,0.362922,0.66323
fa90bd61-4b84-49c3-af1a-e5ff3074f547,dd102ab7-56d3-4d73-ae35-646383c140e3,3405,1785908506946327709,1785908507181566709,235,true,0.645018,0.652258
fa90bd61-4b84-49c3-af1a-e5ff3074f547,dd102ab7-56d3-4d73-ae35-646383c140e3,3406,1785908507221690709,1785908507606955709,385,true,0.528712,0.818797
fa90bd61-4b84-49c3-af1a-e5ff3074f547,dd102ab7-56d3-4d73-ae35-646383c140e3,3407,1785908507642074709,1785908507902315709,260,true,0.661243,0.659333
fa90bd61-4b84-49c3-af1a-e5ff3074f547,dd102ab7-56d3-4d73-ae35-646383c140e3,3408,1785908507937315709,1785908508152445709,215,true,0.551331,0.778189
fa90bd61-4b84-49c3-af1a-e5ff3074f547,dd102ab7-56d3-4d73-ae35-646383c140e3,3409,1785908508192565709,1785908508422825709,230,true,0.656931,0.650267
fa90bd61-4b84-49c3-af1a-e5ff3074f547,dd102ab7-56d3-4d73-ae35-646383c140e3,3410,1785908508482815709,1785908508883190709,400,true,0.563457,0.132136
fa90bd61-4b84-49c3-af1a-e5ff3074f547,dd102ab7-56d3-4d73-ae35-646383c140e3,3411,1785908509028319709,1785908509293564709,265,true,0.515783,0.413073
fa90bd61-4b84-49c3-af1a-e5ff3074f547,dd102ab7-56d3-4d73-ae35-646383c140e3,3412,1785908509368689709,1785908509578814709,210,true,0.570057,0.749574
fa90bd61-4b84-49c3-af1a-e5ff3074f547,dd102ab7-56d3-4d73-ae35-646383c140e3,3413,1785908509618939709,1785908510374564709,755,true,0.371774,0.641538
fa90bd61-4b84-49c3-af1a-e5ff3074f547,dd102ab7-56d3-4d73-ae35-646383c140e3,3414,1785908510419689709,1785908510674814709,255,true,0.526888,0.815996
fa90bd61-4b84-49c3-af1a-e5ff3074f547,dd102ab7-56d3-4d73-ae35-646383c140e3,3415,1785908510804939709,1785908511150314709,345,true,0.496374,0.463623
fa90bd61-4b84-49c3-af1a-e5ff3074f547,dd102ab7-56d3-4d73-ae35-646383c140e3,3416,1785908511185313709,1785908511891075709,705,true,0.396812,0.639821
fa90bd61-4b84-49c3-af1a-e5ff3074f547,dd102ab7-56d3-4d73-ae35-646383c140e3,3417,1785908511931063709,1785908512376438709,445,true,0.520368,0.437399
fa90bd61-4b84-49c3-af1a-e5ff3074f547,dd102ab7-56d3-4d73-ae35-646383c140e3,3418,1785908512521563709,1785908513247313709,725,true,0.368236,0.645663
fa90bd61-4b84-49c3-af1a-e5ff3074f547,dd102ab7-56d3-4d73-ae35-646383c140e3,3419,1785908513292313709,1785908513992937709,700,true,0.516321,0.407032
fa90bd61-4b84-49c3-af1a-e5ff3074f547,dd102ab7-56d3-4d73-ae35-646383c140e3,3420,1785908514038062709,1785908514603562709,565,true,0.38387,0.635311
fa90bd61-4b84-49c3-af1a-e5ff3074f547,dd102ab7-56d3-4d73-ae35-646383c140e3,3421,1785908514653564709,1785908514788694709,135,true,0.539637,0.41134
fa90bd61-4b84-49c3-af1a-e5ff3074f547,dd102ab7-56d3-4d73-ae35-646383c140e3,3422,1785908514828812709,1785908515073943709,245,true,0.594473,0.503401
fa90bd61-4b84-49c3-af1a-e5ff3074f547,dd102ab7-56d3-4d73-ae35-646383c140e3,3423,1785908515194062709,1785908515649561709,455,true,0.602982,0.548376
fa90bd61-4b84-49c3-af1a-e5ff3074f547,dd102ab7-56d3-4d73-ae35-646383c140e3,3424,1785908515689561709,1785908516250062709,560,true,0.577142,0.62702
fa90bd61-4b84-49c3-af1a-e5ff3074f547,dd102ab7-56d3-4d73-ae35-646383c140e3,3425,1785908516295196709,1785908516505311709,210,true,0.59674,0.364326
fa90bd61-4b84-49c3-af1a-e5ff3074f547,dd102ab7-56d3-4d73-ae35-646383c140e3,3426,1785908516535324709,1785908516765561709,230,true,0.479916,0.286473
fa90bd61-4b84-49c3-af1a-e5ff3074f547,dd102ab7-56d3-4d73-ae35-646383c140e3,3427,1785908516805561709,1785908516950811709,145,true,0.601558,0.503637
fa90bd61-4b84-49c3-af1a-e5ff3074f547,dd102ab7-56d3-4d73-ae35-646383c140e3,3428,1785908516990815709,1785908517411186709,420,true,0.608031,0.341121
fa90bd61-4b84-49c3-af1a-e5ff3074f547,dd102ab7-56d3-4d73-ae35-646383c140e3,3429,1785908517456190709,1785908517861560709,405,true,0.548374,0.538959
fa90bd61-4b84-49c3-af1a-e5ff3074f547,dd102ab7-56d3-4d73-ae35-646383c140e3,3430,1785908517906685709,1785908518261935709,355,true,0.476308,0.320114
fa90bd61-4b84-49c3-af1a-e5ff3074f547,dd102ab7-56d3-4d73-ae35-646383c140e3,3431,1785908518442185709,1785908518627310709,185,true,0.232005,0.391578
fa90bd61-4b84-49c3-af1a-e5ff3074f547,dd102ab7-56d3-4d73-ae35-646383c140e3,3432,1785908518692435709,1785908519212935709,520,true,0.526815,0.333351
fa90bd61-4b84-49c3-af1a-e5ff3074f547,dd102ab7-56d3-4d73-ae35-646383c140e3,3433,1785908519242935709,1785908519508185709,265,true,0.592494,0.334418
fa90bd61-4b84-49c3-af1a-e5ff3074f547,dd102ab7-56d3-4d73-ae35-646383c140e3,3434,1785908519543185709,1785908520128684709,585,true,0.54365,0.14002
fa90bd61-4b84-49c3-af1a-e5ff3074f547,dd102ab7-56d3-4d73-ae35-646383c140e3,3435,1785908520268809709,1785908520619184709,350,true,0.514498,0.482509
fa90bd61-4b84-49c3-af1a-e5ff3074f547,dd102ab7-56d3-4d73-ae35-646383c140e3,3436,1785908520659184709,1785908521530059709,870,true,0.38646,0.646817
fa90bd61-4b84-49c3-af1a-e5ff3074f547,dd102ab7-56d3-4d73-ae35-646383c140e3,3437,1785908521690184709,1785908522015439709,325,true,0.603121,0.620029
fa90bd61-4b84-49c3-af1a-e5ff3074f547,dd102ab7-56d3-4d73-ae35-646383c140e3,3438,1785908522065559709,1785908522656058709,590,true,0.376044,0.65162
fa90bd61-4b84-49c3-af1a-e5ff3074f547,dd102ab7-56d3-4d73-ae35-646383c140e3,3439,1785908522696194709,1785908522981433709,285,true,0.625429,0.647641
fa90bd61-4b84-49c3-af1a-e5ff3074f547,dd102ab7-56d3-4d73-ae35-646383c140e3,3440,1785908523021445709,1785908523401820709,380,true,0.369057,0.641676
fa90bd61-4b84-49c3-af1a-e5ff3074f547,dd102ab7-56d3-4d73-ae35-646383c140e3,3441,1785908523436820709,1785908523637058709,200,true,0.563264,0.607028
fa90bd61-4b84-49c3-af1a-e5ff3074f547,dd102ab7-56d3-4d73-ae35-646383c140e3,3442,1785908523672058709,1785908524662932709,990,true,0.519966,0.443435
fa90bd61-4b84-49c3-af1a-e5ff3074f547,dd102ab7-56d3-4d73-ae35-646383c140e3,3443,1785908524708065709,1785908524928182709,220,true,0.382744,0.659824
fa90bd61-4b84-49c3-af1a-e5ff3074f547,dd102ab7-56d3-4d73-ae35-646383c140e3,3444,1785908525068307709,1785908525233557709,165,true,0.346811,0.668934
fa90bd61-4b84-49c3-af1a-e5ff3074f547,dd102ab7-56d3-4d73-ae35-646383c140e3,3445,1785908525283557709,1785908525483807709,200,true,0.650234,0.651424
fa90bd61-4b84-49c3-af1a-e5ff3074f547,dd102ab7-56d3-4d73-ae35-646383c140e3,3446,1785908525518807709,1785908525613932709,95,true,0.524482,0.536144
fa90bd61-4b84-49c3-af1a-e5ff3074f547,dd102ab7-56d3-4d73-ae35-646383c140e3,3447,1785908525668932709,1785908525949186709,280,true,0.540416,0.064572
fa90bd61-4b84-49c3-af1a-e5ff3074f547,dd102ab7-56d3-4d73-ae35-646383c140e3,3448,1785908525994183709,1785908526249439709,255,true,0.511611,0.477919
fa90bd61-4b84-49c3-af1a-e5ff3074f547,dd102ab7-56d3-4d73-ae35-646383c140e3,3449,1785908526284556709,1785908526544806709,260,true,0.386362,0.623973
fa90bd61-4b84-49c3-af1a-e5ff3074f547,dd102ab7-56d3-4d73-ae35-646383c140e3,3450,1785908526594806709,1785908526749931709,155,true,0.609498,0.645548
fa90bd61-4b84-49c3-af1a-e5ff3074f547,dd102ab7-56d3-4d73-ae35-646383c140e3,3451,1785908526789933709,1785908527050181709,260,true,0.539114,0.794716
fa90bd61-4b84-49c3-af1a-e5ff3074f547,dd102ab7-56d3-4d73-ae35-646383c140e3,3452,1785908527170306709,1785908527360556709,190,true,0.503641,0.499644
fa90bd61-4b84-49c3-af1a-e5ff3074f547,dd102ab7-56d3-4d73-ae35-646383c140e3,3453,1785908527405556709,1785908527655806709,250,true,0.543809,0.751945
fa90bd61-4b84-49c3-af1a-e5ff3074f547,dd102ab7-56d3-4d73-ae35-646383c140e3,3454,1785908527690806709,1785908527996056709,305,true,0.543857,0.598688
fa90bd61-4b84-49c3-af1a-e5ff3074f547,dd102ab7-56d3-4d73-ae35-646383c140e3,3455,1785908528031181709,1785908528271306709,240,true,0.646453,0.64095
fa90bd61-4b84-49c3-af1a-e5ff3074f547,dd102ab7-56d3-4d73-ae35-646383c140e3,3456,1785908528306431709,1785908528551680709,245,true,0.557926,0.609969
fa90bd61-4b84-49c3-af1a-e5ff3074f547,dd102ab7-56d3-4d73-ae35-646383c140e3,3457,1785908528581681709,1785908529022055709,440,true,0.645126,0.651093
fa90bd61-4b84-49c3-af1a-e5ff3074f547,dd102ab7-56d3-4d73-ae35-646383c140e3,3458,1785908529062055709,1785908529392430709,330,true,0.551087,0.803273
fa90bd61-4b84-49c3-af1a-e5ff3074f547,dd102ab7-56d3-4d73-ae35-646383c140e3,3459,1785908529432430709,1785908529577561709,145,true,0.662427,0.708014
fa90bd61-4b84-49c3-af1a-e5ff3074f547,dd102ab7-56d3-4d73-ae35-646383c140e3,3460,1785908529697680709,1785908529962930709,265,true,0.378255,0.66407
fa90bd61-4b84-49c3-af1a-e5ff3074f547,dd102ab7-56d3-4d73-ae35-646383c140e3,3461,1785908530008055709,1785908530413430709,405,true,0.554749,0.755588
fa90bd61-4b84-49c3-af1a-e5ff3074f547,dd102ab7-56d3-4d73-ae35-646383c140e3,3462,1785908530443430709,1785908530788679709,345,true,0.664929,0.661151
fa90bd61-4b84-49c3-af1a-e5ff3074f547,dd102ab7-56d3-4d73-ae35-646383c140e3,3463,1785908530828804709,1785908531134054709,305,true,0.561707,0.568308
fa90bd61-4b84-49c3-af1a-e5ff3074f547,dd102ab7-56d3-4d73-ae35-646383c140e3,3464,1785908531169054709,1785908531364304709,195,true,0.5628,0.756046
fa90bd61-4b84-49c3-af1a-e5ff3074f547,dd102ab7-56d3-4d73-ae35-646383c140e3,3465,1785908531399316709,1785908531654554709,255,true,0.615532,0.553164
fa90bd61-4b84-49c3-af1a-e5ff3074f547,dd102ab7-56d3-4d73-ae35-646383c140e3,3466,1785908531684554709,1785908531869679709,185,true,0.542572,0.507088
fa90bd61-4b84-49c3-af1a-e5ff3074f547,dd102ab7-56d3-4d73-ae35-646383c140e3,3467,1785908531909804709,1785908532074929709,165,true,0.585901,0.252257
fa90bd61-4b84-49c3-af1a-e5ff3074f547,dd102ab7-56d3-4d73-ae35-646383c140e3,3468,1785908532119929709,1785908532525304709,405,true,0.603729,0.512698
fa90bd61-4b84-49c3-af1a-e5ff3074f547,dd102ab7-56d3-4d73-ae35-646383c140e3,3469,1785908532675438709,1785908533251053709,575,true,0.591842,0.399313
fa90bd61-4b84-49c3-af1a-e5ff3074f547,dd102ab7-56d3-4d73-ae35-646383c140e3,3470,1785908533286053709,1785908533471178709,185,true,0.68016,0.316442
fa90bd61-4b84-49c3-af1a-e5ff3074f547,dd102ab7-56d3-4d73-ae35-646383c140e3,3471,1785908533516303709,1785908534016803709,500,true,0.479539,0.332949
fa90bd61-4b84-49c3-af1a-e5ff3074f547,dd102ab7-56d3-4d73-ae35-646383c140e3,3472,1785908534071803709,1785908534176928709,105,true,0.540282,0.618665
fa90bd61-4b84-49c3-af1a-e5ff3074f547,dd102ab7-56d3-4d73-ae35-646383c140e3,3474,1785908534647314709,1785908534692428709,45,true,0.633105,0.406241
fa90bd61-4b84-49c3-af1a-e5ff3074f547,dd102ab7-56d3-4d73-ae35-646383c140e3,3477,1785908535858427709,1785908535903552709,45,true,0.772387,0.211346
fa90bd61-4b84-49c3-af1a-e5ff3074f547,dd102ab7-56d3-4d73-ae35-646383c140e3,3478,1785908535998552709,1785908536133677709,135,true,0.547299,0.262004
fa90bd61-4b84-49c3-af1a-e5ff3074f547,dd102ab7-56d3-4d73-ae35-646383c140e3,3479,1785908536228802709,1785908536338927709,110,true,0.177062,-0.008978
fa90bd61-4b84-49c3-af1a-e5ff3074f547,dd102ab7-56d3-4d73-ae35-646383c140e3,3480,1785908536388927709,1785908536789302709,400,true,0.542673,0.125565
fa90bd61-4b84-49c3-af1a-e5ff3074f547,dd102ab7-56d3-4d73-ae35-646383c140e3,3481,1785908537069552709,1785908537109677709,40,true,0.5304,0.033879
fa90bd61-4b84-49c3-af1a-e5ff3074f547,dd102ab7-56d3-4d73-ae35-646383c140e3,3482,1785908537209802709,1785908537474935709,265,true,0.519156,0.394735
fa90bd61-4b84-49c3-af1a-e5ff3074f547,dd102ab7-56d3-4d73-ae35-646383c140e3,3483,1785908537505057709,1785908537675176709,170,true,0.506738,0.54557
fa90bd61-4b84-49c3-af1a-e5ff3074f547,dd102ab7-56d3-4d73-ae35-646383c140e3,3487,1785908538886306709,1785908538921310709,35,true,0.383914,0.609264
fa90bd61-4b84-49c3-af1a-e5ff3074f547,dd102ab7-56d3-4d73-ae35-646383c140e3,3490,1785908539667050709,1785908540002300709,335,true,0.502895,0.409912
fa90bd61-4b84-49c3-af1a-e5ff3074f547,dd102ab7-56d3-4d73-ae35-646383c140e3,3491,1785908540512800709,1785908540788060709,275,true,0.346062,0.608474
fa90bd61-4b84-49c3-af1a-e5ff3074f547,dd102ab7-56d3-4d73-ae35-646383c140e3,3492,1785908540828182709,1785908541028300709,200,true,0.524378,0.418697
fa90bd61-4b84-49c3-af1a-e5ff3074f547,dd102ab7-56d3-4d73-ae35-646383c140e3,3493,1785908541068300709,1785908541428677709,360,true,0.364656,0.637071
fa90bd61-4b84-49c3-af1a-e5ff3074f547,dd102ab7-56d3-4d73-ae35-646383c140e3,3494,1785908541468679709,1785908541954174709,485,true,0.512321,0.398024
fa90bd61-4b84-49c3-af1a-e5ff3074f547,dd102ab7-56d3-4d73-ae35-646383c140e3,3495,1785908542049299709,1785908542484674709,435,true,0.375916,0.645388
fa90bd61-4b84-49c3-af1a-e5ff3074f547,dd102ab7-56d3-4d73-ae35-646383c140e3,3496,1785908542524674709,1785908542659799709,135,true,0.512628,0.606567
fa90bd61-4b84-49c3-af1a-e5ff3074f547,dd102ab7-56d3-4d73-ae35-646383c140e3,3497,1785908542699924709,1785908543120299709,420,true,0.371121,0.651416
fa90bd61-4b84-49c3-af1a-e5ff3074f547,dd102ab7-56d3-4d73-ae35-646383c140e3,3498,1785908543160299709,1785908543345549709,185,true,0.522123,0.459589
fa90bd61-4b84-49c3-af1a-e5ff3074f547,dd102ab7-56d3-4d73-ae35-646383c140e3,3499,1785908543450549709,1785908543580674709,130,true,0.49255,0.503747
fa90bd61-4b84-49c3-af1a-e5ff3074f547,dd102ab7-56d3-4d73-ae35-646383c140e3,3500,1785908543615799709,1785908543941053709,325,true,0.359251,0.661411
fa90bd61-4b84-49c3-af1a-e5ff3074f547,dd102ab7-56d3-4d73-ae35-646383c140e3,3501,1785908543991048709,1785908544686805709,695,true,0.587194,0.496741
fa90bd61-4b84-49c3-af1a-e5ff3074f547,dd102ab7-56d3-4d73-ae35-646383c140e3,3502,1785908544711798709,1785908545287298709,575,true,0.559145,0.614283
fa90bd61-4b84-49c3-af1a-e5ff3074f547,dd102ab7-56d3-4d73-ae35-646383c140e3,3503,1785908545327298709,1785908545577552709,250,true,0.434141,0.49725
fa90bd61-4b84-49c3-af1a-e5ff3074f547,dd102ab7-56d3-4d73-ae35-646383c140e3,3504,1785908545607558709,1785908545837797709,230,true,0.560273,0.625476
fa90bd61-4b84-49c3-af1a-e5ff3074f547,dd102ab7-56d3-4d73-ae35-646383c140e3,3505,1785908545847797709,1785908546008048709,160,true,0.515572,0.602432
fa90bd61-4b84-49c3-af1a-e5ff3074f547,dd102ab7-56d3-4d73-ae35-646383c140e3,3506,1785908546043047709,1785908546253172709,210,true,0.612079,0.491647
fa90bd61-4b84-49c3-af1a-e5ff3074f547,dd102ab7-56d3-4d73-ae35-646383c140e3,3507,1785908546293310709,1785908546448422709,155,true,0.601529,0.336735
fa90bd61-4b84-49c3-af1a-e5ff3074f547,dd102ab7-56d3-4d73-ae35-646383c140e3,3508,1785908546568547709,1785908547524422709,955,true,0.586329,0.318121
fa90bd61-4b84-49c3-af1a-e5ff3074f547,dd102ab7-56d3-4d73-ae35-646383c140e3,3509,1785908547674547709,1785908547869805709,195,false,0.167819,1.772911
fa90bd61-4b84-49c3-af1a-e5ff3074f547,dd102ab7-56d3-4d73-ae35-646383c140e3,3510,1785908548175047709,1785908548305171709,130,true,0.407115,0.376611
fa90bd61-4b84-49c3-af1a-e5ff3074f547,dd102ab7-56d3-4d73-ae35-646383c140e3,3511,1785908548345171709,1785908548615421709,270,true,0.507173,0.167065
fa90bd61-4b84-49c3-af1a-e5ff3074f547,dd102ab7-56d3-4d73-ae35-646383c140e3,3512,1785908548980803709,1785908549140921709,160,true,0.465021,0.625031
fa90bd61-4b84-49c3-af1a-e5ff3074f547,dd102ab7-56d3-4d73-ae35-646383c140e3,3513,1785908549170921709,1785908549326058709,155,true,0.393101,0.625047
fa90bd61-4b84-49c3-af1a-e5ff3074f547,dd102ab7-56d3-4d73-ae35-646383c140e3,3514,1785908549366171709,1785908549536302709,170,true,0.507259,0.4521
fa90bd61-4b84-49c3-af1a-e5ff3074f547,dd102ab7-56d3-4d73-ae35-646383c140e3,3515,1785908549576296709,1785908549731434709,155,true,0.661442,0.603005
fa90bd61-4b84-49c3-af1a-e5ff3074f547,dd102ab7-56d3-4d73-ae35-646383c140e3,3516,1785908549761546709,1785908550722420709,960,true,0.49892,0.444535
fa90bd61-4b84-49c3-af1a-e5ff3074f547,dd102ab7-56d3-4d73-ae35-646383c140e3,3517,1785908550757420709,1785908551052670709,295,true,0.643785,0.577907
fa90bd61-4b84-49c3-af1a-e5ff3074f547,dd102ab7-56d3-4d73-ae35-646383c140e3,3518,1785908551102802709,1785908551277920709,175,true,0.413043,0.625739
fa90bd61-4b84-49c3-af1a-e5ff3074f547,dd102ab7-56d3-4d73-ae35-646383c140e3,3519,1785908551413054709,1785908551628295709,215,true,0.469891,0.395928
fa90bd61-4b84-49c3-af1a-e5ff3074f547,dd102ab7-56d3-4d73-ae35-646383c140e3,3520,1785908551673305709,1785908551868545709,195,true,0.500113,0.093462
fa90bd61-4b84-49c3-af1a-e5ff3074f547,dd102ab7-56d3-4d73-ae35-646383c140e3,3521,1785908551938545709,1785908552153795709,215,true,0.583512,0.642095
fa90bd61-4b84-49c3-af1a-e5ff3074f547,dd102ab7-56d3-4d73-ae35-646383c140e3,3522,1785908552183795709,1785908552809428709,625,true,0.579391,0.534362
fa90bd61-4b84-49c3-af1a-e5ff3074f547,dd102ab7-56d3-4d73-ae35-646383c140e3,3523,1785908552834424709,1785908553439921709,605,true,0.525117,0.658573
fa90bd61-4b84-49c3-af1a-e5ff3074f547,dd102ab7-56d3-4d73-ae35-646383c140e3,3524,1785908553470044709,1785908553750294709,280,true,0.591063,0.512334
fa90bd61-4b84-49c3-af1a-e5ff3074f547,dd102ab7-56d3-4d73-ae35-646383c140e3,3525,1785908553775294709,1785908554205669709,430,true,0.604987,0.368727
fa90bd61-4b84-49c3-af1a-e5ff3074f547,dd102ab7-56d3-4d73-ae35-646383c140e3,3526,1785908554370794709,1785908554596048709,225,true,0.42716,0.350529
fa90bd61-4b84-49c3-af1a-e5ff3074f547,dd102ab7-56d3-4d73-ae35-646383c140e3,3527,1785908554641043709,1785908554886299709,245,true,0.516075,0.533575
fa90bd61-4b84-49c3-af1a-e5ff3074f547,dd102ab7-56d3-4d73-ae35-646383c140e3,3528,1785908554911298709,1785908555246668709,335,true,0.570769,0.511562
fa90bd61-4b84-49c3-af1a-e5ff3074f547,dd102ab7-56d3-4d73-ae35-646383c140e3,3529,1785908555281668709,1785908555496918709,215,true,0.493576,0.607856
fa90bd61-4b84-49c3-af1a-e5ff3074f547,dd102ab7-56d3-4d73-ae35-646383c140e3,3530,1785908555516918709,1785908555642043709,125,true,0.456142,0.584808
fa90bd61-4b84-49c3-af1a-e5ff3074f547,dd102ab7-56d3-4d73-ae35-646383c140e3,3531,1785908555722043709,1785908555962293709,240,true,0.427706,0.080338
fa90bd61-4b84-49c3-af1a-e5ff3074f547,dd102ab7-56d3-4d73-ae35-646383c140e3,3532,1785908555997418709,1785908556197552709,200,true,0.522868,0.0185
fa90bd61-4b84-49c3-af1a-e5ff3074f547,dd102ab7-56d3-4d73-ae35-646383c140e3,3533,1785908556257543709,1785908556462793709,205,true,0.492209,0.360199
fa90bd61-4b84-49c3-af1a-e5ff3074f547,dd102ab7-56d3-4d73-ae35-646383c140e3,3534,1785908556497796709,1785908556918180709,420,true,0.526551,0.120922
fa90bd61-4b84-49c3-af1a-e5ff3074f547,dd102ab7-56d3-4d73-ae35-646383c140e3,3535,1785908557078417709,1785908557248542709,170,true,0.484372,0.483059
fa90bd61-4b84-49c3-af1a-e5ff3074f547,dd102ab7-56d3-4d73-ae35-646383c140e3,3536,1785908557288542709,1785908557723917709,435,true,0.390867,0.573302
fa90bd61-4b84-49c3-af1a-e5ff3074f547,dd102ab7-56d3-4d73-ae35-646383c140e3,3537,1785908557764042709,1785908557924167709,160,true,0.514181,0.66834
fa90bd61-4b84-49c3-af1a-e5ff3074f547,dd102ab7-56d3-4d73-ae35-646383c140e3,3538,1785908557954167709,1785908558309542709,355,true,0.497322,0.795853
fa90bd61-4b84-49c3-af1a-e5ff3074f547,dd102ab7-56d3-4d73-ae35-646383c140e3,3539,1785908558349542709,1785908558599792709,250,true,0.655833,0.605676
fa90bd61-4b84-49c3-af1a-e5ff3074f547,dd102ab7-56d3-4d73-ae35-646383c140e3,3540,1785908558659792709,1785908559015166709,355,true,0.479229,0.408629
fa90bd61-4b84-49c3-af1a-e5ff3074f547,dd102ab7-56d3-4d73-ae35-646383c140e3,3541,1785908559140296709,1785908559425541709,285,true,0.508904,0.431375
fa90bd61-4b84-49c3-af1a-e5ff3074f547,dd102ab7-56d3-4d73-ae35-646383c140e3,3542,1785908559475666709,1785908559630796709,155,true,0.564688,0.714667
fa90bd61-4b84-49c3-af1a-e5ff3074f547,dd102ab7-56d3-4d73-ae35-646383c140e3,3543,1785908559655791709,1785908559871041709,215,true,0.642873,0.627319
fa90bd61-4b84-49c3-af1a-e5ff3074f547,dd102ab7-56d3-4d73-ae35-646383c140e3,3544,1785908559911047709,1785908560176291709,265,true,0.504678,0.809745
fa90bd61-4b84-49c3-af1a-e5ff3074f547,dd102ab7-56d3-4d73-ae35-646383c140e3,3545,1785908560216293709,1785908560471541709,255,true,0.524658,0.640363
fa90bd61-4b84-49c3-af1a-e5ff3074f547,dd102ab7-56d3-4d73-ae35-646383c140e3,3546,1785908560506551709,1785908561212291709,705,true,0.644518,0.638072
fa90bd61-4b84-49c3-af1a-e5ff3074f547,dd102ab7-56d3-4d73-ae35-646383c140e3,3547,1785908561247290709,1785908561357415709,110,true,0.51231,0.817547
fa90bd61-4b84-49c3-af1a-e5ff3074f547,dd102ab7-56d3-4d73-ae35-646383c140e3,3548,1785908561522540709,1785908561752792709,230,true,0.574126,0.628378
fa90bd61-4b84-49c3-af1a-e5ff3074f547,dd102ab7-56d3-4d73-ae35-646383c140e3,3549,1785908561787790709,1785908561917915709,130,true,0.627788,0.609872
fa90bd61-4b84-49c3-af1a-e5ff3074f547,dd102ab7-56d3-4d73-ae35-646383c140e3,3550,1785908562123040709,1785908562333298709,210,true,0.579383,0.615272
fa90bd61-4b84-49c3-af1a-e5ff3074f547,dd102ab7-56d3-4d73-ae35-646383c140e3,3551,1785908562373290709,1785908562733665709,360,true,0.380304,0.601459
fa90bd61-4b84-49c3-af1a-e5ff3074f547,dd102ab7-56d3-4d73-ae35-646383c140e3,3552,1785908562783665709,1785908563614539709,830,true,0.620034,0.629531
fa90bd61-4b84-49c3-af1a-e5ff3074f547,dd102ab7-56d3-4d73-ae35-646383c140e3,3553,1785908563659545709,1785908564480289709,820,true,0.492551,0.80818
fa90bd61-4b84-49c3-af1a-e5ff3074f547,dd102ab7-56d3-4d73-ae35-646383c140e3,3554,1785908564655414709,1785908564820675709,165,true,0.488142,0.743047
fa90bd61-4b84-49c3-af1a-e5ff3074f547,dd102ab7-56d3-4d73-ae35-646383c140e3,3555,1785908564870664709,1785908565075920709,205,true,0.543013,0.377275
fa90bd61-4b84-49c3-af1a-e5ff3074f547,dd102ab7-56d3-4d73-ae35-646383c140e3,3556,1785908565115914709,1785908565331050709,215,true,0.641236,0.655853
fa90bd61-4b84-49c3-af1a-e5ff3074f547,dd102ab7-56d3-4d73-ae35-646383c140e3,3557,1785908565366172709,1785908565841538709,475,true,0.604227,0.502484
fa90bd61-4b84-49c3-af1a-e5ff3074f547,dd102ab7-56d3-4d73-ae35-646383c140e3,3558,1785908565866663709,1785908565986663709,120,true,0.575413,0.397026
fa90bd61-4b84-49c3-af1a-e5ff3074f547,dd102ab7-56d3-4d73-ae35-646383c140e3,3559,1785908566136913709,1785908566617298709,480,true,0.495442,0.681242
fa90bd61-4b84-49c3-af1a-e5ff3074f547,dd102ab7-56d3-4d73-ae35-646383c140e3,3560,1785908566657417709,1785908566842538709,185,true,0.598751,0.469876
fa90bd61-4b84-49c3-af1a-e5ff3074f547,dd102ab7-56d3-4d73-ae35-646383c140e3,3561,1785908566872538709,1785908567042663709,170,true,0.566998,0.314639
fa90bd61-4b84-49c3-af1a-e5ff3074f547,dd102ab7-56d3-4d73-ae35-646383c140e3,3562,1785908567072788709,1785908567257913709,185,true,0.564223,0.494503
fa90bd61-4b84-49c3-af1a-e5ff3074f547,dd102ab7-56d3-4d73-ae35-646383c140e3,3563,1785908567398038709,1785908567773418709,375,true,0.5863,0.360717
fa90bd61-4b84-49c3-af1a-e5ff3074f547,dd102ab7-56d3-4d73-ae35-646383c140e3,3564,1785908567818412709,1785908568023662709,205,true,0.451507,0.502194
fa90bd61-4b84-49c3-af1a-e5ff3074f547,dd102ab7-56d3-4d73-ae35-646383c140e3,3565,1785908568058662709,1785908568394037709,335,true,0.582484,0.504361
fa90bd61-4b84-49c3-af1a-e5ff3074f547,dd102ab7-56d3-4d73-ae35-646383c140e3,3566,1785908568419037709,1785908569009537709,590,true,0.602022,0.382836
fa90bd61-4b84-49c3-af1a-e5ff3074f547,dd102ab7-56d3-4d73-ae35-646383c140e3,3567,1785908569214787709,1785908569329912709,115,true,0.480828,0.284893
fa90bd61-4b84-49c3-af1a-e5ff3074f547,dd102ab7-56d3-4d73-ae35-646383c140e3,3568,1785908569379912709,1785908569565036709,185,true,0.659559,0.082491
fa90bd61-4b84-49c3-af1a-e5ff3074f547,dd102ab7-56d3-4d73-ae35-646383c140e3,3569,1785908569610161709,1785908569805298709,195,true,0.521465,0.02269
fa90bd61-4b84-49c3-af1a-e5ff3074f547,dd102ab7-56d3-4d73-ae35-646383c140e3,3570,1785908569840286709,1785908570290786709,450,true,0.504625,0.157214
fa90bd61-4b84-49c3-af1a-e5ff3074f547,dd102ab7-56d3-4d73-ae35-646383c140e3,3571,1785908570320786709,1785908570796286709,475,true,0.565409,0.073663
fa90bd61-4b84-49c3-af1a-e5ff3074f547,dd102ab7-56d3-4d73-ae35-646383c140e3,3572,1785908570811286709,1785908571046411709,235,true,0.521746,0.11327
fa90bd61-4b84-49c3-af1a-e5ff3074f547,dd102ab7-56d3-4d73-ae35-646383c140e3,3573,1785908571111536709,1785908571411785709,300,true,0.464103,0.556936
fa90bd61-4b84-49c3-af1a-e5ff3074f547,dd102ab7-56d3-4d73-ae35-646383c140e3,3574,1785908571526911709,1785908572217535709,690,true,0.382598,0.608498
fa90bd61-4b84-49c3-af1a-e5ff3074f547,dd102ab7-56d3-4d73-ae35-646383c140e3,3575,1785908572252535709,1785908572688035709,435,true,0.507938,0.420785
fa90bd61-4b84-49c3-af1a-e5ff3074f547,dd102ab7-56d3-4d73-ae35-646383c140e3,3576,1785908572798160709,1785908573814034709,1015,true,0.51935,0.418761
fa90bd61-4b84-49c3-af1a-e5ff3074f547,dd102ab7-56d3-4d73-ae35-646383c140e3,3577,1785908573859170709,1785908574259534709,400,true,0.387075,0.58098
fa90bd61-4b84-49c3-af1a-e5ff3074f547,dd102ab7-56d3-4d73-ae35-646383c140e3,3578,1785908574289534709,1785908574459659709,170,true,0.508028,0.609315
fa90bd61-4b84-49c3-af1a-e5ff3074f547,dd102ab7-56d3-4d73-ae35-646383c140e3,3579,1785908574494659709,1785908574624784709,130,true,0.518783,0.424085
fa90bd61-4b84-49c3-af1a-e5ff3074f547,dd102ab7-56d3-4d73-ae35-646383c140e3,3580,1785908574790034709,1785908574935159709,145,true,0.539334,0.403453
fa90bd61-4b84-49c3-af1a-e5ff3074f547,dd102ab7-56d3-4d73-ae35-646383c140e3,3581,1785908574975166709,1785908577122166709,2147,true,0.373016,0.619207
fa90bd61-4b84-49c3-af1a-e5ff3074f547,dd102ab7-56d3-4d73-ae35-646383c140e3,3582,1785908577287283709,1785908577877908709,590,true,0.37543,0.628022
fa90bd61-4b84-49c3-af1a-e5ff3074f547,dd102ab7-56d3-4d73-ae35-646383c140e3,3583,1785908577907907709,1785908578108032709,200,true,0.49166,0.611766
fa90bd61-4b84-49c3-af1a-e5ff3074f547,dd102ab7-56d3-4d73-ae35-646383c140e3,3584,1785908578143167709,1785908578303282709,160,true,0.513895,0.405144
fa90bd61-4b84-49c3-af1a-e5ff3074f547,dd102ab7-56d3-4d73-ae35-646383c140e3,3585,1785908578338282709,1785908578523542709,185,true,0.376652,0.584726
fa90bd61-4b84-49c3-af1a-e5ff3074f547,dd102ab7-56d3-4d73-ae35-646383c140e3,3586,1785908578563532709,1785908578898782709,335,true,0.57936,0.562794
fa90bd61-4b84-49c3-af1a-e5ff3074f547,dd102ab7-56d3-4d73-ae35-646383c140e3,3587,1785908578918907709,1785908579069036709,150,true,0.583273,0.495685
fa90bd61-4b84-49c3-af1a-e5ff3074f547,dd102ab7-56d3-4d73-ae35-646383c140e3,3588,1785908579104045709,1785908579244157709,140,true,0.601591,0.339405
fa90bd61-4b84-49c3-af1a-e5ff3074f547,dd102ab7-56d3-4d73-ae35-646383c140e3,3589,1785908579379282709,1785908579644536709,265,true,0.615774,0.321322
fa90bd61-4b84-49c3-af1a-e5ff3074f547,dd102ab7-56d3-4d73-ae35-646383c140e3,3590,1785908579679546709,1785908579854782709,175,true,0.594458,0.580534
fa90bd61-4b84-49c3-af1a-e5ff3074f547,dd102ab7-56d3-4d73-ae35-646383c140e3,3591,1785908579889782709,1785908580345156709,455,true,0.506145,0.670403
fa90bd61-4b84-49c3-af1a-e5ff3074f547,dd102ab7-56d3-4d73-ae35-646383c140e3,3592,1785908580355160709,1785908580540416709,185,true,0.521481,0.724601
fa90bd61-4b84-49c3-af1a-e5ff3074f547,dd102ab7-56d3-4d73-ae35-646383c140e3,3593,1785908580565406709,1785908580895656709,330,true,0.480975,0.68924
fa90bd61-4b84-49c3-af1a-e5ff3074f547,dd102ab7-56d3-4d73-ae35-646383c140e3,3594,1785908580915656709,1785908581366156709,450,true,0.535863,0.686347
fa90bd61-4b84-49c3-af1a-e5ff3074f547,dd102ab7-56d3-4d73-ae35-646383c140e3,3595,1785908581391156709,1785908582141905709,750,true,0.582447,0.550345
fa90bd61-4b84-49c3-af1a-e5ff3074f547,dd102ab7-56d3-4d73-ae35-646383c140e3,3596,1785908582292030709,1785908582517280709,225,true,0.395865,0.213106
fa90bd61-4b84-49c3-af1a-e5ff3074f547,dd102ab7-56d3-4d73-ae35-646383c140e3,3597,1785908582562280709,1785908582877537709,315,true,0.547414,0.006965
fa90bd61-4b84-49c3-af1a-e5ff3074f547,dd102ab7-56d3-4d73-ae35-646383c140e3,3598,1785908582932655709,1785908583202905709,270,true,0.528555,0.375045
fa90bd61-4b84-49c3-af1a-e5ff3074f547,dd102ab7-56d3-4d73-ae35-646383c140e3,3599,1785908583242905709,1785908583378030709,135,true,0.518815,0.23448
fa90bd61-4b84-49c3-af1a-e5ff3074f547,dd102ab7-56d3-4d73-ae35-646383c140e3,3600,1785908583408030709,1785908583698280709,290,true,0.506287,0.121157
fa90bd61-4b84-49c3-af1a-e5ff3074f547,dd102ab7-56d3-4d73-ae35-646383c140e3,3601,1785908583763405709,1785908584028655709,265,true,0.517151,0.379942
fa90bd61-4b84-49c3-af1a-e5ff3074f547,dd102ab7-56d3-4d73-ae35-646383c140e3,3602,1785908584193780709,1785908585134654709,940,true,0.510224,0.441431
fa90bd61-4b84-49c3-af1a-e5ff3074f547,dd102ab7-56d3-4d73-ae35-646383c140e3,3603,1785908585174654709,1785908585334904709,160,true,0.406392,0.5421
fa90bd61-4b84-49c3-af1a-e5ff3074f547,dd102ab7-56d3-4d73-ae35-646383c140e3,3604,1785908585369904709,1785908585735285709,365,true,0.52472,0.403123
fa90bd61-4b84-49c3-af1a-e5ff3074f547,dd102ab7-56d3-4d73-ae35-646383c140e3,3605,1785908585875404709,1785908586355778709,480,true,0.423731,0.514338
fa90bd61-4b84-49c3-af1a-e5ff3074f547,dd102ab7-56d3-4d73-ae35-646383c140e3,3606,1785908586390903709,1785908586571033709,180,true,0.5103,0.413817
fa90bd61-4b84-49c3-af1a-e5ff3074f547,dd102ab7-56d3-4d73-ae35-646383c140e3,3607,1785908586611028709,1785908587066528709,455,true,0.393134,0.590246
fa90bd61-4b84-49c3-af1a-e5ff3074f547,dd102ab7-56d3-4d73-ae35-646383c140e3,3608,1785908587101528709,1785908587386778709,285,true,0.473944,0.627704
fa90bd61-4b84-49c3-af1a-e5ff3074f547,dd102ab7-56d3-4d73-ae35-646383c140e3,3609,1785908587426778709,1785908587612037709,185,true,0.641762,0.664497
fa90bd61-4b84-49c3-af1a-e5ff3074f547,dd102ab7-56d3-4d73-ae35-646383c140e3,3610,1785908587662028709,1785908587932291709,270,true,0.385251,0.592399
fa90bd61-4b84-49c3-af1a-e5ff3074f547,dd102ab7-56d3-4d73-ae35-646383c140e3,3611,1785908587977278709,1785908588207528709,230,true,0.645492,0.662294
fa90bd61-4b84-49c3-af1a-e5ff3074f547,dd102ab7-56d3-4d73-ae35-646383c140e3,3612,1785908588387777709,1785908588467781709,80,true,0.502094,0.812806
fa90bd61-4b84-49c3-af1a-e5ff3074f547,dd102ab7-56d3-4d73-ae35-646383c140e3,3613,1785908588502777709,1785908588848152709,345,true,0.651691,0.643063
fa90bd61-4b84-49c3-af1a-e5ff3074f547,dd102ab7-56d3-4d73-ae35-646383c140e3,3614,1785908588898152709,1785908589113402709,215,true,0.370488,0.597104
fa90bd61-4b84-49c3-af1a-e5ff3074f547,dd102ab7-56d3-4d73-ae35-646383c140e3,3615,1785908589153411709,1785908589924152709,770,true,0.516001,0.424997
fa90bd61-4b84-49c3-af1a-e5ff3074f547,dd102ab7-56d3-4d73-ae35-646383c140e3,3616,1785908589979152709,1785908590309526709,330,true,0.506789,0.817515
fa90bd61-4b84-49c3-af1a-e5ff3074f547,dd102ab7-56d3-4d73-ae35-646383c140e3,3617,1785908590349527709,1785908590479652709,130,true,0.371288,0.606496
fa90bd61-4b84-49c3-af1a-e5ff3074f547,dd102ab7-56d3-4d73-ae35-646383c140e3,3618,1785908590624776709,1785908591025151709,400,true,0.47913,0.683556
fa90bd61-4b84-49c3-af1a-e5ff3074f547,dd102ab7-56d3-4d73-ae35-646383c140e3,3619,1785908591060276709,1785908591265411709,205,true,0.505596,0.801525
fa90bd61-4b84-49c3-af1a-e5ff3074f547,dd102ab7-56d3-4d73-ae35-646383c140e3,3620,1785908591305401709,1785908591871026709,565,true,0.529846,0.404624
fa90bd61-4b84-49c3-af1a-e5ff3074f547,dd102ab7-56d3-4d73-ae35-646383c140e3,3621,1785908591916040709,1785908592561650709,645,true,0.51417,0.819446
fa90bd61-4b84-49c3-af1a-e5ff3074f547,dd102ab7-56d3-4d73-ae35-646383c140e3,3622,1785908592596654709,1785908592796901709,200,true,0.507479,0.457613
fa90bd61-4b84-49c3-af1a-e5ff3074f547,dd102ab7-56d3-4d73-ae35-646383c140e3,3623,1785908592836900709,1785908593217276709,380,true,0.65939,0.683739
fa90bd61-4b84-49c3-af1a-e5ff3074f547,dd102ab7-56d3-4d73-ae35-646383c140e3,3624,1785908593252275709,1785908593472525709,220,true,0.511587,0.656622
fa90bd61-4b84-49c3-af1a-e5ff3074f547,dd102ab7-56d3-4d73-ae35-646383c140e3,3625,1785908593507525709,1785908593687650709,180,true,0.508794,0.811601
fa90bd61-4b84-49c3-af1a-e5ff3074f547,dd102ab7-56d3-4d73-ae35-646383c140e3,3626,1785908593817775709,1785908593967900709,150,true,0.509076,0.858511
fa90bd61-4b84-49c3-af1a-e5ff3074f547,dd102ab7-56d3-4d73-ae35-646383c140e3,3627,1785908594008025709,1785908594258275709,250,true,0.665899,0.666206
fa90bd61-4b84-49c3-af1a-e5ff3074f547,dd102ab7-56d3-4d73-ae35-646383c140e3,3628,1785908594293275709,1785908594418400709,125,true,0.528323,0.815488
fa90bd61-4b84-49c3-af1a-e5ff3074f547,dd102ab7-56d3-4d73-ae35-646383c140e3,3629,1785908594463403709,1785908594933899709,470,true,0.36557,0.603168
fa90bd61-4b84-49c3-af1a-e5ff3074f547,dd102ab7-56d3-4d73-ae35-646383c140e3,3630,1785908594973899709,1785908595134024709,160,true,0.469612,0.659202
fa90bd61-4b84-49c3-af1a-e5ff3074f547,dd102ab7-56d3-4d73-ae35-646383c140e3,3631,1785908595309149709,1785908595744655709,435,true,0.381428,0.636994
fa90bd61-4b84-49c3-af1a-e5ff3074f547,dd102ab7-56d3-4d73-ae35-646383c140e3,3632,1785908595784653709,1785908595984899709,200,true,0.496568,0.813336
fa90bd61-4b84-49c3-af1a-e5ff3074f547,dd102ab7-56d3-4d73-ae35-646383c140e3,3633,1785908596024899709,1785908596565398709,540,true,0.669235,0.674374
fa90bd61-4b84-49c3-af1a-e5ff3074f547,dd102ab7-56d3-4d73-ae35-646383c140e3,3634,1785908596605398709,1785908596825648709,220,true,0.524282,0.421838
fa90bd61-4b84-49c3-af1a-e5ff3074f547,dd102ab7-56d3-4d73-ae35-646383c140e3,3635,1785908596865655709,1785908596990773709,125,true,0.598634,0.514418
fa90bd61-4b84-49c3-af1a-e5ff3074f547,dd102ab7-56d3-4d73-ae35-646383c140e3,3636,1785908597025773709,1785908597421148709,395,true,0.671557,0.65143
fa90bd61-4b84-49c3-af1a-e5ff3074f547,dd102ab7-56d3-4d73-ae35-646383c140e3,3637,1785908597456273709,1785908597891648709,435,true,0.52308,0.425982
fa90bd61-4b84-49c3-af1a-e5ff3074f547,dd102ab7-56d3-4d73-ae35-646383c140e3,3638,1785908598021775709,1785908598597273709,575,true,0.520566,0.417393
fa90bd61-4b84-49c3-af1a-e5ff3074f547,dd102ab7-56d3-4d73-ae35-646383c140e3,3639,1785908598647398709,1785908599202897709,555,true,0.51991,0.819341
fa90bd61-4b84-49c3-af1a-e5ff3074f547,dd102ab7-56d3-4d73-ae35-646383c140e3,3640,1785908599292897709,1785908599458147709,165,true,0.490524,0.178178
fa90bd61-4b84-49c3-af1a-e5ff3074f547,dd102ab7-56d3-4d73-ae35-646383c140e3,3641,1785908599513147709,1785908599763397709,250,true,0.390437,0.622949
fa90bd61-4b84-49c3-af1a-e5ff3074f547,dd102ab7-56d3-4d73-ae35-646383c140e3,3642,1785908599813397709,1785908600434022709,620,true,0.630403,0.678804
fa90bd61-4b84-49c3-af1a-e5ff3074f547,dd102ab7-56d3-4d73-ae35-646383c140e3,3643,1785908600474022709,1785908601104646709,630,true,0.454538,0.604473
fa90bd61-4b84-49c3-af1a-e5ff3074f547,dd102ab7-56d3-4d73-ae35-646383c140e3,3644,1785908601144646709,1785908601439896709,295,true,0.36215,0.690061
fa90bd61-4b84-49c3-af1a-e5ff3074f547,dd102ab7-56d3-4d73-ae35-646383c140e3,3645,1785908601495021709,1785908601665146709,170,true,0.519023,0.136685
fa90bd61-4b84-49c3-af1a-e5ff3074f547,dd102ab7-56d3-4d73-ae35-646383c140e3,3646,1785908601810271709,1785908602220650709,410,true,0.359826,0.631703
fa90bd61-4b84-49c3-af1a-e5ff3074f547,dd102ab7-56d3-4d73-ae35-646383c140e3,3647,1785908602275771709,1785908602470896709,195,true,0.650689,0.662541
fa90bd61-4b84-49c3-af1a-e5ff3074f547,dd102ab7-56d3-4d73-ae35-646383c140e3,3648,1785908602516021709,1785908603001395709,485,true,0.674385,0.338832
fa90bd61-4b84-49c3-af1a-e5ff3074f547,dd102ab7-56d3-4d73-ae35-646383c140e3,3649,1785908603031395709,1785908603176645709,145,true,0.660535,0.424474
fa90bd61-4b84-49c3-af1a-e5ff3074f547,dd102ab7-56d3-4d73-ae35-646383c140e3,3650,1785908603201650709,1785908603446895709,245,true,0.593117,0.472279
fa90bd61-4b84-49c3-af1a-e5ff3074f547,dd102ab7-56d3-4d73-ae35-646383c140e3,3651,1785908603476895709,1785908603577020709,100,true,0.590906,0.609634
fa90bd61-4b84-49c3-af1a-e5ff3074f547,dd102ab7-56d3-4d73-ae35-646383c140e3,3652,1785908603707150709,1785908603987395709,280,true,0.516864,0.694999
fa90bd61-4b84-49c3-af1a-e5ff3074f547,dd102ab7-56d3-4d73-ae35-646383c140e3,3653,1785908604022395709,1785908604262645709,240,true,0.59336,0.65543
fa90bd61-4b84-49c3-af1a-e5ff3074f547,dd102ab7-56d3-4d73-ae35-646383c140e3,3654,1785908604307645709,1785908604863145709,555,true,0.627196,0.350635
fa90bd61-4b84-49c3-af1a-e5ff3074f547,dd102ab7-56d3-4d73-ae35-646383c140e3,3655,1785908604893145709,1785908605168394709,275,true,0.65929,0.361683
fa90bd61-4b84-49c3-af1a-e5ff3074f547,dd102ab7-56d3-4d73-ae35-646383c140e3,3656,1785908605193519709,1785908605573894709,380,true,0.586185,0.366991
fa90bd61-4b84-49c3-af1a-e5ff3074f547,dd102ab7-56d3-4d73-ae35-646383c140e3,3657,1785908605608894709,1785908605949149709,340,true,0.444163,0.405364
fa90bd61-4b84-49c3-af1a-e5ff3074f547,dd102ab7-56d3-4d73-ae35-646383c140e3,3658,1785908605979276709,1785908606669894709,690,true,0.451347,0.533506
fa90bd61-4b84-49c3-af1a-e5ff3074f547,dd102ab7-56d3-4d73-ae35-646383c140e3,3659,1785908606905144709,1785908607045283709,140,true,0.444451,0.485227
fa90bd61-4b84-49c3-af1a-e5ff3074f547,dd102ab7-56d3-4d73-ae35-646383c140e3,3660,1785908607095277709,1785908607540650709,445,true,0.595053,0.250093
fa90bd61-4b84-49c3-af1a-e5ff3074f547,dd102ab7-56d3-4d73-ae35-646383c140e3,3661,1785908607580779709,1785908607725893709,145,true,0.49592,0.347867
fa90bd61-4b84-49c3-af1a-e5ff3074f547,dd102ab7-56d3-4d73-ae35-646383c140e3,3662,1785908607755893709,1785908608271393709,515,true,0.516707,0.146845
fa90bd61-4b84-49c3-af1a-e5ff3074f547,dd102ab7-56d3-4d73-ae35-646383c140e3,3663,1785908608351393709,1785908608701768709,350,true,0.535355,0.639003
fa90bd61-4b84-49c3-af1a-e5ff3074f547,dd102ab7-56d3-4d73-ae35-646383c140e3,3664,1785908608736768709,1785908608922018709,185,true,0.664652,0.696481
fa90bd61-4b84-49c3-af1a-e5ff3074f547,dd102ab7-56d3-4d73-ae35-646383c140e3,3665,1785908608962018709,1785908609192267709,230,true,0.538808,0.791552
fa90bd61-4b84-49c3-af1a-e5ff3074f547,dd102ab7-56d3-4d73-ae35-646383c140e3,3666,1785908609222267709,1785908609372400709,150,true,0.656851,0.704567
fa90bd61-4b84-49c3-af1a-e5ff3074f547,dd102ab7-56d3-4d73-ae35-646383c140e3,3667,1785908609407392709,1785908609988021709,580,true,0.525196,0.456042
fa90bd61-4b84-49c3-af1a-e5ff3074f547,dd102ab7-56d3-4d73-ae35-646383c140e3,3668,1785908610108142709,1785908610433392709,325,true,0.532905,0.476309
fa90bd61-4b84-49c3-af1a-e5ff3074f547,dd102ab7-56d3-4d73-ae35-646383c140e3,3669,1785908610478392709,1785908610878767709,400,true,0.670947,0.664284
fa90bd61-4b84-49c3-af1a-e5ff3074f547,dd102ab7-56d3-4d73-ae35-646383c140e3,3670,1785908610938892709,1785908611169022709,230,true,0.5324,0.167651
fa90bd61-4b84-49c3-af1a-e5ff3074f547,dd102ab7-56d3-4d73-ae35-646383c140e3,3671,1785908611224141709,1785908611599516709,375,true,0.664203,0.691038
