pair_id,char1,char2,sc_cooking,sc_repairing,sc_tennis
1,A,B,4.0,4.0,4.0
2,A,C,4.199999999999999,7.0,5.6
3,A,D,2.4000000000000004,3.2,4.0
4,B,C,4.0,4.0,1.6
5,B,D,7.0,5.6,4.199999999999999
6,C,D,4.0,5.0,3.0
