pair_id,char1,char2,sc_cooking,sc_repairing
1,A,B,5.0,5.0
2,A,C,5.6,8.399999999999999
3,A,D,2.4000000000000004,5.6000000000000005
4,B,C,5.6000000000000005,2.4000000000000004
5,B,D,8.399999999999999,5.6
6,C,D,5.0,5.0
